date,ticker,target,logistic_l2,random_forest,gradient_boosting,mlp,ensemble,fold
2024-10-17,AAPL,1,0.5008729213962062,0.5145782576847595,0.48669207738458464,0.6571151501075685,0.5398146016432797,1
2024-10-17,CAT,0,0.5942679137138641,0.5633503631471768,0.5529070552298172,0.3540822719552827,0.5161519010115352,1
2024-10-17,DIS,1,0.5021610411294193,0.5403618934091523,0.558597066692569,0.4525518074572258,0.5134179521720916,1
2024-10-17,GE,0,0.5472656214224845,0.5390726935093634,0.45571901259811,0.7079786553815901,0.5625089957278869,1
2024-10-17,GS,1,0.5429484019452443,0.5883561091516779,0.5375871205037206,0.5128464155030587,0.5454345117759254,1
2024-10-17,IBM,0,0.4806211572117989,0.4908402449766604,0.5214594237922232,0.41395409176801723,0.47671872943717497,1
2024-10-17,JPM,1,0.5294946395911595,0.6046317641743528,0.5947772607598417,0.5927356499318878,0.5804098286143105,1
2024-10-17,KO,0,0.3945674804014853,0.3026790360107571,0.23191855801422018,0.15061425914083285,0.26994483339182385,1
2024-10-17,MSFT,1,0.4617790864361907,0.5482310630495734,0.5928686082511028,0.3548647378186187,0.4894358738888714,1
2024-10-17,UNH,1,0.3945879475763137,0.44907353121680504,0.48072490621118885,0.314966697891341,0.40983827072391216,1
2024-10-17,WMT,0,0.45059352847960044,0.4273155875210968,0.44029610108519696,0.29946343513211854,0.4044171630545032,1
2024-10-17,XOM,0,0.5158979414792386,0.5187136917025293,0.4840474841409341,0.2631349380853699,0.445448513852018,1
2024-10-18,AAPL,1,0.4639773201319233,0.476919698734974,0.4344210052649687,0.5360873126589524,0.47785133419770454,1
2024-10-18,CAT,0,0.5311726918975811,0.5140098265913279,0.5562487626678011,0.22049418367679452,0.4554813662083762,1
2024-10-18,DIS,1,0.5105999315721317,0.5050560387469278,0.4733594574408725,0.4355803589108664,0.48114894666769964,1
2024-10-18,GE,0,0.544283832141365,0.5172235854712823,0.44747752003796293,0.7792378349273833,0.5720556931444984,1
2024-10-18,GS,1,0.5329735742423833,0.5538159614297646,0.5405791489790785,0.753265415246548,0.5951585249744437,1
2024-10-18,IBM,0,0.487914798300117,0.49082961250046375,0.5214594237922232,0.33523181695105675,0.45885891288596514,1
2024-10-18,JPM,1,0.5377782112602867,0.5683244648685648,0.5609237890788918,0.6364573157758764,0.575870945245905,1
2024-10-18,KO,0,0.39864354165156685,0.33166974573558106,0.23191855801422018,0.1674222028939728,0.28241351207383525,1
2024-10-18,MSFT,0,0.44446308852828703,0.5336532461713153,0.5835888298504438,0.21279067299838145,0.44362395938710686,1
2024-10-18,UNH,1,0.42021334610239813,0.4661741414678965,0.48072490621118885,0.22809355862101127,0.3988014881006237,1
2024-10-18,WMT,1,0.45341106344984344,0.4230616964863573,0.4321120895334915,0.2706031608990194,0.3947970025921779,1
2024-10-18,XOM,0,0.5007144843463307,0.49282484468929966,0.4621666285354858,0.22170448839232124,0.41935261149085934,1
2024-10-21,AAPL,0,0.47218385741331387,0.48443811461664515,0.4616067914149461,0.5858461741866549,0.50101873440789,1
2024-10-21,CAT,1,0.5411467813733049,0.5234230941535671,0.5620048228816291,0.51221414808097,0.5346972116223677,1
2024-10-21,DIS,1,0.5127087407663211,0.5058538869929624,0.4757137775575598,0.6547310271596324,0.5372518581191189,1
2024-10-21,GE,0,0.5267378689217693,0.5020175540298017,0.4221545608689686,0.4979150503525086,0.48720625854326205,1
2024-10-21,GS,1,0.5469496637136322,0.5376223572579235,0.5064505039737714,0.7260065073184705,0.5792572580659494,1
2024-10-21,IBM,0,0.5027407403546944,0.49375659109762565,0.4891721431092628,0.23667768446357862,0.4305867897562904,1
2024-10-21,JPM,1,0.5395542778281616,0.562422322157065,0.567587125296814,0.7346285404538673,0.6010480664339769,1
2024-10-21,KO,0,0.4016646598732561,0.38488485800462136,0.30515391686670723,0.1420633427949662,0.3084416943848877,1
2024-10-21,MSFT,0,0.4446755733632643,0.5438550230826997,0.5419315799165826,0.1043665399053903,0.4087071790669843,1
2024-10-21,UNH,1,0.43490019593080637,0.5025154570204331,0.5347876773480043,0.12316248199262925,0.39884145307296826,1
2024-10-21,WMT,1,0.45288390968310727,0.4381449920107373,0.44029610108519696,0.2695265876410492,0.40021289760502265,1
2024-10-21,XOM,0,0.5146272981514814,0.5140367171818389,0.4905520258575918,0.1803022615553613,0.42487957568656837,1
2024-10-22,AAPL,0,0.4744265191483241,0.46281508391702736,0.44933597593205676,0.5711778516752855,0.4894388576681734,1
2024-10-22,CAT,0,0.5444554186270818,0.5510147420904828,0.5831475198913937,0.5372307922152152,0.5539621182060435,1
2024-10-22,DIS,1,0.5252655019332504,0.5136387534481072,0.490790681823195,0.6812966715222589,0.5527479021817029,1
2024-10-22,GE,1,0.4113620546062281,0.48855454196196557,0.441740137151068,0.4289718580623314,0.4426571479453983,1
2024-10-22,GS,1,0.5542929897606491,0.5421579145990093,0.5088103962760648,0.7724663034881181,0.5944319010309603,1
2024-10-22,IBM,0,0.48643047464347366,0.47653772193901256,0.45833044179344706,0.36271248764820097,0.44600278150603356,1
2024-10-22,JPM,0,0.5257661196217892,0.5421341451314555,0.5421363979303594,0.4543549724302441,0.5160979087784621,1
2024-10-22,KO,0,0.38772157400936,0.4125235211686217,0.47433074693774036,0.3400994779874338,0.40366883002578896,1
2024-10-22,MSFT,0,0.4198180225040759,0.4350127128655032,0.4356198245505985,0.6212356727182904,0.477921558159617,1
2024-10-22,UNH,1,0.4105241717499659,0.5053747139716308,0.5043963296460385,0.86887249398519,0.5722919273382063,1
2024-10-22,WMT,1,0.44118217059136966,0.42432150445031774,0.4321120895334915,0.1785396793537979,0.3690388609822442,1
2024-10-22,XOM,1,0.49603123112148584,0.5036622915115481,0.48421402499373145,0.602495031432963,0.5216006447649321,1
2024-10-23,AAPL,0,0.46646476284130983,0.44747267417585085,0.4519248434588687,0.5827853724958385,0.487161913242967,1
2024-10-23,CAT,0,0.5188084109333446,0.5979622068353321,0.5878426014492042,0.7262926500059835,0.6077264673059661,1
2024-10-23,DIS,1,0.5321758250838384,0.5208004142792249,0.4971317960282708,0.46413457693450294,0.5035606530814593,1
2024-10-23,GE,1,0.45433686312417065,0.5117954404050942,0.5731151656015079,0.1635389574959444,0.4256966066566793,1
2024-10-23,GS,1,0.5656403337447146,0.5563957511931359,0.5155815996765757,0.8398160346129409,0.6193584298068417,1
2024-10-23,IBM,0,0.4492128809576321,0.453094255161694,0.44186666889742865,0.3301448535816571,0.41857966464960294,1
2024-10-23,JPM,0,0.5433497782633889,0.556045720484126,0.5774084189585803,0.6910873129091007,0.591972807653799,1
2024-10-23,KO,0,0.3967919660358561,0.40486083290356445,0.47996915717219546,0.28418089198662,0.391450712024559,1
2024-10-23,MSFT,0,0.4382955553263474,0.45736308946421317,0.44834859804462157,0.36369619305629225,0.4269258589728686,1
2024-10-23,UNH,1,0.4164879784650193,0.5091100630467711,0.4616901658498821,0.6030072350871618,0.4975738606122086,1
2024-10-23,WMT,1,0.43484480126000624,0.4241165238783175,0.42273586997749973,0.24258062412672163,0.38106945481063625,1
2024-10-23,XOM,1,0.49877190715534486,0.5173243625998124,0.4905520258575918,0.5065975989128861,0.5033114736314088,1
2024-10-24,AAPL,0,0.47989617456002,0.479935561942336,0.47746679512058865,0.46975919586898823,0.4767644318729832,1
2024-10-24,CAT,1,0.5172626759266649,0.5257707325578178,0.4621829335069529,0.5946109034898123,0.5249568113703119,1
2024-10-24,DIS,1,0.5304613686896986,0.515510956851801,0.4971317960282708,0.46127467786307425,0.5010946998582112,1
2024-10-24,GE,0,0.4929177906774458,0.5312540481785637,0.5943754756649514,0.7395428040993095,0.5895225296550676,1
2024-10-24,GS,1,0.5586271495461895,0.5435348783539706,0.5313641285996533,0.5962541538902952,0.5574450775975273,1
2024-10-24,IBM,1,0.4381919456455258,0.5016515131957636,0.4794475909270819,0.4510523830908305,0.4675858582148005,1
2024-10-24,JPM,1,0.5466922148192984,0.5721460828657551,0.567587125296814,0.710450782811588,0.599219051448364,1
2024-10-24,KO,0,0.41391890049932806,0.4091008585338324,0.4617698871624519,0.4280838064068029,0.4282183631506038,1
2024-10-24,MSFT,0,0.4451371026701035,0.5035224988786128,0.4821665543243814,0.4122589684607031,0.4607712810834502,1
2024-10-24,UNH,1,0.411913567154579,0.5161159740924319,0.5107369164982348,0.6098334910828398,0.5121499872070214,1
2024-10-24,WMT,0,0.43351229293560173,0.4645044624884756,0.4749103688499238,0.2273374093296656,0.4000661334009167,1
2024-10-24,XOM,0,0.4967330853465849,0.5106757253668484,0.4888799630942693,0.4537116267360078,0.48750010013592754,1
2024-10-25,AAPL,0,0.47883666383555656,0.46297676312864544,0.4679173295327649,0.35689432188564524,0.4416562695956531,1
2024-10-25,CAT,1,0.4975198391173085,0.556409906085291,0.4621829335069529,0.5296869110726603,0.5114498974455532,1
2024-10-25,DIS,0,0.5204602647694733,0.5117390469072622,0.4888139805949723,0.2870475315112391,0.4520152059457367,1
2024-10-25,GE,1,0.5106316711434187,0.5287207267086129,0.5632143381771909,0.8768349971939926,0.6198504333058037,1
2024-10-25,GS,1,0.5577188838665134,0.5437933289529057,0.5253219249690053,0.6824760015368141,0.5773275348313096,1
2024-10-25,IBM,0,0.4672953120928318,0.48546936884702285,0.4329499825775425,0.12906204141615588,0.37869417623338825,1
2024-10-25,JPM,1,0.5478352475839418,0.5640389695498026,0.5774084189585803,0.5402646464916762,0.5573868206460002,1
2024-10-25,KO,0,0.4357149625772703,0.39401464893905613,0.38700091423553873,0.3128047045417224,0.3823838075733969,1
2024-10-25,MSFT,1,0.4387483584282828,0.48345868505288553,0.464321744875571,0.3189974838300668,0.4263815680467015,1
2024-10-25,UNH,1,0.41615721465047134,0.5120026416057242,0.5017495701943585,0.6410032203159245,0.5177281616916196,1
2024-10-25,WMT,0,0.45248738979389497,0.46940263010713235,0.4859425735041338,0.22508183744403232,0.4082286077122984,1
2024-10-25,XOM,0,0.49372889127503283,0.4708193419757811,0.4624021595449079,0.5802170882527942,0.501791870262129,1
2024-10-28,AAPL,0,0.484740769938678,0.47541499539488286,0.4679173295327649,0.35050815426929666,0.44464531228390564,1
2024-10-28,CAT,1,0.47074389671519645,0.5272341292971272,0.43668550555755,0.44738013098484447,0.4705109156386795,1
2024-10-28,DIS,0,0.5066705098538745,0.5123292557159133,0.4820444999357153,0.4031990570176854,0.4760608306307971,1
2024-10-28,GE,1,0.500317502854256,0.4855714719787073,0.5155444058288949,0.3578417562489832,0.4648187842277104,1
2024-10-28,GS,1,0.5489081527908658,0.5309531264088333,0.5485449206355257,0.7913623667715187,0.6049421416516859,1
2024-10-28,IBM,0,0.5064725994827312,0.5115744613146945,0.5128307460406596,0.06977614532816057,0.40016348804156143,1
2024-10-28,JPM,1,0.539603634738265,0.5659749263891664,0.5609237890788918,0.6251625755633097,0.5729162314424082,1
2024-10-28,KO,0,0.42425737762544774,0.3633131924039682,0.38165311700922866,0.05224569238730324,0.305367344856487,1
2024-10-28,MSFT,0,0.4492887653005838,0.4967022525684583,0.473863181328903,0.40763403680613924,0.45687205900102107,1
2024-10-28,UNH,1,0.41661371178664286,0.4921555175985839,0.5002118853914302,0.5858098257002339,0.49869773511922266,1
2024-10-28,WMT,0,0.45478019490867544,0.48690458206316134,0.4859425735041338,0.31190302591734864,0.43488259409832986,1
2024-10-28,XOM,1,0.4583056873333366,0.4928113289950666,0.47135145637551584,0.6132018785263403,0.5089175878075648,1
2024-10-29,AAPL,0,0.462030059430392,0.4860087863283721,0.4679173295327649,0.5122417068610171,0.4820494705381365,1
2024-10-29,CAT,1,0.4853529381129113,0.5423600430890052,0.4953577158655511,0.3587040655726099,0.4704436906600194,1
2024-10-29,DIS,1,0.5071288676726031,0.5230947391806955,0.5160689037192587,0.37273364190855934,0.4797565381202792,1
2024-10-29,GE,1,0.4583210963295432,0.4756250008781816,0.5105220921326713,0.18088225705319808,0.40633761159839854,1
2024-10-29,GS,1,0.55268832446305,0.5119709811669517,0.4723290496355574,0.7767064567271444,0.5784237029981759,1
2024-10-29,IBM,0,0.5072825983937784,0.5108745354979781,0.4892574158624277,0.13779419861399853,0.4113021870920457,1
2024-10-29,JPM,1,0.5417157885133332,0.5743243806388385,0.6000447352397661,0.5405451840972005,0.5641575221222845,1
2024-10-29,KO,0,0.4223864369038559,0.4606325537791972,0.5405698610085441,0.10874683870100664,0.383083922598151,1
2024-10-29,MSFT,0,0.4493118726117073,0.4660688672931815,0.4520393537321651,0.33348526630217845,0.4252263399848081,1
2024-10-29,UNH,1,0.403424499375616,0.5009678260581842,0.5266712019936591,0.6023788243802274,0.5083605879519217,1
2024-10-29,WMT,0,0.44912324568805895,0.4868221597236199,0.4922816054081513,0.48534142363035837,0.47839210861254716,1
2024-10-29,XOM,0,0.4439465314320369,0.44124847047946825,0.430051688426726,0.48067559789119624,0.44898057205735686,1
2024-10-30,AAPL,0,0.45759501381978174,0.47498733838551843,0.455620723889103,0.5270514548729976,0.4788136327418502,1
2024-10-30,CAT,1,0.4427879740587873,0.5285803114019351,0.5238181057342787,0.30220327872423447,0.4493474174798089,1
2024-10-30,DIS,1,0.501159140222739,0.5237482306459327,0.540097604366658,0.44284465873224776,0.5019624084918943,1
2024-10-30,GE,1,0.48959437325321,0.5215485403180736,0.527706345164295,0.23730429018170482,0.4440383872293209,1
2024-10-30,GS,1,0.5532233235806674,0.5144177640919462,0.481298466482223,0.6966865745986498,0.5614065321883717,1
2024-10-30,IBM,0,0.5072370132792812,0.4988992588782259,0.4470401843975965,0.4353039792691726,0.47212010895606904,1
2024-10-30,JPM,1,0.5433812157995026,0.5757765836806493,0.5882289474121759,0.5591441562736963,0.566632725791506,1
2024-10-30,KO,0,0.4285477471691991,0.45712637650580296,0.5285145276672988,0.053580494881234286,0.3669422865558838,1
2024-10-30,MSFT,0,0.42456181119999337,0.4851203155973563,0.4671675157508675,0.6095098053032149,0.496589861962858,1
2024-10-30,UNH,1,0.4026898961969809,0.49440092831400906,0.5177001527476597,0.6737521037424705,0.52213577025028,1
2024-10-30,WMT,0,0.4525424954686824,0.504524224131997,0.5476111317269879,0.6333862211390614,0.5345160181166823,1
2024-10-30,XOM,0,0.4251831765488574,0.5348225363784389,0.5040389622511874,0.6617245974480415,0.5314423181566312,1
2024-10-31,AAPL,1,0.4622303226761077,0.4812325567504111,0.4958865445427873,0.4401983440762856,0.4698869420113979,1
2024-10-31,CAT,0,0.46789887161093424,0.49354526715284475,0.5366733975195949,0.052616620658308896,0.3876835392354207,1
2024-10-31,DIS,1,0.4834675677789163,0.49146468948043653,0.5157118234525395,0.5120569369592375,0.5006752544177825,1
2024-10-31,GE,1,0.4653855538546684,0.47599362012682234,0.49321643853305586,0.08088152044204247,0.37886928323914726,1
2024-10-31,GS,0,0.5279940765383007,0.4856302469639527,0.45301513104353,0.3936967025359199,0.4650840392704258,1
2024-10-31,IBM,0,0.49207434663318533,0.4749819752753711,0.4629376489053565,0.5988562613651053,0.5072125580447545,1
2024-10-31,JPM,0,0.5322223569166109,0.5508294533212976,0.5684673058531254,0.4207223859405762,0.5180603755079025,1
2024-10-31,KO,0,0.4455404092726943,0.4410024803109325,0.4085525155209604,0.07284526623036744,0.3419851678337386,1
2024-10-31,MSFT,1,0.42618948211620455,0.4853059790404785,0.47405043755821985,0.3692604502205286,0.4387015872338579,1
2024-10-31,UNH,1,0.4058158665990816,0.5039815360719486,0.4649427724423483,0.6342490345574235,0.5022473024177005,1
2024-10-31,WMT,1,0.43434984537367305,0.4549493978214181,0.5104733984475733,0.5262326926894689,0.4815013335830333,1
2024-10-31,XOM,0,0.38837678730139497,0.4872006484450212,0.4565808125751596,0.5578723323101088,0.4725076451579211,1
2024-11-01,AAPL,1,0.44891025380706046,0.4405653473091305,0.4391753688697306,0.2908308204707505,0.404870447614168,1
2024-11-01,CAT,0,0.5024780991241102,0.5429078109379017,0.5210132812347379,0.4547299162803253,0.5052822768942687,1
2024-11-01,DIS,1,0.48921596458312544,0.5006491596820108,0.5157118234525395,0.5021155086344123,0.501923114088022,1
2024-11-01,GE,0,0.4997131498154672,0.4874607308504223,0.4706557274324533,0.13618623023333246,0.39850395958291884,1
2024-11-01,GS,1,0.5433275638801904,0.500864976979714,0.46323145702363316,0.676854771418838,0.5460696923255939,1
2024-11-01,IBM,0,0.49311402272245175,0.5433230820028598,0.48229635406911797,0.8421986609370491,0.5902330299328697,1
2024-11-01,JPM,1,0.5414240352199177,0.5723872613839134,0.5882289474121759,0.5091644598076701,0.5528011759559193,1
2024-11-01,KO,0,0.44709560997919656,0.432422066584099,0.43643414849927603,0.04986685964051369,0.3414546711757713,1
2024-11-01,MSFT,1,0.48116932708134297,0.481591060837857,0.4651497899455737,0.13240679183995616,0.3900792424261824,1
2024-11-01,UNH,0,0.3944146650778963,0.4863377728777164,0.5033737263971886,0.7413459679644308,0.531368033079308,1
2024-11-01,WMT,1,0.43854326879807903,0.4768506288085451,0.5520161612949067,0.3895690098914048,0.46424476719823393,1
2024-11-01,XOM,0,0.3895924777991916,0.452532672381981,0.35733251827498536,0.47961416757906133,0.4197679590088048,1
2024-11-04,AAPL,1,0.4663413989912788,0.4617985729248287,0.455620723889103,0.23658842537023045,0.4050872802938602,1
2024-11-04,CAT,0,0.4922857758981754,0.4481028051330879,0.4465960529151846,0.06633497357389287,0.36332990188008524,1
2024-11-04,DIS,1,0.4856668681558213,0.4929578578551637,0.5216397011815769,0.5769529343561155,0.5193043403871693,1
2024-11-04,GE,0,0.47885224749830596,0.48705436349755526,0.46830408022358144,0.12227324302440583,0.3891209835609621,1
2024-11-04,GS,1,0.5349310291704258,0.48595606663382424,0.46583265792670375,0.38805254205088463,0.4686930739454596,1
2024-11-04,IBM,0,0.4843887545063741,0.5629099245486039,0.49506852252278927,0.9387932880003703,0.6202901223945344,1
2024-11-04,JPM,1,0.516081792555513,0.5439271691462852,0.5648057729249883,0.23396311672769335,0.46469446283862004,1
2024-11-04,KO,0,0.4540748220062842,0.41767111700685755,0.42761155795226646,0.05891146097923063,0.3395672394861597,1
2024-11-04,MSFT,0,0.4883564824186345,0.50564363249771,0.47801061113903043,0.15787496067736387,0.40747142168318473,1
2024-11-04,UNH,0,0.39735511751098157,0.49427851031477693,0.4609950595786376,0.6072992053853479,0.489981973197436,1
2024-11-04,WMT,1,0.4392191353593848,0.4809786682683357,0.5431087568666992,0.4430732812059575,0.4765949604250943,1
2024-11-04,XOM,1,0.4167686056590042,0.42111221562965906,0.4329305787388848,0.7508360220822521,0.50541185552745,1
2024-11-05,AAPL,1,0.4849358065502986,0.4887029165425889,0.47746679512058865,0.10072673111728156,0.3879580623326894,1
2024-11-05,CAT,0,0.4919105185167478,0.5012675132383414,0.5210132812347379,0.3283464107116142,0.46063443092536027,1
2024-11-05,DIS,1,0.4988795542496171,0.46323611876192733,0.4855646380538608,0.4427000171866196,0.4725950820630062,1
2024-11-05,GE,0,0.4858501984703988,0.4651814953605265,0.4433508501554793,0.4310858319558932,0.45636709398557446,1
2024-11-05,GS,0,0.5381576275627317,0.48340327274345185,0.46100131714445197,0.5077743104507224,0.49758413197533946,1
2024-11-05,IBM,0,0.47611233301547456,0.5734023984366742,0.5015771905242342,0.92235355985251,0.6183613704572232,1
2024-11-05,JPM,1,0.5242558473059034,0.5608783603800833,0.5774084189585803,0.6427967850121298,0.5763348529141742,1
2024-11-05,KO,0,0.4578822698018776,0.4051452854730577,0.4357757399093996,0.04762450285985782,0.3366069495110482,1
2024-11-05,MSFT,1,0.5059490419721018,0.5216526173258809,0.48173231472250466,0.21927369616314205,0.4321519175459073,1
2024-11-05,UNH,0,0.4068087142315543,0.4926860612032383,0.4553917323888926,0.6794309898662988,0.508579374422496,1
2024-11-05,WMT,1,0.4513283719567003,0.4938489377432244,0.5368072229909187,0.3686360580434902,0.4626551476835834,1
2024-11-05,XOM,1,0.4244528556308236,0.41364574181881253,0.464818905492466,0.572258695772342,0.46879404967861105,1
2024-11-06,AAPL,1,0.42014872106971096,0.4419914714497472,0.44867173623613626,0.398274841752685,0.4272716926270699,1
2024-11-06,CAT,0,0.4776647710776068,0.4946738593595376,0.4736182572203784,0.24244095430306453,0.42209946049014685,1
2024-11-06,DIS,1,0.45489333088076683,0.4518172218993436,0.43293705915874936,0.6299578333351625,0.4924013613185056,1
2024-11-06,GE,0,0.43960309995445346,0.47748423508382487,0.531489507061699,0.5103956193075012,0.48974311535186965,1
2024-11-06,GS,0,0.5242877486858255,0.5123200586316021,0.4781793002735628,0.5732406819425303,0.5220069473833802,1
2024-11-06,IBM,1,0.4394407172874098,0.40456914639319635,0.4333945796266578,0.1200254335512608,0.3493574692146312,1
2024-11-06,JPM,1,0.5571355848661609,0.5257545115639262,0.5340762755053879,0.8759248403262113,0.6232228030654215,1
2024-11-06,KO,1,0.417595441600344,0.3837302401317106,0.29021067549674706,0.3142002886760178,0.3514341614762049,1
2024-11-06,MSFT,0,0.47659765319950376,0.4767622934889598,0.4651497899455737,0.14854225088499848,0.39176299687975896,1
2024-11-06,UNH,0,0.3899143400340758,0.4351743152631312,0.4670383922615865,0.2811671181345167,0.3933235414233276,1
2024-11-06,WMT,1,0.39879509054681384,0.43248650744055495,0.4874825371503267,0.3542500186658629,0.41825353845088964,1
2024-11-06,XOM,0,0.38226661528488876,0.4520227884817377,0.41815307646697597,0.9077793307329987,0.5400554527416503,1
2024-11-07,AAPL,1,0.4106940090061396,0.4606679011779981,0.45307984448291205,0.42460649138628853,0.4372620615133346,1
2024-11-07,CAT,0,0.49216943830441956,0.4782018752323512,0.45719820878323836,0.1794095065838882,0.40174475722597436,1
2024-11-07,DIS,1,0.4776792536083977,0.47129845122233044,0.44933597593205676,0.46079031596187997,0.46477599918116624,1
2024-11-07,GE,0,0.43418415015347833,0.43409552024918285,0.48164503366312406,0.6784797903389349,0.5071011236011801,1
2024-11-07,GS,0,0.5535390680259221,0.5096241105458053,0.5273159456642806,0.6891490273820146,0.5699070379045057,1
2024-11-07,IBM,1,0.4315942619212547,0.4635223798291931,0.44125579539502674,0.07196424088127645,0.35208416950668775,1
2024-11-07,JPM,1,0.5581834585018924,0.5846819148109608,0.5377730180590509,0.8941531870555148,0.6436978946068547,1
2024-11-07,KO,1,0.42816919006463544,0.36723908963141694,0.2897452282736789,0.1375696322033209,0.305680785043263,1
2024-11-07,MSFT,0,0.4593743468282543,0.48849190519286756,0.4646479144008448,0.5831682526580553,0.4989206047700055,1
2024-11-07,UNH,0,0.3973297906340487,0.4341986012083508,0.45815471513795764,0.41207813474458255,0.4254403104312349,1
2024-11-07,WMT,1,0.41611647541099234,0.44448322749180136,0.5103907688147872,0.3431919291364004,0.4285456002134953,1
2024-11-07,XOM,0,0.4130698284196652,0.471520773116866,0.44661485871433704,0.8771576234097466,0.5520907709151537,1
2024-11-08,AAPL,0,0.40855255704172416,0.47280085967429564,0.45307984448291205,0.4286546642982424,0.4407719813742935,1
2024-11-08,CAT,0,0.4903757071719174,0.49626080602487865,0.48029807215908127,0.6620401943217076,0.5322436949193963,1
2024-11-08,DIS,1,0.47883618690933716,0.4693663863042131,0.4456493414099594,0.5321910749495989,0.48151074739327715,1
2024-11-08,GE,0,0.44321789666758327,0.4715853660749853,0.5372995792894978,0.7606309944623685,0.5531834591236087,1
2024-11-08,GS,1,0.5767864675632057,0.49568872137740705,0.519978513689429,0.2600883477662995,0.46313551259908536,1
2024-11-08,IBM,1,0.44099539339144306,0.48656749240866465,0.4751417174243136,0.1512596146587814,0.3884910544708007,1
2024-11-08,JPM,1,0.5763494051522788,0.5639721845482322,0.5377730180590509,0.38300287279704687,0.5152743701391522,1
2024-11-08,KO,1,0.4330985542572305,0.3756347421395826,0.2897452282736789,0.21395289514805485,0.32810785495463674,1
2024-11-08,MSFT,0,0.4710032995781808,0.5258895446972114,0.48539532649760003,0.7470292188649013,0.5573293474094734,1
2024-11-08,UNH,0,0.4106430203678116,0.4267970819691345,0.45815471513795764,0.6066619692092677,0.4755641966710429,1
2024-11-08,WMT,1,0.4209472422405249,0.4343941925501194,0.5003831498238577,0.4723920796901,0.4570291660761505,1
2024-11-08,XOM,0,0.39846702800411626,0.47172943420660535,0.4344210052649687,0.8161984945821913,0.5302039905144704,1
2024-11-11,AAPL,1,0.40749958764543703,0.4593545360246488,0.45307984448291205,0.3888434962848952,0.4271943661094733,1
2024-11-11,CAT,1,0.5062237184302028,0.5128228865920703,0.4743269038656965,0.3184596115891535,0.45295828011928074,1
2024-11-11,DIS,0,0.4652654949899439,0.46393018114444634,0.4403821060884669,0.6824880719622222,0.5130164635462698,1
2024-11-11,GE,1,0.44576281124600925,0.5039891472977807,0.5197494902733909,0.7749782322827876,0.5611199202749921,1
2024-11-11,GS,0,0.5534082390255,0.4891150259866962,0.519978513689429,0.026372623108678793,0.397218600452576,1
2024-11-11,IBM,1,0.4373928175018988,0.4856955187996812,0.4661839174349527,0.14040836662104597,0.3824201550893947,1
2024-11-11,JPM,0,0.5387848905321659,0.519606193596319,0.5154193554700516,0.527115447083069,0.5252314716704014,1
2024-11-11,KO,1,0.43229777063584107,0.36873629623913,0.2897452282736789,0.1291770332111433,0.3049890820899483,1
2024-11-11,MSFT,0,0.44911213945875206,0.49636140488896585,0.45884438930764715,0.4023723904718329,0.45167258103179947,1
2024-11-11,UNH,0,0.4119511867752974,0.44118226003076966,0.46395699583762606,0.469453999659488,0.4466361105757953,1
2024-11-11,WMT,1,0.42952861989090646,0.41758615089707557,0.4194765910785677,0.2823827389781843,0.3872435252111835,1
2024-11-11,XOM,0,0.41454131782763104,0.47471612076966363,0.46503508222598916,0.7433269723027566,0.5244048732815101,1
2024-11-12,AAPL,0,0.3991080032449967,0.45732782951909234,0.45307984448291205,0.3897903044711757,0.4248264954295442,1
2024-11-12,CAT,1,0.5270958259937012,0.519794987370152,0.4653708449600472,0.23113368996439568,0.435848837072074,1
2024-11-12,DIS,0,0.46217643549641213,0.4526678776938466,0.43293705915874936,0.5907517741898436,0.4846332866347129,1
2024-11-12,GE,0,0.4531333736431597,0.46261731598801503,0.46990174739784546,0.7571715530669887,0.5357059975240022,1
2024-11-12,GS,1,0.5541004432260931,0.5137970844826103,0.5548398423915029,0.4329178288222258,0.513913799730608,1
2024-11-12,IBM,1,0.4370525211037912,0.48454863680915494,0.4661839174349527,0.2915152074407739,0.4198250706971682,1
2024-11-12,JPM,0,0.5466092307049739,0.556032105637978,0.5279694099929322,0.21050215579623874,0.4602782255330307,1
2024-11-12,KO,1,0.41569939100252024,0.36445353003074576,0.2897452282736789,0.017949395405982282,0.2719618861782318,1
2024-11-12,MSFT,0,0.458291166688728,0.5186411438691025,0.47168462142142525,0.6235278608633734,0.5180361982106573,1
2024-11-12,UNH,1,0.4120705819512539,0.47873419682934626,0.4747091992219503,0.6714066851024878,0.5092301657762596,1
2024-11-12,WMT,1,0.4282398062115319,0.4233718207781358,0.5003831498238577,0.3249211087554794,0.41922897139225124,1
2024-11-12,XOM,0,0.41316826806953205,0.4708189204190851,0.46503508222598916,0.6623486108373864,0.5028427203879982,1
2024-11-13,AAPL,0,0.3865635152529155,0.4325054185891447,0.45307984448291205,0.28313138216922484,0.3888200401235493,1
2024-11-13,CAT,1,0.5624369754058288,0.5047770203655864,0.511028541376883,0.9703770633517707,0.6371549001250172,1
2024-11-13,DIS,0,0.42114367452799417,0.515173091305843,0.5151418449001413,0.5565624084473552,0.5020052547953334,1
2024-11-13,GE,1,0.4693809247635814,0.49456624400305244,0.548013824942871,0.42036854539147944,0.48308238477524607,1
2024-11-13,GS,1,0.6225715614729087,0.5505088343256571,0.5751146017041676,0.6276225359724081,0.5939543833687855,1
2024-11-13,IBM,1,0.4512387614063429,0.5340282021369681,0.5040572635264894,0.6019903923973481,0.5228286548667871,1
2024-11-13,JPM,0,0.5752399675286941,0.579981277209269,0.5541786688728809,0.3502062673147597,0.514901545231401,1
2024-11-13,KO,0,0.40955035796175665,0.3282215859528951,0.2980532750496641,0.006685497047848027,0.26062767900304096,1
2024-11-13,MSFT,0,0.46297394423156607,0.5001757539564973,0.45884438930764715,0.6609630249043618,0.5207392781000181,1
2024-11-13,UNH,1,0.5014569743543653,0.48623033129425447,0.5128003128773019,0.4934838262256713,0.49849286118789826,1
2024-11-13,WMT,1,0.4009797014326404,0.35444827115275934,0.2513938649761593,0.37519237981046366,0.34550355434300567,1
2024-11-13,XOM,0,0.4192283573686504,0.49032108146503306,0.4521466523470229,0.8475214778787833,0.5523043922648724,1
2024-11-14,AAPL,0,0.40536477721533565,0.4218175689711761,0.4107101074366198,0.3751098339036276,0.4032505718816898,1
2024-11-14,CAT,1,0.5555822858906204,0.5022704303425712,0.4542897606045648,0.9309483789371347,0.6107727139437228,1
2024-11-14,DIS,1,0.37220739220581905,0.5429061653072688,0.5309999796344047,0.5224078500065177,0.49213034678850254,1
2024-11-14,GE,0,0.4494986166276288,0.47482435266908574,0.5105713528472229,0.3078454326270623,0.43568493869274993,1
2024-11-14,GS,1,0.5995804996253742,0.5751362642646602,0.5772851543950087,0.26020767086223523,0.5030523972868196,1
2024-11-14,IBM,1,0.4224836785239727,0.4720117365026522,0.45342382288102645,0.5077454930230518,0.4639161827326758,1
2024-11-14,JPM,1,0.5543520030620562,0.5701468441380352,0.5490380378874388,0.15299489475101002,0.4566329449596351,1
2024-11-14,KO,0,0.400405752699152,0.34621340696797204,0.2897452282736789,0.008076570460745428,0.2611102396003871,1
2024-11-14,MSFT,0,0.4530376661716705,0.489490561302872,0.45884438930764715,0.5208848338024059,0.4805643626461489,1
2024-11-14,UNH,0,0.4922863240295929,0.47749434760768417,0.4584623677742122,0.43420764909203974,0.4656126721258822,1
2024-11-14,WMT,1,0.39625545036861604,0.336878801646892,0.25181954740152657,0.2921665829349892,0.31928009558800596,1
2024-11-14,XOM,0,0.4292706918006594,0.5279948815457983,0.47499373127032474,0.6045503134971179,0.5092024045284751,1
2024-11-15,AAPL,1,0.4042148043013497,0.4528646701796079,0.45937327359153096,0.556254126424098,0.46817671862414667,1
2024-11-15,CAT,1,0.5244935968140269,0.5192599154771017,0.4836368216844945,0.8973619589225312,0.6061880732245386,1
2024-11-15,DIS,1,0.4315346302328816,0.4937921001866368,0.502035705514965,0.27851242151465944,0.4264687143622857,1
2024-11-15,GE,0,0.459740744447983,0.49720436936901613,0.5105713528472229,0.07521069919128287,0.3856817914638762,1
2024-11-15,GS,0,0.5990695375698495,0.5446043183066775,0.5548398423915029,0.4417865722093601,0.5350750676193475,1
2024-11-15,IBM,1,0.44451662506802253,0.5081544524696707,0.5845154289480042,0.7573393639520712,0.5736314676094422,1
2024-11-15,JPM,0,0.5452824792937008,0.5728186002755924,0.5490380378874388,0.3969105052663473,0.5160124056807698,1
2024-11-15,KO,0,0.3909919686078042,0.3741088955542004,0.2267690634774802,0.29977437397118717,0.322911075402668,1
2024-11-15,MSFT,1,0.4547117482392013,0.49476322662566574,0.4609139760327889,0.315300005745082,0.43142223916068445,1
2024-11-15,UNH,0,0.5015330921633809,0.4519128591300583,0.4456784355615566,0.1474721255405925,0.38664912809889707,1
2024-11-15,WMT,1,0.39869935894108843,0.34162084255207076,0.2566291594910525,0.24340337812959453,0.31008818477845157,1
2024-11-15,XOM,0,0.41208189270819323,0.4829883645540911,0.4557281655914297,0.6218613901377399,0.49316495324786347,1
2024-11-18,AAPL,1,0.39695116051030227,0.44956230282738885,0.45307984448291205,0.30445675033890823,0.40101251453987785,1
2024-11-18,CAT,0,0.5377247569185118,0.5204185990181782,0.4521740989298489,0.8686441400273879,0.5947403987234817,1
2024-11-18,DIS,1,0.4802144661480478,0.4841037849257993,0.49310224214947374,0.26239365560376127,0.42995353720677054,1
2024-11-18,GE,0,0.47861687645519335,0.5242716309592692,0.4813144991360322,0.18024272541497494,0.41611143299136744,1
2024-11-18,GS,0,0.6051237722567069,0.5490142729732848,0.5558319742403058,0.6631370199172667,0.5932767598468911,1
2024-11-18,IBM,1,0.4523645111022076,0.5050680525433495,0.49979822986788225,0.7971022190748418,0.5635832531470704,1
2024-11-18,JPM,0,0.5538214028139901,0.5606696024410297,0.5490380378874388,0.18166525727657065,0.4612985751047573,1
2024-11-18,KO,0,0.4018957479511695,0.36149781549974913,0.22637291465237963,0.004013852803611299,0.24844508272672738,1
2024-11-18,MSFT,1,0.45526066531301834,0.4904252041274006,0.4609139760327889,0.4173417756809422,0.4559854052885375,1
2024-11-18,UNH,1,0.5133880535414036,0.521574650875601,0.4744859164109042,0.093750479489296,0.40079977507930115,1
2024-11-18,WMT,1,0.37018599467376034,0.33691143685110786,0.2566291594910525,0.22333810478451865,0.29676617395010985,1
2024-11-18,XOM,0,0.42967289836460243,0.49327295238581687,0.46855669883229184,0.6426333488606712,0.5085339746108456,1
2024-11-19,AAPL,1,0.3972441120243405,0.46154192124196236,0.465366496952885,0.32791245533293345,0.41301624638803036,1
2024-11-19,CAT,0,0.5362949339348141,0.5135142597218186,0.48472695987680925,0.8451228348763655,0.5949147471024518,1
2024-11-19,DIS,1,0.4894717115928176,0.47944157023845024,0.49310224214947374,0.29602957418555537,0.43951127454157424,1
2024-11-19,GE,1,0.46577619289976885,0.5096291904434904,0.4988014622064471,0.16361959657817007,0.40945661053196913,1
2024-11-19,GS,0,0.6031116348283332,0.5414979055273299,0.5563268293997217,0.6669951663814614,0.5919828840342115,1
2024-11-19,IBM,1,0.45221766895862275,0.5011958998874564,0.49081027486724305,0.7502904044217857,0.548628562033777,1
2024-11-19,JPM,0,0.5667016023679984,0.5713320205858861,0.5545650584418282,0.11726054813879842,0.4524648073836278,1
2024-11-19,KO,0,0.42117053414282873,0.3484955963494818,0.2551893434096745,0.04468078632925562,0.2673840650578101,1
2024-11-19,MSFT,1,0.4720727093538298,0.5372892106135325,0.4774803033588599,0.30654681702228825,0.4483472600871276,1
2024-11-19,UNH,0,0.49275611243565826,0.4942794295035447,0.46383856279880764,0.0653826125306271,0.3790641793171594,1
2024-11-19,WMT,1,0.35790437698209304,0.31945054022903546,0.26233856640708303,0.08629024868846977,0.25649593307667035,1
2024-11-19,XOM,0,0.44174688160993103,0.5072460485944766,0.45010709953377315,0.6216235004480235,0.5051808825465511,1
2024-11-20,AAPL,1,0.4013206987058636,0.4665168350678612,0.465366496952885,0.33984878057164936,0.41826320282456475,1
2024-11-20,CAT,0,0.5289843808559227,0.5061469080957203,0.425327816123437,0.7084824235491987,0.5422353821560697,1
2024-11-20,DIS,1,0.506966757153726,0.48191220104157956,0.49310224214947374,0.24248930448893216,0.43111762620842786,1
2024-11-20,GE,0,0.5299667067246581,0.5642710186020834,0.5619897650166418,0.7354164902791257,0.5979109951556272,1
2024-11-20,GS,0,0.6098210105704347,0.5524648638269564,0.5595101253571497,0.7282648294941211,0.6125152073121655,1
2024-11-20,IBM,1,0.4379223296041046,0.40612134689947493,0.4207665348638507,0.17700772752201582,0.3604544847223615,1
2024-11-20,JPM,0,0.5510468724251477,0.545611697346328,0.5312537745756031,0.35132849235383823,0.4948102091752292,1
2024-11-20,KO,0,0.4206558976965623,0.35197043207895146,0.25561925816530834,0.35696242379616044,0.3463020029342456,1
2024-11-20,MSFT,1,0.45355605911496466,0.5600465829606659,0.48173231472250466,0.14276113582302133,0.40952402315528913,1
2024-11-20,UNH,1,0.4861187842283549,0.45070278325500696,0.44147357774873974,0.6614201826836867,0.509928831978947,1
2024-11-20,WMT,1,0.40439387032845925,0.3180447769975825,0.25181954740152657,0.17441008069936142,0.28716706885673243,1
2024-11-20,XOM,0,0.4506407044990114,0.48300045869585995,0.4624021595449079,0.6241537289821358,0.5050492629304788,1
2024-11-21,AAPL,1,0.40939667698508714,0.419782766105987,0.4121684670778979,0.31651650298343054,0.3894661032881006,1
2024-11-21,CAT,0,0.535131713440772,0.47935255143559824,0.4191391999715372,0.33359748174905063,0.44180523664923954,1
2024-11-21,DIS,1,0.5356166129460317,0.5033382137033984,0.49310224214947374,0.491893508834571,0.5059876444083687,1
2024-11-21,GE,0,0.4916445514456436,0.5117358732691103,0.5450147301448011,0.5817550904930312,0.5325375613381466,1
2024-11-21,GS,1,0.5984380049127395,0.487213527363702,0.519978513689429,0.45755053666889667,0.5157951456586918,1
2024-11-21,IBM,1,0.43258814917969884,0.4080080578783033,0.470023578615113,0.12094035855311892,0.35789003605655856,1
2024-11-21,JPM,0,0.5565297111515131,0.5467221220497273,0.5490380378874388,0.19700794544699862,0.4623244541339194,1
2024-11-21,KO,0,0.4337145610178052,0.3179418429353643,0.2287944936097853,0.4723187918408232,0.3631924223509445,1
2024-11-21,MSFT,1,0.45126941373418517,0.5320663893373123,0.4709636594142807,0.11823521423421014,0.3931336691799971,1
2024-11-21,UNH,0,0.4923516621583807,0.4876527088859047,0.45164453593644577,0.7049329440614475,0.5341454627605446,1
2024-11-21,WMT,1,0.3934234331990945,0.3369387937886981,0.25181954740152657,0.13238882779962605,0.2786426505472363,1
2024-11-21,XOM,0,0.44142008116148324,0.43310657519073076,0.4238450326599581,0.6790749668438799,0.49436166396401304,1
2024-11-22,AAPL,1,0.4082540694479626,0.43052248457833747,0.4204334853333309,0.3773084821254362,0.4091296303712668,1
2024-11-22,CAT,0,0.5303177440641201,0.4888326577640675,0.4279176700491308,0.0942408042063209,0.38532721902090983,1
2024-11-22,DIS,1,0.5654427863038305,0.49604356329144733,0.49310224214947374,0.7210016496871249,0.5688975603579691,1
2024-11-22,GE,0,0.5061367259390054,0.5501896822677355,0.5520881059162289,0.8202592310462663,0.607168436292309,1
2024-11-22,GS,0,0.6019385171320847,0.50623814411085,0.5231990897267592,0.4746212697778959,0.5264992551868974,1
2024-11-22,IBM,1,0.45993841810292063,0.4544713163535053,0.47426945823687516,0.2666798784628309,0.413839767789033,1
2024-11-22,JPM,1,0.5626889884530251,0.5622337781009978,0.5522315386021459,0.2269788190586913,0.476033281053715,1
2024-11-22,KO,0,0.4260475326601806,0.3329464499886469,0.2645237681943888,0.22718491234088112,0.31267566579602435,1
2024-11-22,MSFT,1,0.43287462585361386,0.5015873782971563,0.45884438930764715,0.4767692676031231,0.46751891526538514,1
2024-11-22,UNH,0,0.48532841055626574,0.4749957607884422,0.4542357326138631,0.7104616826725645,0.5312553966577839,1
2024-11-22,WMT,1,0.3880189012993537,0.4518940545783766,0.5581674724846704,0.24629948132051396,0.41109497742072865,1
2024-11-22,XOM,0,0.4425453539722709,0.4512229482681385,0.4344210052649687,0.7205647438362609,0.5121885128354098,1
2024-11-25,AAPL,1,0.3947267823190142,0.4150126721344051,0.39471042778660614,0.5324598745956495,0.4342274392089187,1
2024-11-25,CAT,1,0.4879362545650114,0.48468366997452994,0.47504497093342035,0.5793978445384739,0.5067656850028589,1
2024-11-25,DIS,0,0.5614336471675657,0.5031004380283505,0.49310224214947374,0.4872455725855708,0.5112204749827401,1
2024-11-25,GE,0,0.4604017289021411,0.5247306423952833,0.5321992071143591,0.38167617340856097,0.47475193795508613,1
2024-11-25,GS,0,0.5953903707052368,0.5002619184926872,0.519978513689429,0.7956792301675978,0.6028275082637378,1
2024-11-25,IBM,1,0.46203118972274876,0.4662740105315325,0.47426945823687516,0.4948605281058042,0.4743587966492402,1
2024-11-25,JPM,1,0.5606732905593852,0.5449479044061951,0.5490380378874388,0.5420153440385874,0.5491686442229017,1
2024-11-25,KO,0,0.3979075242624464,0.343313725167835,0.2646499871884323,0.07082328684110423,0.2691736308649545,1
2024-11-25,MSFT,1,0.4226139438898254,0.5031288541936126,0.45884438930764715,0.4136744940588415,0.44956542036248165,1
2024-11-25,UNH,0,0.46054690066285586,0.4586063360301238,0.44268164525370257,0.5156825018102673,0.4693793459392374,1
2024-11-25,WMT,1,0.3886895266436431,0.42337579246231405,0.35836941220956386,0.23721613475676467,0.35191271651807143,1
2024-11-25,XOM,0,0.40194110717658027,0.44096258951927086,0.4330898356966106,0.3738797541256702,0.412468321629533,1
2024-11-26,AAPL,1,0.4118928467129335,0.4528673279931488,0.4107101074366198,0.41726125623980836,0.42318288459562764,1
2024-11-26,CAT,0,0.5255092363609906,0.4946242777112609,0.4191391999715372,0.17616069115839456,0.4038583513005458,1
2024-11-26,DIS,0,0.5531593023024631,0.5156396221948911,0.49632847315572876,0.559047061987445,0.5310436149101321,1
2024-11-26,GE,0,0.5238261995853454,0.5499768189812113,0.5422007176171323,0.6213994900797537,0.5593508065658606,1
2024-11-26,GS,0,0.5769885205917936,0.5065645033592873,0.519978513689429,0.8735410816158421,0.619268154814088,1
2024-11-26,IBM,1,0.5007662101665079,0.4955044462609476,0.48765360717338563,0.572648729791292,0.5141432483480333,1
2024-11-26,JPM,1,0.5634189826932475,0.5622417796250251,0.5208072210959311,0.2922867711996088,0.48468868865345316,1
2024-11-26,KO,1,0.45812981261951125,0.35336687691107443,0.25732192524675895,0.4014827912315107,0.3675753515022138,1
2024-11-26,MSFT,1,0.4385356547652888,0.49562308130752675,0.4546171888561263,0.5576272001607774,0.4866007812724298,1
2024-11-26,UNH,0,0.4791233232526386,0.49569091717691255,0.4639252818896428,0.4844806458853308,0.4808050420511312,1
2024-11-26,WMT,1,0.430942139323866,0.4732773398674537,0.5653786046112137,0.3689534614403628,0.459637886310724,1
2024-11-26,XOM,0,0.43751611476592484,0.44658454862536845,0.4369921338618754,0.72950458537773,0.5126493456577247,1
2024-11-27,AAPL,1,0.4171316667601222,0.45916367412834536,0.4409560017996358,0.3450774194593816,0.41558219053687123,1
2024-11-27,CAT,0,0.5356290988523722,0.48428842001237243,0.43400931126253944,0.0938538212987683,0.3869451628565131,1
2024-11-27,DIS,0,0.5605507650586977,0.5169523539957744,0.49632847315572876,0.5199836090144676,0.5234538003061671,1
2024-11-27,GE,0,0.5358045001906953,0.5544163434469115,0.5585172188876846,0.7974942227428992,0.6115580713170476,1
2024-11-27,GS,1,0.5962888965028571,0.5076358426538371,0.5006012080023141,0.6822944937117005,0.5717051102176772,1
2024-11-27,IBM,0,0.5321545703673947,0.5865528001036805,0.5757174416613777,0.6418110638667626,0.5840589689998039,1
2024-11-27,JPM,1,0.5696444700618076,0.5721262116352439,0.5753578539171963,0.4309183743159112,0.5370117274825398,1
2024-11-27,KO,1,0.45816543600349396,0.3394193662651094,0.2823520007176436,0.443784283856014,0.38093027171056526,1
2024-11-27,MSFT,1,0.4376534223608723,0.5127313994232467,0.4711549971040837,0.5045288079278067,0.48151715670400236,1
2024-11-27,UNH,0,0.5053665403002223,0.5347265015495934,0.5161681883260949,0.7192404677368129,0.5688754244781808,1
2024-11-27,WMT,1,0.4479159591366857,0.4801057173063884,0.5632406397330014,0.5302837099114412,0.5053865065218792,1
2024-11-27,XOM,0,0.4609963422608159,0.49393177154255435,0.4624021595449079,0.4580441070730268,0.46884359510532625,1
2024-11-29,AAPL,1,0.42841520984931647,0.4688579447576287,0.4321120895334915,0.4832856675451305,0.4531677279213918,1
2024-11-29,CAT,0,0.5470909827852561,0.5086095688482177,0.4850861692964652,0.30112517542697625,0.46047797408922886,1
2024-11-29,DIS,0,0.577244333912314,0.5259183326730289,0.5182681648402274,0.5333103187315219,0.538685287539273,1
2024-11-29,GE,0,0.5416354134538096,0.5459754787864224,0.5585172188876846,0.6896890177417746,0.5839542822174228,1
2024-11-29,GS,1,0.5955977330658283,0.5254729164052694,0.5384286132395649,0.39292147627446083,0.5131051847462809,1
2024-11-29,IBM,1,0.5679993687802558,0.5819720917135391,0.5675870264171365,0.5972212802607931,0.5786949417929311,1
2024-11-29,JPM,0,0.5621499615619887,0.5503865042203495,0.5372263048924042,0.3413682597532544,0.4977827576069992,1
2024-11-29,KO,1,0.46270963241961405,0.33881528807724715,0.27512361422459636,0.28480856154736234,0.340364274067205,1
2024-11-29,MSFT,1,0.4361851089464064,0.5267095947705087,0.4930712695092461,0.6074131983303749,0.515844792889134,1
2024-11-29,UNH,0,0.5058682638701463,0.5331044307438694,0.49644545453533373,0.5683139249181719,0.5259330185168802,1
2024-11-29,WMT,1,0.46679582625871835,0.4549253510885471,0.3761074580484001,0.6881315637625214,0.49649004978954675,1
2024-11-29,XOM,0,0.4756770015741093,0.48506988833132814,0.4706843661411351,0.26229722967624225,0.4234321214307037,1
2024-12-02,AAPL,1,0.42127535143756023,0.41855470211229057,0.36339536827503355,0.5251991467822317,0.432106142151779,1
2024-12-02,CAT,0,0.5614716059771252,0.4879527997526517,0.4022038586328937,0.3374074053810567,0.4472589174359319,1
2024-12-02,DIS,0,0.560710716262065,0.5101839549881247,0.4926011850362777,0.5814319471689793,0.5362319508638617,1
2024-12-02,GE,0,0.5358341380559676,0.5768472225406032,0.5783378124034425,0.6677492296530944,0.5896921006632769,1
2024-12-02,GS,1,0.5960599023078582,0.5415037756638855,0.5711279727413943,0.7405171996983235,0.6123022126028654,1
2024-12-02,IBM,0,0.5695216514558146,0.5641880517009574,0.5675870264171365,0.6245311386580548,0.5814569670579908,1
2024-12-02,JPM,0,0.5650174649275024,0.5662199550082626,0.5250088175593349,0.807730112913225,0.6159940876020813,1
2024-12-02,KO,1,0.4557808404987163,0.3679229233716815,0.2650654868066787,0.35417734643108406,0.36073664927704013,1
2024-12-02,MSFT,1,0.4609198606024883,0.4437390887868283,0.44938756057403206,0.48136200173447147,0.45885212792445507,1
2024-12-02,UNH,0,0.4990538262190186,0.5147238784153602,0.5246986056293673,0.7596356382071304,0.5745279871177191,1
2024-12-02,WMT,1,0.4550966285488686,0.44021669996108714,0.35836941220956386,0.45308910939418406,0.42669296252842587,1
2024-12-02,XOM,1,0.45976581000574335,0.4760125397214344,0.47135145637551584,0.3985366870249854,0.4514166232819197,1
2024-12-03,AAPL,1,0.4394165456808744,0.531742552993152,0.46306498973749427,0.6800763285060163,0.5285751042293843,1
2024-12-03,CAT,0,0.558683459243545,0.5015776116408774,0.425327816123437,0.6697396897648507,0.5388321441931776,1
2024-12-03,DIS,0,0.5604463217455646,0.4993316563070751,0.49310224214947374,0.7384558995052473,0.5728340299268402,1
2024-12-03,GE,0,0.5340671911713605,0.5642112686687467,0.5621243352780018,0.7332726395868032,0.598418858676228,1
2024-12-03,GS,1,0.593032942639812,0.5379740112606909,0.5711279727413943,0.7242908147444884,0.6066064353465963,1
2024-12-03,IBM,1,0.5672072007781634,0.5450690343442517,0.5616018077328125,0.5222044937304672,0.5490206341464237,1
2024-12-03,JPM,0,0.5685650415271942,0.5723493187893982,0.5056415169663894,0.8021571362072034,0.6121782533725464,1
2024-12-03,KO,1,0.4385563789057291,0.36623986682685045,0.300894634895274,0.33598152719550056,0.36041810195583857,1
2024-12-03,MSFT,1,0.4606214189495603,0.46240980566745843,0.45307984448291205,0.4598111462099889,0.45898055382747993,1
2024-12-03,UNH,0,0.5175605431298769,0.5113629272032411,0.497944418207362,0.5534338351595464,0.5200754309250066,1
2024-12-03,WMT,1,0.44892937967083574,0.4394744578874346,0.35836941220956386,0.49977363624845217,0.43663672150407157,1
2024-12-03,XOM,0,0.4628648960939064,0.46929152089648457,0.4624021595449079,0.5128236150174519,0.47684554788818767,1
2024-12-04,AAPL,1,0.44629549801080254,0.5335262291196392,0.46306498973749427,0.7324531051970747,0.5438349555162527,1
2024-12-04,CAT,0,0.5752042342062045,0.4881998873239466,0.4083181979317242,0.6713890538376787,0.5357778433248885,1
2024-12-04,DIS,1,0.5606306565827754,0.5207525504207635,0.49632847315572876,0.5468300182943582,0.5311354246134065,1
2024-12-04,GE,0,0.5385597444766351,0.57380439837383,0.5621796141646832,0.5676101023937538,0.5605384648522255,1
2024-12-04,GS,0,0.6079030127440668,0.5284594298688734,0.569625036563038,0.7095639510143005,0.6038878575475697,1
2024-12-04,IBM,1,0.5719232614995995,0.5110682560205958,0.5329916237628577,0.3754794755136485,0.49786565419917544,1
2024-12-04,JPM,0,0.5734423553911706,0.5706089606557251,0.5826091911479674,0.8184777864649859,0.6362845734149623,1
2024-12-04,KO,1,0.44911192403827116,0.4002964758631239,0.300894634895274,0.609987607108527,0.440072660476299,1
2024-12-04,MSFT,1,0.4587297031023773,0.4410033480335399,0.4441115389656341,0.2505157315236756,0.3985900804063067,1
2024-12-04,UNH,0,0.5092593768763404,0.5046723461556067,0.5246986056293673,0.6118041349650719,0.5376086159065966,1
2024-12-04,WMT,1,0.4587507223772436,0.4186472423122619,0.3282642604169094,0.5410472710510035,0.43667737403935464,1
2024-12-04,XOM,0,0.4098031493261674,0.42108566207196246,0.39794365251570785,0.612076722167477,0.4602272965203287,1
2024-12-05,AAPL,1,0.4436611762375846,0.529866925561222,0.46306498973749427,0.6721580212928465,0.5271877782072868,1
2024-12-05,CAT,0,0.556597880293657,0.4952315938091765,0.4083181979317242,0.5932329362891485,0.5133451520809266,1
2024-12-05,DIS,1,0.5540834965615759,0.5065299697970167,0.4946076079467935,0.6912094335776576,0.5616076269707609,1
2024-12-05,GE,0,0.48570317967432575,0.49269079762789747,0.5183608758818399,0.05100610244351136,0.3869402389068936,1
2024-12-05,GS,0,0.5866196303743988,0.5654636087173271,0.6036292632956677,0.7793956226684094,0.6337770312639508,1
2024-12-05,IBM,1,0.556116539929816,0.5243725919213683,0.5334905682425403,0.4379075434259713,0.5129718108799239,1
2024-12-05,JPM,0,0.5666613921145467,0.5797819288743329,0.5476449046944197,0.758804002418225,0.6132230570253812,1
2024-12-05,KO,1,0.4680287959277623,0.3864893909383861,0.35268067909851464,0.6780543838770305,0.4713133124604234,1
2024-12-05,MSFT,1,0.4537255104305435,0.4475221166355886,0.4441115389656341,0.4597489628566206,0.4512770322220967,1
2024-12-05,UNH,0,0.4765867881094007,0.48149218473594874,0.4897237341174433,0.2734074451468304,0.43030253802740576,1
2024-12-05,WMT,1,0.4365857547499947,0.40361832089655997,0.3174651846600331,0.32680023602909164,0.37111737408391987,1
2024-12-05,XOM,0,0.4194149261414545,0.43254693241455533,0.4035513117125105,0.5167710023047116,0.443071043143308,1
2024-12-06,AAPL,1,0.453291712172639,0.5146811692667984,0.46306498973749427,0.648270751931043,0.5198271557769937,1
2024-12-06,CAT,0,0.5217768594772231,0.4544031298032534,0.35251870672965496,0.4413392123852708,0.4425094770988506,1
2024-12-06,DIS,1,0.5467776297655182,0.5297734217728729,0.5102021468807213,0.798551116831462,0.5963260788126437,1
2024-12-06,GE,1,0.47496373528228997,0.5050967698399724,0.5166901605925159,0.11144029740210815,0.4020477407792217,1
2024-12-06,GS,0,0.5833326847628256,0.5446012149386366,0.6480702876621279,0.09918293937113308,0.46879678168368083,1
2024-12-06,IBM,0,0.5467314826769725,0.5234755467031226,0.5313257731583635,0.6433844561441315,0.5612293146706475,1
2024-12-06,JPM,0,0.5439716604189243,0.539839245872718,0.6252971253498685,0.2674686444701091,0.494144169027905,1
2024-12-06,KO,1,0.45161940903554676,0.36508724324094144,0.2990149360882308,0.15899375958384646,0.31867883698714133,1
2024-12-06,MSFT,1,0.4460201617515648,0.42151078771174716,0.4107101074366198,0.43395960547895596,0.42805016559472187,1
2024-12-06,UNH,0,0.4184151045368233,0.48331086955357616,0.4409450163320651,0.26312659024556306,0.4014493951670069,1
2024-12-06,WMT,1,0.44998310338570024,0.40264199170468506,0.28787355827514094,0.46655233657564504,0.4017627474852928,1
2024-12-06,XOM,0,0.4054471998317554,0.46488390735929724,0.3767869946053201,0.2055560525746725,0.3631685385927613,1
2024-12-09,AAPL,1,0.43840208787697754,0.5333938957515869,0.46306498973749427,0.6384818715619742,0.5183357112320082,1
2024-12-09,CAT,0,0.5223805149697106,0.5021728637657811,0.4431421434030688,0.4628256917214582,0.48263030346500463,1
2024-12-09,DIS,1,0.5375628875313807,0.5093422615561034,0.49783401506455427,0.6115600573485224,0.5390748053751402,1
2024-12-09,GE,1,0.4845020469445599,0.47742523187131275,0.5166901605925159,0.08508495440447945,0.390925598453217,1
2024-12-09,GS,0,0.5847754950751232,0.5409852303632213,0.6313630072067057,0.18476773703264052,0.48547286741942275,1
2024-12-09,IBM,0,0.5392677532744007,0.5239877961060764,0.5387492906628781,0.41315780586790113,0.503790661477814,1
2024-12-09,JPM,1,0.5603263249268045,0.54666767962758,0.6214981467329891,0.49947706590082436,0.5569923042970495,1
2024-12-09,KO,1,0.43345171654816056,0.3535313364004948,0.2994889952372873,0.3263519801020044,0.3532060070719868,1
2024-12-09,MSFT,0,0.4490461786686374,0.46287155417376075,0.45307984448291205,0.43515507830335287,0.4500381639071658,1
2024-12-09,UNH,0,0.4525885007934051,0.479528949565318,0.5029563688009354,0.1741779512401798,0.40231294259995953,1
2024-12-09,WMT,1,0.45886797607668617,0.4927835684708981,0.5653786046112137,0.3959448838418801,0.4782437582501695,1
2024-12-09,XOM,0,0.3972258866865855,0.41965103118988933,0.34825650187688856,0.22307299382154377,0.34705160339372676,1
2024-12-10,AAPL,1,0.44983741194382937,0.5119647740745934,0.46306498973749427,0.6760175165211109,0.525221173069257,1
2024-12-10,CAT,0,0.5319922952374294,0.5193856104226965,0.4453325609418819,0.15464023633654853,0.4128376757346391,1
2024-12-10,DIS,1,0.5363028633524194,0.5122162825324076,0.49783401506455427,0.7254187378177293,0.5679429746917777,1
2024-12-10,GE,1,0.4787120887803101,0.47442038468374814,0.4256673335410575,0.08596738528961252,0.3661917980736821,1
2024-12-10,GS,0,0.5639502454028051,0.5009203572096748,0.6157492822855951,0.019595144727223845,0.4250537574063247,1
2024-12-10,IBM,0,0.5431885671480811,0.5356623850828556,0.5720931598727924,0.4056138472504447,0.5141394898385434,1
2024-12-10,JPM,1,0.5464380308380505,0.5168201350497704,0.6034703782818663,0.36016328299392664,0.5067229567909035,1
2024-12-10,KO,1,0.4470575978518396,0.33619011860079107,0.2637640748751671,0.14132280982581513,0.2970836502884032,1
2024-12-10,MSFT,0,0.4539226420119463,0.4651079279753844,0.45307984448291205,0.4041698991756998,0.4440700784114856,1
2024-12-10,UNH,1,0.46080446029420125,0.48289464213305144,0.5029563688009354,0.12711685866606534,0.3934430824735634,1
2024-12-10,WMT,0,0.4806942526672577,0.496138221658017,0.564885949170249,0.4406814450574475,0.49559996713824284,1
2024-12-10,XOM,0,0.3878338711112498,0.4110462218883585,0.34825650187688856,0.38535781799552554,0.3831236032180056,1
2024-12-11,AAPL,1,0.45391105700260076,0.5112489482202841,0.46306498973749427,0.7460802975795755,0.5435763231349886,1
2024-12-11,CAT,0,0.5371310416223274,0.5137462341648986,0.4431421434030688,0.517549235604267,0.5028921636986404,1
2024-12-11,DIS,1,0.526816236312368,0.5543698267069634,0.5451524085075938,0.6405265312709842,0.5667162506994774,1
2024-12-11,GE,1,0.4704816207157575,0.45938226770078117,0.4183554829022796,0.03650789361506613,0.3461818162334711,1
2024-12-11,GS,1,0.557898215355008,0.5041519816225793,0.6157492822855951,0.03229136707319412,0.4275227115840941,1
2024-12-11,IBM,0,0.5593876286391988,0.5386906012328079,0.5642152317162893,0.38911680718759545,0.5128525671939729,1
2024-12-11,JPM,1,0.5464594431817219,0.5432593494508272,0.6192745437491032,0.4317482856702513,0.5351854055129759,1
2024-12-11,KO,0,0.400856039767921,0.3099558374262136,0.2521899807184906,0.2076618447354141,0.29266592566200983,1
2024-12-11,MSFT,0,0.46348372711464003,0.42523467516076463,0.4107101074366198,0.4697294115196547,0.44228948030791976,1
2024-12-11,UNH,1,0.43147966081280503,0.46853283417029123,0.6146762725388557,0.09187100997857608,0.401639944375132,1
2024-12-11,WMT,0,0.46856960454487817,0.43550794348237043,0.3599094198239273,0.4328929370227202,0.424219976218474,1
2024-12-11,XOM,0,0.35164411892669795,0.377377692773271,0.356410912647021,0.3927947973279861,0.369556880418744,1
2024-12-12,AAPL,1,0.462649889579646,0.5241006061929256,0.4730328959005341,0.7051076511354898,0.5412227607021489,1
2024-12-12,CAT,0,0.5347893978923804,0.515343071733575,0.5462275403626374,0.3470965749545809,0.48586414623579344,1
2024-12-12,DIS,0,0.5251341989776621,0.5463165328571781,0.53724033456625,0.7265249878850931,0.5838040135715459,1
2024-12-12,GE,1,0.45217383961818874,0.436078411021864,0.40683351045137756,0.12289998027734117,0.3544964353421929,1
2024-12-12,GS,1,0.5850984192629453,0.5461405634264968,0.6423392036556036,0.18266086945300264,0.4890597639495121,1
2024-12-12,IBM,1,0.5611315850198528,0.4987658278469609,0.5529257853801585,0.29293016837103714,0.4764383416545024,1
2024-12-12,JPM,1,0.5641217044912205,0.5440478313500153,0.6278521092990307,0.25937259089498627,0.4988485590088132,1
2024-12-12,KO,0,0.46300876407200214,0.3611183079065531,0.25195802100739156,0.5034620915891983,0.39488679614378625,1
2024-12-12,MSFT,0,0.45643049153141746,0.3802572180104558,0.4003028190618184,0.39283805062395244,0.407457144806911,1
2024-12-12,UNH,1,0.44094276516763975,0.4794537607893113,0.606178386936959,0.08282949651340057,0.4023511023518277,1
2024-12-12,WMT,0,0.48749782610301806,0.4651945734498083,0.3608355249796787,0.30666257614897624,0.40504762517037035,1
2024-12-12,XOM,0,0.40696979532251065,0.40722701667221883,0.3635040006308502,0.05332619222857973,0.30775675121353985,1
2024-12-13,AAPL,1,0.4653608045527151,0.5155031304496278,0.4730328959005341,0.6812447021420147,0.5337853832612229,1
2024-12-13,CAT,1,0.5403012562606608,0.507284043139562,0.43646511624446716,0.3033522502306217,0.44685066646882793,1
2024-12-13,DIS,0,0.5067316002421887,0.5621924546481333,0.5451524085075938,0.4357460481240566,0.5124556278804931,1
2024-12-13,GE,1,0.47179775421351927,0.45679907871146197,0.4229811994598604,0.1786639328548591,0.3825604913099252,1
2024-12-13,GS,1,0.5844034666746523,0.5335722352767764,0.6423392036556036,0.16236216513583557,0.48066926768571694,1
2024-12-13,IBM,0,0.582009525511445,0.5915161920483597,0.584944750170104,0.4526890920098163,0.5527898899349312,1
2024-12-13,JPM,1,0.5425534964560158,0.5075883448979708,0.6034703782818663,0.03931315119808764,0.4232313427084851,1
2024-12-13,KO,0,0.47550775106866283,0.3771503178126912,0.2823520007176436,0.7569212595155441,0.47298283227863547,1
2024-12-13,MSFT,0,0.45600218581640967,0.38550953071947014,0.407106091478621,0.2984113004409814,0.3867572771138706,1
2024-12-13,UNH,1,0.4351163465323431,0.47298287292545593,0.6233875816345957,0.21264420427087194,0.43603275134081665,1
2024-12-13,WMT,0,0.4941237761609784,0.4931512869395352,0.5941971682290761,0.24555410507153916,0.4567565841002822,1
2024-12-13,XOM,0,0.40361571118372064,0.42283347660291276,0.36536029198512665,0.013396766565001956,0.30130156158419047,1
2024-12-16,AAPL,0,0.45613763502811605,0.5274498415460129,0.46356345134792787,0.6534109846038291,0.5251404781314715,1
2024-12-16,CAT,1,0.5575489515567019,0.5882229759668027,0.5403506548255607,0.8148698758720353,0.6252481145552751,1
2024-12-16,DIS,0,0.45858095497556095,0.4688123312453934,0.4651497899455737,0.275662181308008,0.417051314368634,1
2024-12-16,GE,1,0.4600469473255985,0.47574710436364176,0.42299596912541537,0.2515935610226189,0.4025958954593186,1
2024-12-16,GS,1,0.5782196375864289,0.5366583026578937,0.6339008460463033,0.11693946848426265,0.4664295636937222,1
2024-12-16,IBM,0,0.5627928733350934,0.5391746170143572,0.5682914846141691,0.3953872758385013,0.5164115627005302,1
2024-12-16,JPM,1,0.5409043922821627,0.5148646801849848,0.6090444212742357,0.05435438903846757,0.4297919706949628,1
2024-12-16,KO,0,0.4573180206135133,0.38836508761455923,0.2655061086872894,0.45322477711773473,0.39110349850827414,1
2024-12-16,MSFT,0,0.44806110098253404,0.37668292886409466,0.39471042778660614,0.33797504090532,0.38935737463463865,1
2024-12-16,UNH,1,0.46118028488678464,0.485452807173729,0.606178386936959,0.1176406926361686,0.41761304290841034,1
2024-12-16,WMT,0,0.4679359358755572,0.4348167936497164,0.3599094198239273,0.5032280480260364,0.4414725493438093,1
2024-12-16,XOM,1,0.3988083584980251,0.40531329635749697,0.3499768574893201,0.21246937362540821,0.3416419714925626,1
2024-12-17,AAPL,0,0.4900401784588485,0.6452281749541103,0.6062071027802706,0.7474083149994971,0.6222209427981816,2
2024-12-17,CAT,0,0.5212703825277388,0.5396734769332292,0.5540997060424506,0.4439559434663589,0.5147498772424444,2
2024-12-17,DIS,1,0.4450495006311105,0.43792276225911586,0.4328877435815041,0.5264628601713196,0.4605807166607625,2
2024-12-17,GE,0,0.47163961574104074,0.513242403234651,0.43905604854223645,0.6037867152525372,0.5069311956926164,2
2024-12-17,GS,1,0.5428744084044492,0.5302397315067966,0.5068638517390737,0.5632811878646573,0.5358147948787442,2
2024-12-17,IBM,0,0.5645352392309348,0.5107355170667546,0.5548329758549656,0.4333013082458146,0.5158512600996175,2
2024-12-17,JPM,1,0.5282058574810251,0.5503829192801858,0.5500288542905556,0.6482474685050669,0.5692162748892083,2
2024-12-17,KO,0,0.4984626902803118,0.39750687600391116,0.4118827160878062,0.3921557044368688,0.4250019967022245,2
2024-12-17,MSFT,0,0.48613019868753726,0.5550116483314033,0.5716266768377267,0.591828741449619,0.5511493163265715,2
2024-12-17,UNH,1,0.42291831795450313,0.5266478751020909,0.6352053211458187,0.7728687021726984,0.5894100540937778,2
2024-12-17,WMT,1,0.47668395255269647,0.5039408815026574,0.48665726662198017,0.6049231625959877,0.5180513158183304,2
2024-12-17,XOM,1,0.4282675113554163,0.4108403038956814,0.3732444921205851,0.18205199774792602,0.3486010762799022,2
2024-12-18,AAPL,0,0.4758599116892904,0.5402506955695914,0.5469349813210056,0.5990783128634646,0.5405309753608379,2
2024-12-18,CAT,0,0.5026912675517544,0.4834817247264536,0.45010412535493943,0.46178096592192824,0.47451452088876894,2
2024-12-18,DIS,1,0.4527964891546631,0.4356534546724128,0.4328877435815041,0.46603910588689035,0.44684419832386757,2
2024-12-18,GE,0,0.4532763231224675,0.5129693131128152,0.4558034763465701,0.6052668150702604,0.5068289819130283,2
2024-12-18,GS,1,0.5258404929783022,0.49425916395755687,0.4215295538106951,0.2422591196172339,0.42097208259094704,2
2024-12-18,IBM,0,0.546716291431349,0.5538062439119602,0.628187878563682,0.35831633642075306,0.521756687581936,2
2024-12-18,JPM,1,0.5120074994210986,0.4414842686066147,0.3641111777593892,0.3216275943026482,0.40980763502243767,2
2024-12-18,KO,1,0.5054008993956302,0.4087820189898169,0.4118827160878062,0.5801284942820927,0.4765485321888365,2
2024-12-18,MSFT,0,0.4787868529502078,0.41356746123062127,0.4328877435815041,0.18724308345362561,0.3781212853039897,2
2024-12-18,UNH,1,0.4085034889505174,0.5317781283784538,0.6281881047476489,0.7400542844935941,0.5771310016425536,2
2024-12-18,WMT,0,0.4955388170628136,0.5019897944095624,0.4863956284530989,0.1627741560597688,0.411674598996311,2
2024-12-18,XOM,1,0.42528536106156367,0.4036557198781594,0.38037717933944865,0.1429878425809916,0.3380765257150408,2
2024-12-19,AAPL,0,0.46247557609818507,0.5302238939284211,0.5469349813210056,0.5606320033286275,0.5250666136690598,2
2024-12-19,CAT,1,0.5039311164423007,0.48052125172215254,0.45010412535493943,0.4311672523030458,0.4664309364556096,2
2024-12-19,DIS,0,0.46325429976302057,0.4401561282519488,0.4403593996305372,0.5346482276669547,0.4696045138281153,2
2024-12-19,GE,1,0.4607681330222649,0.4735849965063381,0.41756875264394244,0.35526341679255075,0.42679632474127405,2
2024-12-19,GS,1,0.5377189631438087,0.5180040171327855,0.5830262830885354,0.2558894500266279,0.47365967834793943,2
2024-12-19,IBM,0,0.5449804954850239,0.5483270519760112,0.5554302222009567,0.3682689224746896,0.5042516730341703,2
2024-12-19,JPM,1,0.5134369446627923,0.47744745736401145,0.4794895124651002,0.5556576483028571,0.5065078906986903,2
2024-12-19,KO,0,0.4921484984268815,0.4439218885043449,0.4516443648232759,0.8229645490430586,0.5526698251993902,2
2024-12-19,MSFT,0,0.4748859490867664,0.42910906239687563,0.4328877435815041,0.20713642456857767,0.3860047949084309,2
2024-12-19,UNH,1,0.41547496858872734,0.512610093143906,0.6281881047476489,0.5225968911749999,0.5197175144138205,2
2024-12-19,WMT,0,0.4753782565633001,0.4615293243953116,0.47819664168590437,0.29040274677697836,0.4263767423553736,2
2024-12-19,XOM,1,0.4239094128440641,0.42655929220498257,0.3732444921205851,0.31473297692584884,0.38461154352387017,2
2024-12-20,AAPL,0,0.42427032721029445,0.6019211810515278,0.508517286541917,0.5845498003285422,0.5298146487830704,2
2024-12-20,CAT,0,0.47839613652910495,0.517210568817458,0.5511819361891622,0.37643636846503453,0.48080625250018993,2
2024-12-20,DIS,0,0.440936323411359,0.4281040920778256,0.4328877435815041,0.4088375168486884,0.4276914189798443,2
2024-12-20,GE,1,0.4524223442870337,0.4681307641922299,0.42041881255170194,0.22612992718684977,0.3917754620544538,2
2024-12-20,GS,1,0.5207253892284572,0.5369367942480465,0.5480349693321395,0.4535438285327431,0.5148102453353466,2
2024-12-20,IBM,1,0.48164101541815507,0.5337267437618045,0.5381324697901667,0.33704867543999584,0.47263722610253056,2
2024-12-20,JPM,1,0.4714074115166779,0.5190952117387875,0.47916695754409233,0.8602617977913136,0.5824828446477179,2
2024-12-20,KO,0,0.4508722460545725,0.423124931586692,0.4150251301881181,0.22465612673227472,0.3784196086404143,2
2024-12-20,MSFT,0,0.4205835081589569,0.420470987051491,0.4325704850991951,0.31752176640042346,0.39778668667751665,2
2024-12-20,UNH,1,0.3990419768033814,0.5185022924536138,0.7092558140404474,0.48868056516157304,0.5288701621147539,2
2024-12-20,WMT,0,0.42307859809876686,0.4159323101168094,0.4232639470374143,0.12938930423906006,0.34791603987301273,2
2024-12-20,XOM,1,0.37975712401666656,0.4361525762002324,0.3732444921205851,0.14590473132531678,0.3337647309157002,2
2024-12-23,AAPL,0,0.4986201424679388,0.5722299341364342,0.5117430960599528,0.6749931167823642,0.5643965723616724,2
2024-12-23,CAT,0,0.5073663708464585,0.4533126823318951,0.40741695759032276,0.4002667314215716,0.442090685547562,2
2024-12-23,DIS,0,0.45632971672087685,0.48108196098632955,0.4605663108231146,0.666619915603474,0.5161494760334487,2
2024-12-23,GE,1,0.47557817243724876,0.4517058177468714,0.45319249732627465,0.4448842069871344,0.4563401736243823,2
2024-12-23,GS,1,0.5464973196875528,0.5242825124826825,0.5807879406316725,0.2611042755867203,0.47816801209715704,2
2024-12-23,IBM,1,0.5189260899225601,0.5562816047921075,0.5612060775650412,0.5421728799152362,0.5446466630487362,2
2024-12-23,JPM,1,0.527503223055781,0.533186641403916,0.49057049762504035,0.6180652902929923,0.5423314130944324,2
2024-12-23,KO,0,0.48306745910089705,0.4236560077006987,0.41852279853834734,0.8596359248209136,0.5462205475402142,2
2024-12-23,MSFT,0,0.48808259521221403,0.4561935871654012,0.4578265233677141,0.35627078093748626,0.43959337167070395,2
2024-12-23,UNH,1,0.41685715768739884,0.46794027849539327,0.6144367244271551,0.21777215702008818,0.42925157940750885,2
2024-12-23,WMT,0,0.46510294317120376,0.4561567859814432,0.46009245605495847,0.2480456617345965,0.4073494617355505,2
2024-12-23,XOM,1,0.4230383547685852,0.4602780982483277,0.4865954495064472,0.009517873096732975,0.34485744390502326,2
2024-12-24,AAPL,0,0.5139582672235968,0.5679867469162765,0.5226641749451105,0.6075813359629453,0.5530476312619823,2
2024-12-24,CAT,0,0.5085097109408914,0.47446648939847125,0.4523184078193923,0.26331750215680655,0.4246530275788904,2
2024-12-24,DIS,0,0.4627522639912477,0.4896761801333701,0.4605663108231146,0.599352069386424,0.5030867060835391,2
2024-12-24,GE,1,0.4823101244028735,0.45566440445664513,0.4447774686453237,0.5656506543311954,0.48710066295900944,2
2024-12-24,GS,1,0.5445257735186153,0.5533110508965812,0.5678312182875092,0.38859974850930906,0.5135669478030037,2
2024-12-24,IBM,1,0.5308286391702343,0.5743991221011016,0.5612060775650412,0.8223547451913515,0.6221971460069322,2
2024-12-24,JPM,1,0.5343815187451336,0.5456403224302819,0.5027858831507409,0.6875205707584712,0.5675820737711569,2
2024-12-24,KO,0,0.5039964750834323,0.4464259578769664,0.41852279853834734,0.906551289194181,0.5688741301732317,2
2024-12-24,MSFT,0,0.5043671921815662,0.47644172101133303,0.4605663108231146,0.28192453286381525,0.43082493921995724,2
2024-12-24,UNH,1,0.4225660107530874,0.46245440552148664,0.6140282946504163,0.3495049264121244,0.4621384093342787,2
2024-12-24,WMT,1,0.494850089429265,0.46047561622378963,0.4386652308709774,0.14886666454078198,0.3857144002662035,2
2024-12-24,XOM,0,0.4311041940696613,0.4558254046691574,0.4865954495064472,0.004021569275492581,0.3443866543801896,2
2024-12-26,AAPL,0,0.5011113259444686,0.6267766239020598,0.5241678182820315,0.6813906750760039,0.583361610801141,2
2024-12-26,CAT,0,0.4934688285672107,0.4500282493396773,0.441037648278054,0.13646537810315354,0.38025002607202385,2
2024-12-26,DIS,0,0.4541501897512659,0.4672301660171098,0.4605663108231146,0.5404747227909779,0.48060534734561705,2
2024-12-26,GE,1,0.4727711963908736,0.4711024273438271,0.5236835205130087,0.5613211414065385,0.507219571413562,2
2024-12-26,GS,0,0.5329185302194832,0.5561986245334206,0.5693098244794089,0.4045216329153053,0.5157371530369045,2
2024-12-26,IBM,1,0.5034808582569987,0.548506256584244,0.5580126484221479,0.6178502537564379,0.5569625042549571,2
2024-12-26,JPM,1,0.523455174994251,0.5395089964227144,0.5042927560790577,0.6306016663845502,0.5494646484701433,2
2024-12-26,KO,0,0.4887032775802521,0.44249274171551745,0.41852279853834734,0.7989260855105726,0.5371612258361724,2
2024-12-26,MSFT,1,0.49165365469388744,0.4771406032722355,0.4605663108231146,0.43591135805224324,0.4663179817103702,2
2024-12-26,UNH,1,0.4161488384710642,0.47443851017554123,0.5718005474306882,0.26844165443674584,0.43270738762850985,2
2024-12-26,WMT,1,0.4894113617981113,0.4568489882862659,0.4386652308709774,0.27331246553550376,0.41455951162271454,2
2024-12-26,XOM,0,0.4321691727699356,0.44486635436208477,0.501738162591061,0.006942162551620801,0.34642896306867554,2
2024-12-27,AAPL,0,0.4864465545003482,0.5428753137383022,0.5014509840977172,0.5586626706972255,0.5223588807583983,2
2024-12-27,CAT,0,0.48591533870519943,0.44299810267491646,0.441037648278054,0.10631980705030654,0.36906772417711914,2
2024-12-27,DIS,0,0.45443826727584297,0.4737643710732621,0.4605663108231146,0.5430461051665746,0.48295376358469855,2
2024-12-27,GE,1,0.46687333405453063,0.46023232709462764,0.48422667785237594,0.3465189978629385,0.4394628342161182,2
2024-12-27,GS,0,0.5255848781235491,0.5248274280410375,0.5790996987214622,0.3759837047440331,0.5013739274075205,2
2024-12-27,IBM,0,0.5074981258284704,0.5729061815515265,0.5612060775650412,0.7838370087252408,0.6063618484175697,2
2024-12-27,JPM,1,0.5202900263732768,0.528421554251883,0.5042927560790577,0.6335495746688883,0.5466384778432765,2
2024-12-27,KO,1,0.4825412195720673,0.43755782085085954,0.41852279853834734,0.7361549119783029,0.5186941877348943,2
2024-12-27,MSFT,0,0.4640325965839598,0.4672856842435957,0.4578265233677141,0.5165809700005201,0.4764314435489474,2
2024-12-27,UNH,1,0.4080720802896074,0.46425114292397857,0.5830415286299242,0.19934934455752587,0.413678524100259,2
2024-12-27,WMT,1,0.47176466157855446,0.44308728869663777,0.4386652308709774,0.3377906540913194,0.42282695880937227,2
2024-12-27,XOM,1,0.43166636197530595,0.41050767477703365,0.48435970019472624,0.01943220916382966,0.33649148652772387,2
2024-12-30,AAPL,0,0.4914946077728412,0.4454235227941809,0.43456135744561536,0.13392637433634552,0.37635146558724575,2
2024-12-30,CAT,1,0.4905701894416485,0.45926273914927923,0.4442344809112945,0.1451044323797974,0.38479296047050493,2
2024-12-30,DIS,0,0.44795717081893055,0.3884121493923053,0.33464074009924516,0.13969047548610897,0.3276751339491475,2
2024-12-30,GE,1,0.473624118894838,0.4664970786575228,0.4423133222850676,0.4601628931852028,0.46064935325565787,2
2024-12-30,GS,0,0.5316942385316804,0.4734571276654056,0.4280151425773178,0.31095648392068687,0.4360307481737727,2
2024-12-30,IBM,0,0.506335652995858,0.5700824272671285,0.5612060775650412,0.8183500538139202,0.613993552910487,2
2024-12-30,JPM,1,0.5227230515710412,0.5136904926075854,0.5027858831507409,0.6259327142975083,0.541283035406719,2
2024-12-30,KO,1,0.4814551026152063,0.4420896507808398,0.41852279853834734,0.717144701366089,0.5148030633251206,2
2024-12-30,MSFT,0,0.47515910025963093,0.47013084792994186,0.4605663108231146,0.44524848933587063,0.46277618708713947,2
2024-12-30,UNH,1,0.402342937092102,0.45029564077459483,0.5783598613844284,0.21368624910161685,0.41117117208818554,2
2024-12-30,WMT,0,0.4676395879330423,0.4481476852475921,0.4386652308709774,0.372916148912523,0.4318421632410337,2
2024-12-30,XOM,1,0.4337664748743829,0.42031772253936184,0.4875966250742288,0.012441623385896298,0.33853061146846747,2
2024-12-31,AAPL,0,0.4788786541386217,0.42822820799066186,0.4524150391373319,0.12407023540934918,0.37089803416899114,2
2024-12-31,CAT,1,0.4939246996985099,0.4561582284144386,0.4442344809112945,0.11761858393300294,0.37798399823931145,2
2024-12-31,DIS,0,0.44777778494488046,0.3676874351676397,0.33464074009924516,0.16015212252562372,0.3275645206843472,2
2024-12-31,GE,1,0.4750929179647455,0.4970875721810734,0.4859576702752201,0.5033159075423228,0.49036351699084046,2
2024-12-31,GS,1,0.5338835377459201,0.48863458854235686,0.4280151425773178,0.24692862565012688,0.4243654736289304,2
2024-12-31,IBM,0,0.5020120339090224,0.5727950531015332,0.5612060775650412,0.7668260189316257,0.6007097958768056,2
2024-12-31,JPM,1,0.525391172422104,0.5301799494179628,0.5027858831507409,0.6428657381698614,0.5503056857901673,2
2024-12-31,KO,0,0.48069079320718217,0.43290233029320896,0.41852279853834734,0.8028535177599294,0.5337423599496669,2
2024-12-31,MSFT,0,0.47217963184528416,0.47489434387067614,0.4605663108231146,0.4898050915671917,0.47436134452656664,2
2024-12-31,UNH,1,0.4081832593477211,0.4897978904469932,0.5768634304002302,0.2662366259022484,0.43527030152429824,2
2024-12-31,WMT,0,0.4566194474186975,0.43979386271358195,0.4386652308709774,0.4854632285813991,0.455135442396164,2
2024-12-31,XOM,1,0.44156256372682384,0.3737643984671965,0.38390759364812616,0.02183273947923425,0.30526682383034515,2
2025-01-02,AAPL,0,0.46229487468257796,0.4391041481221453,0.4447828780296748,0.48335281759035353,0.45738367960618787,2
2025-01-02,CAT,1,0.4909861462928677,0.4346591453642157,0.4541414673006747,0.2017338016153954,0.39538014014328837,2
2025-01-02,DIS,0,0.4488208411738138,0.38244441174951466,0.33464074009924516,0.1927515587614525,0.3396643879460065,2
2025-01-02,GE,1,0.4770529712803213,0.4856435189036802,0.4423133222850676,0.5672959543147439,0.4930764416959532,2
2025-01-02,GS,1,0.532860488260169,0.503141513544034,0.5480349693321395,0.32021984018213956,0.4760642028296205,2
2025-01-02,IBM,0,0.5017353509007786,0.5704101159302345,0.5612060775650412,0.8028071964603508,0.6090396852141012,2
2025-01-02,JPM,1,0.526290726163893,0.5157480883326373,0.4794895124651002,0.6285853384222915,0.5375284163459806,2
2025-01-02,KO,1,0.47551693708087345,0.42780603098934755,0.4552104923662649,0.7859421817146826,0.5361189105377921,2
2025-01-02,MSFT,0,0.46173630891929346,0.4808098732060624,0.46527507466114953,0.5178165736293061,0.4814094576039529,2
2025-01-02,UNH,0,0.4075888526399458,0.4941230566268948,0.5768634304002302,0.27802316166944985,0.43914962533413016,2
2025-01-02,WMT,0,0.4561692097214418,0.44746892069927247,0.4538153844106827,0.33536297673118604,0.4232041228906458,2
2025-01-02,XOM,1,0.4410043328297176,0.3764092338721904,0.38390759364812616,0.02137214265187722,0.30567332575047784,2
2025-01-03,AAPL,0,0.46443242535214424,0.46390531855934675,0.46635588078831747,0.7271252892977619,0.5304547284993926,2
2025-01-03,CAT,1,0.5007759384884897,0.44759643831562756,0.4442344809112945,0.22456632148193328,0.4042932947993363,2
2025-01-03,DIS,0,0.4519678794362266,0.46205345496994266,0.4605663108231146,0.2737318645521364,0.412079877445355,2
2025-01-03,GE,1,0.48239379264682025,0.5124735303760404,0.5211925807253687,0.581063323353924,0.5242808067755383,2
2025-01-03,GS,1,0.5393713878028239,0.5452278830287821,0.5710082448687398,0.3482070463728144,0.50095364051829,2
2025-01-03,IBM,0,0.4953960344456981,0.5432467857802896,0.5631139962446461,0.7087440253005529,0.5776252104427967,2
2025-01-03,JPM,1,0.5304535123589005,0.5156463918714935,0.4794895124651002,0.6903412042322266,0.5539826552319302,2
2025-01-03,KO,1,0.4785599647242314,0.4377615109294471,0.4552104923662649,0.7627762635758272,0.5335770578989426,2
2025-01-03,MSFT,0,0.4652331525947048,0.4586918636953731,0.4334943799993017,0.566801733199382,0.4810552823721904,2
2025-01-03,UNH,0,0.41909919864950523,0.4741463682732559,0.5718005474306882,0.3509638611916543,0.45400249388627595,2
2025-01-03,WMT,0,0.4602208163281066,0.439906632791543,0.4386652308709774,0.42692568225671634,0.44142959056183584,2
2025-01-03,XOM,1,0.44215156063693833,0.36372454506186996,0.38130148682978143,0.039381059464211,0.30663966299820017,2
2025-01-06,AAPL,0,0.46081144418214676,0.4426803096266683,0.4447828780296748,0.4602441523876135,0.45212969605652586,2
2025-01-06,CAT,1,0.49775964853596993,0.41515981307980476,0.4442344809112945,0.2466025964901302,0.4009391347542999,2
2025-01-06,DIS,0,0.4458742544638661,0.43856093326189416,0.47052915676572776,0.18782593875040102,0.3856975708104723,2
2025-01-06,GE,1,0.470195128051793,0.4488083063958365,0.42181071368996104,0.43881077558912,0.44490623093167764,2
2025-01-06,GS,1,0.5346795389614251,0.5226742201156174,0.5448234299837639,0.5265066539016187,0.5321709607406062,2
2025-01-06,IBM,1,0.4890427152362938,0.5192021718700082,0.5612060775650412,0.5071163658661886,0.5191418326343828,2
2025-01-06,JPM,1,0.526338327874105,0.5105489091717368,0.4794895124651002,0.6769657804956587,0.5483356325016502,2
2025-01-06,KO,0,0.4669537113418409,0.4125778882651331,0.42759865450569895,0.5786626540635411,0.4714482270440535,2
2025-01-06,MSFT,1,0.4541037332625182,0.41857083406493284,0.41696171662677767,0.6311443810150976,0.48019516624233155,2
2025-01-06,UNH,0,0.41257708011498617,0.47205593640930665,0.5736973927547977,0.23242697427276474,0.4226893458879638,2
2025-01-06,WMT,0,0.4478438794326012,0.45061350220673113,0.4524150391373319,0.49163106638459764,0.46062587179031544,2
2025-01-06,XOM,0,0.4450508292233348,0.3879866141171695,0.4361008961365091,0.1388575608168446,0.3519989750734645,2
2025-01-07,AAPL,0,0.4569454102491892,0.4489474766775917,0.46635588078831747,0.45458843091947104,0.4567092996586424,2
2025-01-07,CAT,1,0.5051153747525816,0.41608733447188284,0.4442344809112945,0.3246813018096345,0.42252962298634833,2
2025-01-07,DIS,0,0.44084274381405947,0.4390345642221393,0.4578265233677141,0.19513468603009315,0.3832096293585015,2
2025-01-07,GE,1,0.4958258791057173,0.5603357211277433,0.5364095640596317,0.26357718308227607,0.46403708684384215,2
2025-01-07,GS,1,0.5394586552789917,0.5346854945496604,0.5558020435925841,0.4496911694846569,0.5199093407264733,2
2025-01-07,IBM,0,0.48502639222880967,0.5285176281241681,0.5678643963330058,0.41146466432403617,0.498218270252505,2
2025-01-07,JPM,1,0.5285122087209246,0.519390144429169,0.4870746875877235,0.6928622094877657,0.5569598125563957,2
2025-01-07,KO,0,0.4472897913740469,0.394257430528324,0.4350490519253502,0.17260915756599224,0.3623013578484284,2
2025-01-07,MSFT,1,0.4442076655795756,0.44566424036554997,0.4307870281677347,0.4795652487396402,0.45005604571312513,2
2025-01-07,UNH,0,0.44150571758379875,0.4649473876341525,0.5482972963458602,0.46587095926635125,0.48015534020754064,2
2025-01-07,WMT,1,0.4394312511237493,0.44239052114952226,0.4372742074639743,0.382655908573112,0.4254379720775895,2
2025-01-07,XOM,0,0.44955005527812897,0.42830111116931124,0.45429701469269795,0.08497895724816637,0.3542817845970761,2
2025-01-08,AAPL,0,0.4593879590257473,0.4303580133037232,0.43456135744561536,0.43707662732991526,0.44034598927625024,2
2025-01-08,CAT,1,0.501548866959149,0.4237643363001357,0.4541414673006747,0.3098601465348117,0.4223287042736928,2
2025-01-08,DIS,0,0.44018098697713093,0.3637417437962523,0.3321887484790087,0.13207003777339726,0.31704537925644727,2
2025-01-08,GE,1,0.49773911758669354,0.5425904696955864,0.5614083280417419,0.5094425549778206,0.5277951175754606,2
2025-01-08,GS,1,0.542286035673686,0.5446214904548842,0.5678312182875092,0.40280724193358697,0.5143864965874165,2
2025-01-08,IBM,1,0.48009070408476784,0.47632103060949216,0.41827430027090556,0.24490662298643665,0.40489816448790056,2
2025-01-08,JPM,1,0.5261066945125338,0.5167261372070706,0.49057049762504035,0.6709175615584144,0.5510802227257647,2
2025-01-08,KO,0,0.4736476178356356,0.4136887957625426,0.41584031453952747,0.6618195498965372,0.49124906950856073,2
2025-01-08,MSFT,1,0.44688186357370746,0.4435874537807389,0.4334943799993017,0.45369025283718134,0.44441348754773236,2
2025-01-08,UNH,0,0.4724003852975859,0.49505942983328416,0.6622742412875119,0.6584047348673661,0.572034697821437,2
2025-01-08,WMT,0,0.4397291618390956,0.4426265147100675,0.4359504366372232,0.32977395328387715,0.4120200166175658,2
2025-01-08,XOM,0,0.44498257430247035,0.3649780296201521,0.31964599686006917,0.16274291672267707,0.32308737937634213,2
2025-01-10,AAPL,0,0.43778380629088026,0.3867469974669422,0.36412060763802995,0.5687155592177779,0.4393417426534076,2
2025-01-10,CAT,1,0.48605704164944574,0.4557598585274151,0.45911551709431336,0.22863556834691198,0.4073919964045215,2
2025-01-10,DIS,1,0.44990248118075465,0.3598888842597242,0.32398886534819304,0.11269203841532832,0.31161806730100006,2
2025-01-10,GE,1,0.5080621816930718,0.5654507582588617,0.5424584880083415,0.4846365919221611,0.5251520049706091,2
2025-01-10,GS,0,0.5224391369061789,0.4726289329099652,0.4084860096163504,0.18231958974319795,0.3964684172939231,2
2025-01-10,IBM,0,0.4833327573078068,0.5025752158373096,0.5631139962446461,0.3840547012357318,0.48326916765637357,2
2025-01-10,JPM,1,0.5270373926332435,0.5113141174860815,0.4794895124651002,0.6702501824013334,0.5470228012464396,2
2025-01-10,KO,0,0.462202507665404,0.4143490909809964,0.4136538288763793,0.6371665615486708,0.4818429972678626,2
2025-01-10,MSFT,1,0.43449412304088625,0.34661707093162397,0.3083493922677356,0.364531163611835,0.36349793746302017,2
2025-01-10,UNH,1,0.4531480867919804,0.447044166206718,0.4992943372299072,0.36230111522365643,0.4404469263630655,2
2025-01-10,WMT,0,0.4379021370700575,0.45359224175093005,0.4250518955974099,0.2219405073161612,0.3846216954336396,2
2025-01-10,XOM,0,0.4443799810680165,0.3571027490669131,0.31964599686006917,0.18896629844527985,0.32752375636006964,2
2025-01-13,AAPL,0,0.4435471230038571,0.40133948401778347,0.36811166222645697,0.8181212871873156,0.5077798891088532,2
2025-01-13,CAT,1,0.5069870056073631,0.45194607558742,0.3453361782325742,0.3813518794839179,0.4214052847278188,2
2025-01-13,DIS,1,0.45320227556867504,0.356184044641702,0.31934753332126914,0.08130723468144643,0.3025102720532732,2
2025-01-13,GE,1,0.5089477224233075,0.5621664890227749,0.5381324697901667,0.6103540579868165,0.5549001848057664,2
2025-01-13,GS,0,0.5415959876446674,0.5186607637748172,0.5729059784125897,0.31254268283462616,0.48642635316667515,2
2025-01-13,IBM,0,0.4759723789812083,0.44319231653126695,0.4153629757979404,0.30157470472869075,0.4090255940097766,2
2025-01-13,JPM,1,0.5347362768632459,0.5097752485185696,0.4794895124651002,0.7099681199833161,0.5584922894575579,2
2025-01-13,KO,0,0.4746829635738251,0.4091493777095846,0.3915369723013217,0.7194513486706787,0.4987051655638526,2
2025-01-13,MSFT,0,0.44177826986684116,0.36387097202898105,0.31934753332126914,0.3240588115534697,0.36226389669264025,2
2025-01-13,UNH,1,0.458989359334746,0.47744689444396177,0.6665310522279455,0.5676598176665626,0.542656780918304,2
2025-01-13,WMT,1,0.4322814303652243,0.4246473326901598,0.42495983309137525,0.24365102594366714,0.3813849055226066,2
2025-01-13,XOM,0,0.46845336610105676,0.4061038743921884,0.4569297874679533,0.14466171045183432,0.3690371846032582,2
2025-01-14,AAPL,1,0.4560485209607099,0.4064462219580564,0.4014076281788298,0.9109502641087811,0.5437131588015943,2
2025-01-14,CAT,0,0.5162043096223503,0.48971406142060675,0.47761510821091496,0.43467751966097395,0.47955274972871154,2
2025-01-14,DIS,1,0.4547738556999952,0.3607131753823717,0.3107072882427848,0.07395076008419872,0.30003626985233756,2
2025-01-14,GE,1,0.5223127686066138,0.5564990623409092,0.5364095640596317,0.4239363146640505,0.5097894274178013,2
2025-01-14,GS,0,0.5360383741088801,0.5186880787808095,0.5480349693321395,0.22226205480437197,0.45625586925655026,2
2025-01-14,IBM,0,0.48144265281324106,0.4409205865228899,0.4153629757979404,0.34164160257907544,0.4198419544282867,2
2025-01-14,JPM,0,0.5226961423000329,0.5233061243623822,0.48099410773041745,0.674299114794512,0.5503238722968361,2
2025-01-14,KO,0,0.4795320082267608,0.43113601614796665,0.43033512330150886,0.5898833300159414,0.4827216194230444,2
2025-01-14,MSFT,1,0.43903129765039484,0.354693673535217,0.29142442936927115,0.18132291401424822,0.3166180786422828,2
2025-01-14,UNH,1,0.50369180647674,0.5112656007901881,0.6567354901828049,0.7533941200692369,0.6062717543797425,2
2025-01-14,WMT,1,0.43608327836151856,0.4596917213159374,0.44980413770686767,0.4171637026107983,0.44068570999878054,2
2025-01-14,XOM,0,0.48512879290866934,0.4765138598719381,0.48483138791961944,0.12651545590658983,0.3932473741517042,2
2025-01-15,AAPL,1,0.4617085620969772,0.46466845665087275,0.47891102272402275,0.7986676256822726,0.5509889167885363,2
2025-01-15,CAT,0,0.5322239435948164,0.5367782182498184,0.5043527617535983,0.6321053118202599,0.5513650588546233,2
2025-01-15,DIS,1,0.450738188628397,0.36979921047664965,0.31934753332126914,0.07938394734842122,0.30481721994368427,2
2025-01-15,GE,1,0.5361801393871669,0.587747678455757,0.5591811132919774,0.4702231494652575,0.5383330201500397,2
2025-01-15,GS,0,0.5063641314309568,0.49799406660443013,0.4875223290169875,0.6122505564959126,0.5260327708870718,2
2025-01-15,IBM,1,0.47929450430090226,0.4358131566084865,0.4134818746240035,0.3049294280703767,0.40837974090094226,2
2025-01-15,JPM,0,0.5166858617550534,0.5033745307238536,0.46194166211065363,0.701749642075911,0.5459379241663679,2
2025-01-15,KO,0,0.4389894504006308,0.37835733601469873,0.41269608266704294,0.07772651297994164,0.3269423455155785,2
2025-01-15,MSFT,0,0.44191622469388026,0.3830628252370363,0.3409980981244405,0.5205430014400602,0.4216300373738543,2
2025-01-15,UNH,1,0.5135053880863735,0.5407592046817353,0.6928716434433165,0.7929114709937719,0.6350119268012993,2
2025-01-15,WMT,1,0.4352064437265083,0.431581409594589,0.42495983309137525,0.30899136618891027,0.40018476315034573,2
2025-01-15,XOM,0,0.4842909773886611,0.468366091461019,0.48358142338846166,0.25853956192552363,0.42369451354091636,2
2025-01-16,AAPL,1,0.45426807994576696,0.5008826741111693,0.4838617316985553,0.8240839729243956,0.5657741146699717,2
2025-01-16,CAT,0,0.5323727311758629,0.568849313509866,0.5994166016208923,0.7040941315700373,0.6011831944691646,2
2025-01-16,DIS,0,0.453992908486597,0.38957574031802067,0.35446571090266266,0.0620450904389009,0.3150198625365453,2
2025-01-16,GE,1,0.537932988466528,0.5836882946278914,0.5591811132919774,0.45877078568435814,0.5348932955176888,2
2025-01-16,GS,0,0.5350513344281324,0.4826224479026379,0.4875223290169875,0.3443791805624435,0.4623938229775503,2
2025-01-16,IBM,1,0.4806752470421031,0.5259410991704909,0.5710413632635428,0.4150701317690906,0.49818196031130685,2
2025-01-16,JPM,0,0.5335829572435686,0.5135873099103409,0.48099410773041745,0.6401743966082624,0.5420846928731473,2
2025-01-16,KO,1,0.45188767709380523,0.38609222464157,0.40396304723906823,0.10100477808003279,0.3357369317636191,2
2025-01-16,MSFT,0,0.45069860249931537,0.43742058886153545,0.4111364307796584,0.6186511285405948,0.47947668767027596,2
2025-01-16,UNH,1,0.46759175409095693,0.5021986351774392,0.6680696141109049,0.5690174099400913,0.5517193533298481,2
2025-01-16,WMT,1,0.4461831871286191,0.46489970016669957,0.44980413770686767,0.4419228333534165,0.45070246458890073,2
2025-01-16,XOM,0,0.48878506563692914,0.48687194800256367,0.4863370836926505,0.4242214665389571,0.4715538909677751,2
2025-01-17,AAPL,1,0.4492545202817213,0.4699808592241984,0.4704580467044315,0.6787962718964341,0.5171224245266963,2
2025-01-17,CAT,0,0.5229050366061256,0.5416700790732831,0.57494400027677,0.7626921571999391,0.6005528182890295,2
2025-01-17,DIS,0,0.45757676192206437,0.4776858514326368,0.4990453709853893,0.06711136006961714,0.3753548361024269,2
2025-01-17,GE,1,0.5434465511781709,0.5959547496396176,0.5591811132919774,0.7722483061067775,0.6177076800541358,2
2025-01-17,GS,0,0.5281272437101712,0.4709753416129188,0.4875223290169875,0.1538883867989154,0.4101283252847482,2
2025-01-17,IBM,1,0.46895382698914606,0.5059224586644071,0.5349102807633612,0.3498696205600974,0.46491404674425296,2
2025-01-17,JPM,0,0.5308281454761633,0.5216043470380527,0.5039705655790925,0.606162521518067,0.5406413949028439,2
2025-01-17,KO,1,0.44576259966398796,0.43405458353122617,0.378724107218232,0.16465513801712348,0.35579910710764245,2
2025-01-17,MSFT,0,0.43320854919275753,0.4012397298511349,0.3843120942670571,0.4935574490238925,0.4280794555837105,2
2025-01-17,UNH,1,0.4896589743263207,0.466405775424173,0.6769684629595368,0.3653508552808219,0.49959601699771317,2
2025-01-17,WMT,1,0.4446447486492127,0.44131667635012095,0.4358358171306182,0.5002140112448339,0.45550281334369647,2
2025-01-17,XOM,0,0.47964540649171733,0.4538168619622775,0.4584259391182898,0.19604488648238882,0.39698327351366836,2
2025-01-21,AAPL,0,0.4264260605690053,0.49831762011432323,0.4967223347233269,0.8904621119939851,0.5779820318501601,2
2025-01-21,CAT,0,0.5353642262842995,0.529059705567153,0.47911923575949017,0.831789873373924,0.5938332602462166,2
2025-01-21,DIS,1,0.45429033378283373,0.4539358160893666,0.5138890611734073,0.11217250756993273,0.3835719296538851,2
2025-01-21,GE,1,0.5432603923296104,0.5823406838464398,0.551634232356776,0.8951584439321453,0.6430984381162429,2
2025-01-21,GS,0,0.5309362097411379,0.5275751487416873,0.512816656464697,0.22266596673919353,0.4484984954216789,2
2025-01-21,IBM,1,0.4732315585422259,0.5153648757676283,0.5791357686390841,0.4466748265844375,0.503601757383344,2
2025-01-21,JPM,1,0.552061875959258,0.5228236195889645,0.506284341886357,0.4165069143852429,0.4994191879549556,2
2025-01-21,KO,0,0.42222183384656004,0.41807528857233417,0.49891423655832456,0.04885472173513173,0.34701652017808765,2
2025-01-21,MSFT,0,0.4281784287893612,0.35928223631848827,0.2765223988876879,0.3697643648874458,0.3584368572207458,2
2025-01-21,UNH,1,0.530300065249661,0.4819338893492042,0.6881339891307131,0.1503926494807457,0.46269014830258104,2
2025-01-21,WMT,1,0.43371235701069744,0.43809803526886765,0.4112993036663243,0.19933181428167557,0.37061037755689125,2
2025-01-21,XOM,0,0.48297627526674386,0.40883576019826534,0.4569297874679533,0.19031752232726673,0.3847648363150573,2
2025-01-22,AAPL,0,0.45127372221292295,0.49707642168707283,0.5236559396541843,0.9132771129050216,0.5963207991148004,2
2025-01-22,CAT,0,0.5779424735944938,0.5875109551422589,0.5065034082861709,0.9095129941349591,0.6453674577894707,2
2025-01-22,DIS,1,0.4633063526145653,0.4558521383869071,0.5138890611734073,0.18242110893845356,0.40386716527833333,2
2025-01-22,GE,1,0.5762792712260916,0.6274177057053377,0.7027462409331705,0.8034592957502092,0.6774756284037023,2
2025-01-22,GS,0,0.5929515317710452,0.5093696365031918,0.5521452090681469,0.12447954252616783,0.44473647996713794,2
2025-01-22,IBM,1,0.48295007705393866,0.6056563373928814,0.6485989299626619,0.5180148486859952,0.5638050482738692,2
2025-01-22,JPM,0,0.598404282640858,0.5619346128696268,0.5267331988146932,0.5823920982924059,0.567366048154396,2
2025-01-22,KO,0,0.4241379863571941,0.42847916357026,0.5097462950146647,0.047114117390736086,0.35236939058321376,2
2025-01-22,MSFT,0,0.45352611340853194,0.4129180832187531,0.3857393606250441,0.2882120907504049,0.3850989120006835,2
2025-01-22,UNH,1,0.5205516915834942,0.5183749637767375,0.6934899113146497,0.23753628295078413,0.4924882124064164,2
2025-01-22,WMT,1,0.4461318821347319,0.4561258278433855,0.4221741890077134,0.26745687458179856,0.39797219339190737,2
2025-01-22,XOM,1,0.49839540392100223,0.4153045271186583,0.4711856101916097,0.4471316959169741,0.45800430928706104,2
2025-01-23,AAPL,0,0.4509456809259149,0.4971464069581498,0.5236559396541843,0.9248945914384673,0.5991606547441791,2
2025-01-23,CAT,0,0.5834451747231506,0.5796366207245606,0.5088885463633365,0.8822014582886171,0.6385429500249162,2
2025-01-23,DIS,0,0.4698804006215782,0.48545365548690383,0.4973128613607872,0.509508249278186,0.49053879168686376,2
2025-01-23,GE,1,0.5416728943025616,0.5382665306662895,0.40080128195195575,0.8125330484493191,0.5733184388425315,2
2025-01-23,GS,1,0.601133791246763,0.521943305679087,0.5746244036780312,0.21130967809629436,0.4772527946750439,2
2025-01-23,IBM,1,0.486400444885028,0.5998424211500414,0.6712556075318324,0.5369774913778371,0.5736189912361846,2
2025-01-23,JPM,1,0.592415137045592,0.5360860951739321,0.5076410807969498,0.6456933662117481,0.5704589198070555,2
2025-01-23,KO,0,0.4236427364354427,0.4245274877676259,0.5273721129235227,0.03733539324182697,0.3532194325921046,2
2025-01-23,MSFT,0,0.47036794187624925,0.4472887968606682,0.4099252803847024,0.29482681439375796,0.4056022083788445,2
2025-01-23,UNH,0,0.5365710677554422,0.48759072546280874,0.6675265060903108,0.16527881538275185,0.4642417786728284,2
2025-01-23,WMT,1,0.452173189902855,0.46975554711328515,0.4498973715163611,0.31602428397948357,0.4219625981279962,2
2025-01-23,XOM,1,0.5113831333326417,0.45990325972030455,0.4853122795842532,0.555809725788452,0.5031020996064128,2
2025-01-24,AAPL,0,0.43411481381345157,0.4710842208711066,0.43410358326596965,0.4895778708594209,0.4572201222024872,2
2025-01-24,CAT,0,0.5881080147860006,0.5952299373702425,0.5394811533935246,0.8892897850496714,0.6530272226498598,2
2025-01-24,DIS,0,0.46484964266670437,0.5008763058138512,0.4973128613607872,0.422111407023442,0.47128755421619617,2
2025-01-24,GE,1,0.5436429550312964,0.527439407896122,0.5505977641217489,0.820569243520291,0.6105623426423645,2
2025-01-24,GS,1,0.5861029419292544,0.5651631866016597,0.5912395551135122,0.45600209054970825,0.5496269435485337,2
2025-01-24,IBM,0,0.4916924193524201,0.5821947057709352,0.6770249473503807,0.6456603139802662,0.5991430966135005,2
2025-01-24,JPM,1,0.5916393698484864,0.5558291936502597,0.5202179309027734,0.5913202799395253,0.5647516935852612,2
2025-01-24,KO,0,0.4163145007140981,0.41666797207257966,0.41480077405337706,0.07093887950419553,0.3296805315860626,2
2025-01-24,MSFT,1,0.4737509914988494,0.4478357512721707,0.4125965581368364,0.34250535422852774,0.419172163784096,2
2025-01-24,UNH,0,0.5177720438084528,0.4988754687971526,0.65498592457094,0.6150812225549038,0.5716786649328622,2
2025-01-24,WMT,1,0.4584337476761889,0.4757338508003782,0.45390876372591976,0.33708624269237164,0.4312906512237147,2
2025-01-24,XOM,1,0.5104475722293592,0.47808965101714057,0.4853122795842532,0.8113423705155767,0.5712979683365824,2
2025-01-27,AAPL,0,0.42287010263279584,0.5100976296224486,0.5137348224198942,0.4236961795185725,0.46759968354842785,2
2025-01-27,CAT,0,0.5608828644792497,0.5549410340705756,0.5957931364778049,0.28531714934739105,0.49923354609375536,2
2025-01-27,DIS,0,0.4684873068396576,0.47476660309198093,0.4720960712944271,0.34021462082538645,0.43889115051286304,2
2025-01-27,GE,1,0.541998951664689,0.5193118404168311,0.5095706340492919,0.5531085788822337,0.5309975012532614,2
2025-01-27,GS,1,0.5805092547926354,0.5297406301512038,0.5687579944818607,0.6235522360117346,0.5756400288593586,2
2025-01-27,IBM,0,0.47252703646567157,0.5218089702030853,0.4751614705154996,0.2915479820174806,0.44026136480043426,2
2025-01-27,JPM,1,0.5950654409217602,0.5409518729007992,0.5202179309027734,0.592148072460989,0.5620958292965804,2
2025-01-27,KO,1,0.4961725315659838,0.43007618765797345,0.4252547537827985,0.21990255238677353,0.3928515063483823,2
2025-01-27,MSFT,0,0.44320464479104904,0.4080952430607023,0.3843120942670571,0.23667944503541943,0.36807285678855695,2
2025-01-27,UNH,0,0.5157432454400656,0.48943077714668776,0.6567354901828049,0.6648956413137115,0.5817012885208175,2
2025-01-27,WMT,1,0.47736236069766486,0.4953147566584378,0.4860567665484271,0.5902531719284242,0.5122467639582384,2
2025-01-27,XOM,1,0.5158269556152464,0.4482397863364994,0.4711856101916097,0.776264818605435,0.5528792926871976,2
2025-01-28,AAPL,0,0.42789373063847813,0.4625698405854751,0.5120034375511298,0.08569101278545507,0.37203950539013453,2
2025-01-28,CAT,0,0.5761014253098026,0.5422926321058095,0.5717628503810354,0.5897383333248206,0.5699738102803671,2
2025-01-28,DIS,0,0.46935254425285106,0.5162914887152702,0.5100803452842922,0.5241346789569558,0.5049647643023423,2
2025-01-28,GE,1,0.5542787219849828,0.540509963000347,0.5139791468920516,0.4032307811465187,0.5029996532559751,2
2025-01-28,GS,1,0.5888380788989179,0.5212629865372704,0.5608162337850192,0.4530676861926486,0.5309962463534641,2
2025-01-28,IBM,0,0.46633658156754754,0.4292345197613666,0.42197776030485845,0.2827678893275201,0.4000791877403232,2
2025-01-28,JPM,1,0.5950444540345822,0.5484901431857854,0.5310025332934727,0.7414322371164684,0.6039923419075772,2
2025-01-28,KO,1,0.5129011689415864,0.4427469611374426,0.4649221529597782,0.6121038044472521,0.5081685218715148,2
2025-01-28,MSFT,0,0.4635712504091815,0.43485247951157413,0.39800303631102474,0.36244740688061455,0.4147185432780987,2
2025-01-28,UNH,0,0.5269787798462624,0.4950874244721349,0.65498592457094,0.5720120550981955,0.5622660459968831,2
2025-01-28,WMT,1,0.46091541056762586,0.4771747173520143,0.4360430746679824,0.393479943848509,0.4419032866090329,2
2025-01-28,XOM,1,0.5186347214993143,0.4856288017961413,0.5048074221070026,0.9283859052350142,0.6093642126593681,2
2025-01-29,AAPL,0,0.4417091096770875,0.4955075553409495,0.5566055988821708,0.19956122375203417,0.42334587191306045,2
2025-01-29,CAT,0,0.5679880035850338,0.5246332468032711,0.5069229839368543,0.43996033063305917,0.5098761412395546,2
2025-01-29,DIS,0,0.4699592614925911,0.498597986660325,0.4973128613607872,0.40977545270748095,0.46891139055529607,2
2025-01-29,GE,1,0.5583533480778431,0.5033379299998908,0.5095706340492919,0.4496403792752991,0.5052255728505812,2
2025-01-29,GS,1,0.591685292849196,0.5355547612932765,0.5953739910688337,0.3999016457343573,0.5306289227364159,2
2025-01-29,IBM,0,0.4521182046254824,0.4581904525348463,0.3984294091988791,0.45803387764810277,0.44169298600182766,2
2025-01-29,JPM,1,0.5905608040169219,0.5293918591955128,0.5274935695189203,0.7428885345274968,0.5975836918147129,2
2025-01-29,KO,1,0.5124368953234433,0.41740740340619215,0.3663783246804544,0.5925400032259546,0.47219065665901105,2
2025-01-29,MSFT,0,0.47032551269152595,0.4343916634685755,0.39791277774080147,0.4000003330073975,0.4256575717270751,2
2025-01-29,UNH,0,0.519751078094735,0.49793521997594326,0.65498592457094,0.6908680890400012,0.5908850779204049,2
2025-01-29,WMT,1,0.46640960693353617,0.4695493502057203,0.4387579970443824,0.4120882120761328,0.44670129156494287,2
2025-01-29,XOM,1,0.5259545086726755,0.5019855371420991,0.4894805366355993,0.9166429293269086,0.6085158779443207,2
2025-01-30,AAPL,1,0.43528452118216815,0.4548164202568306,0.49312095855975,0.18365791077376867,0.3917199526931293,2
2025-01-30,CAT,0,0.525068682347698,0.5201968278957162,0.5171339249911506,0.15508156248215793,0.42937024942918073,2
2025-01-30,DIS,0,0.48159019077675974,0.4971713346690489,0.5085739212385462,0.38992619212479745,0.469315409702288,2
2025-01-30,GE,1,0.5890732216020701,0.4940952379690514,0.5080641542525041,0.21050520961938682,0.4504344558607531,2
2025-01-30,GS,1,0.6025820985110427,0.5372965062228762,0.6019060509162588,0.5461961462498226,0.5719952004750001,2
2025-01-30,IBM,0,0.47112052514865116,0.4549009653316034,0.42561203200759107,0.8419977408845821,0.5484078158431069,2
2025-01-30,JPM,1,0.5966833583134713,0.5064952833928802,0.5105441504582585,0.7573488393711358,0.5927679078839365,2
2025-01-30,KO,1,0.5159525141367695,0.45306997495722845,0.3893378156303826,0.7224497718907354,0.520202519153779,2
2025-01-30,MSFT,0,0.42100694255557736,0.4753547012892911,0.44231916274511984,0.7366708208506809,0.5188379068601673,2
2025-01-30,UNH,0,0.5292867195926177,0.5019696389151048,0.65498592457094,0.6094834878768419,0.5739314427388761,2
2025-01-30,WMT,1,0.4752179239647653,0.4895622783695037,0.4387579970443824,0.5088928465663257,0.47810776148624434,2
2025-01-30,XOM,0,0.5273092076298106,0.4959834699978554,0.4867239422212485,0.8522956938805394,0.5905780784323635,2
2025-01-31,AAPL,1,0.41405711203390366,0.4454992580750101,0.46622073073889436,0.06063675941554012,0.34660346506583706,2
2025-01-31,CAT,0,0.5410131596236488,0.5093166550381127,0.5171339249911506,0.1448670687042979,0.42808270208930255,2
2025-01-31,DIS,0,0.48416677188287505,0.46040899108884237,0.4958059842780332,0.37410217141475377,0.45362097966612613,2
2025-01-31,GE,1,0.5929882069988186,0.49952802264145396,0.5095706340492919,0.20781082493590683,0.45247442215636785,2
2025-01-31,GS,0,0.5995831044102949,0.5444399371885476,0.6019060509162588,0.5177568250892053,0.5659214794010766,2
2025-01-31,IBM,1,0.5057663868825625,0.4600053571718791,0.45705052807417024,0.7021343327563606,0.5312391512212431,2
2025-01-31,JPM,0,0.6027193312201782,0.5171068806057808,0.5187132664591063,0.7550964585301715,0.5984089842038092,2
2025-01-31,KO,1,0.5112328508818645,0.4544686200021203,0.3893378156303826,0.6260430919898885,0.495270594626064,2
2025-01-31,MSFT,0,0.4483870313698023,0.4704194153543475,0.44231916274511984,0.24200370313770758,0.4007823281517443,2
2025-01-31,UNH,1,0.5254869057025932,0.4914111226897517,0.6553753386698731,0.4666494478780138,0.5347307037350579,2
2025-01-31,WMT,1,0.4676480329527639,0.5754202269784505,0.502044510754761,0.6745401430030147,0.5549132284222476,2
2025-01-31,XOM,0,0.5221227050065922,0.4414679901987003,0.46155108977657244,0.7406439493318594,0.541446433578431,2
2025-02-03,AAPL,1,0.4275690230000366,0.4973508743550247,0.4871111375033331,0.6181294187581127,0.5075401134041267,2
2025-02-03,CAT,0,0.5218163808570151,0.5181439239671937,0.5232901478640747,0.19360427555527665,0.43921368206089,2
2025-02-03,DIS,0,0.4827951689069407,0.43903263952125277,0.4816597135391912,0.29905879258027707,0.4256365786369154,2
2025-02-03,GE,1,0.6021167631551139,0.5155225187483218,0.3660308724708076,0.20409511446332906,0.4219413172093931,2
2025-02-03,GS,1,0.594119026264969,0.5466962810104421,0.6179338346572043,0.3100763699187979,0.5172063779628534,2
2025-02-03,IBM,1,0.49512203672954685,0.45645997256140375,0.45705052807417024,0.8515165287639792,0.5650372665322749,2
2025-02-03,JPM,0,0.6003493787911742,0.5210641185388051,0.5367424089363488,0.764329046204154,0.6056212381176206,2
2025-02-03,KO,1,0.5056386090460192,0.4296665259298301,0.41228928177560964,0.18527039976276577,0.3832162041285562,2
2025-02-03,MSFT,0,0.4579042174937862,0.5060761885912007,0.533631252317199,0.26330938769971085,0.4402302615254742,2
2025-02-03,UNH,0,0.5355676815362574,0.505474253517585,0.66464447234236,0.34728922216707603,0.5132439073908197,2
2025-02-03,WMT,1,0.4722213622287955,0.5568374661383158,0.5005375723644854,0.693693407389705,0.5558224520303254,2
2025-02-03,XOM,0,0.5218235086992807,0.506558431856395,0.4867239422212485,0.9406329585870188,0.6139347103409858,2
2025-02-04,AAPL,1,0.4612939288142865,0.5429277857065988,0.5497890557545098,0.7615191429023621,0.5788824782944393,2
2025-02-04,CAT,0,0.5294143859503758,0.5187698880708623,0.5232901478640747,0.1968443510360205,0.4420796932303333,2
2025-02-04,DIS,0,0.4750713287932489,0.4296188296386189,0.470594072319318,0.20132688579467997,0.39415277913646646,2
2025-02-04,GE,1,0.5871800356481306,0.5054710774845464,0.5095706340492919,0.22865741040380258,0.45771978939644287,2
2025-02-04,GS,1,0.5982075026440455,0.5542301824584948,0.6062260344573169,0.30412297677164857,0.5156966740828764,2
2025-02-04,IBM,1,0.5102126991100349,0.444164732566639,0.45705052807417024,0.6830622529129728,0.5236225531659542,2
2025-02-04,JPM,1,0.6098402511980062,0.5197827269506999,0.5167778379494905,0.8156029132446863,0.6155009323357208,2
2025-02-04,KO,1,0.48913260241235107,0.41985406376049134,0.40961860614038736,0.37732438005335944,0.4239824130916473,2
2025-02-04,MSFT,0,0.4620668753352922,0.5587307450584621,0.5552043541738948,0.23254566309308247,0.45213690941518286,2
2025-02-04,UNH,0,0.5424771079764829,0.5168305898595098,0.6629145270543565,0.4341783233174644,0.5391001370519534,2
2025-02-04,WMT,0,0.48892083755895005,0.6169164215455112,0.5132491032400688,0.749060228784111,0.5920366477821603,2
2025-02-04,XOM,0,0.5371943562977934,0.4819594603188512,0.5030790758014552,0.6935372720089028,0.5539425411067507,2
2025-02-05,AAPL,1,0.46225969843098313,0.5583272963300946,0.5330666595665523,0.8229725645900939,0.594156554729431,2
2025-02-05,CAT,0,0.5295970649951891,0.5210254025405808,0.5449336764539923,0.26924547148274797,0.4662004038681275,2
2025-02-05,DIS,1,0.4489977864011785,0.4379019545636099,0.4738235367629124,0.3399252319224964,0.4251621274125493,2
2025-02-05,GE,0,0.5967682471133845,0.5007294220500074,0.5202101990773794,0.19799434047357428,0.45392555217858643,2
2025-02-05,GS,1,0.5963443086390482,0.523806112569958,0.5854204478526993,0.5015356496740356,0.5517766296839353,2
2025-02-05,IBM,1,0.4990511196031775,0.444882398181781,0.45705052807417024,0.6082817574328852,0.5023164508230035,2
2025-02-05,JPM,1,0.6058858825779694,0.5167655066236942,0.5167778379494905,0.7984502335304428,0.6094698651703992,2
2025-02-05,KO,1,0.4973737596150336,0.4195327568934603,0.41228928177560964,0.3156566856917251,0.4112131209939572,2
2025-02-05,MSFT,0,0.45832703112312606,0.5834655264093345,0.5579272091240673,0.3938652690047571,0.49839625891532124,2
2025-02-05,UNH,0,0.5212549310019481,0.49621354176417887,0.6553753386698731,0.5523458047405085,0.5562974040441271,2
2025-02-05,WMT,0,0.4917696846584861,0.6215072034086736,0.5088402963984928,0.7916695596115063,0.6034466860192897,2
2025-02-05,XOM,0,0.5348970192771089,0.4990936808237677,0.5058370127038943,0.8115189209021925,0.5878366584267408,2
2025-02-06,AAPL,1,0.46066580598111284,0.5647533981994549,0.5330666595665523,0.9124533256771064,0.6177347973560566,2
2025-02-06,CAT,0,0.5135396922976638,0.4975818448569328,0.4876908042301396,0.3187816901314229,0.45439850787903974,2
2025-02-06,DIS,1,0.47126253842810045,0.4402301857384551,0.4738235367629124,0.3201651218782718,0.42637034570193494,2
2025-02-06,GE,0,0.6053773554282524,0.48723288081404625,0.5187055328194343,0.2997598775598054,0.4777689116553846,2
2025-02-06,GS,0,0.5952587178050804,0.5317641036679867,0.5731503631220081,0.5836970232558344,0.5709675519627274,2
2025-02-06,IBM,1,0.5018806881685142,0.48063404884917976,0.45555508940052164,0.6165112284909239,0.5136452637272848,2
2025-02-06,JPM,0,0.6152623365820076,0.5294737854302733,0.5202179309027734,0.521597744084212,0.5466379492498166,2
2025-02-06,KO,1,0.4972325764674653,0.42879624410620243,0.393433879908873,0.24376295091933817,0.39080641285046974,2
2025-02-06,MSFT,1,0.44057201310305516,0.5582737840417785,0.5228120303113645,0.5771333087044773,0.5246977840401689,2
2025-02-06,UNH,0,0.5196986312425622,0.5132644177113652,0.6709902081078135,0.4159926248599108,0.5299864704804129,2
2025-02-06,WMT,0,0.4971743865441598,0.6168678672899132,0.5214153931346227,0.7177970345934456,0.5883136703905353,2
2025-02-06,XOM,1,0.5359940997726313,0.5344175597082793,0.5090757648489556,0.8585486415063301,0.6095090164590491,2
2025-02-07,AAPL,1,0.453027828999761,0.5368898291267155,0.47546179250741,0.802957356450149,0.5670842017710088,2
2025-02-07,CAT,0,0.5244002461022864,0.5165246202234373,0.51099445971584,0.41646000654232646,0.4920948331459725,2
2025-02-07,DIS,1,0.4727621440570229,0.4686998673931078,0.4990453709853893,0.6296637204347891,0.5175427757175772,2
2025-02-07,GE,0,0.5975058447920026,0.480087097801117,0.5206404022823867,0.26535224564313953,0.4658963976296615,2
2025-02-07,GS,0,0.5921788828425553,0.5541219447020747,0.5746244036780312,0.5806947275704932,0.5754049896982886,2
2025-02-07,IBM,1,0.5052177566743601,0.5042263504236695,0.48762506283948787,0.24864145526975584,0.4364276563018183,2
2025-02-07,JPM,0,0.6098936504962071,0.5624911941653763,0.5282716143356561,0.5132750983501805,0.553482889336855,2
2025-02-07,KO,1,0.48948943197359696,0.4203438974129181,0.393433879908873,0.4880716012265423,0.4478347026304826,2
2025-02-07,MSFT,1,0.4354998721211836,0.5086509504259147,0.5091537717213594,0.5044316914373164,0.4894340714264435,2
2025-02-07,UNH,0,0.5174246963998214,0.5138839818644239,0.6620905077846282,0.47898685130386337,0.5430965093381842,2
2025-02-07,WMT,0,0.5047790378617314,0.5974676845855698,0.5081945606290819,0.6334643647262943,0.5609764119506693,2
2025-02-07,XOM,1,0.5304351989308749,0.5259053655940351,0.48624297325026605,0.8881198489298551,0.6076758466762577,2
2025-02-10,AAPL,1,0.4680247223780055,0.5070599094000815,0.47546179250741,0.9080771557890917,0.5896558950186472,2
2025-02-10,CAT,0,0.4841063757797632,0.48244608852846305,0.5241134583648134,0.2821715983179948,0.44320938024775863,2
2025-02-10,DIS,1,0.47976935675165894,0.49562327723434496,0.5311261931168961,0.6845745253972533,0.5477733381250384,2
2025-02-10,GE,0,0.624324181291854,0.4893621768348514,0.5393207717389124,0.2727118162018092,0.4814297365168567,2
2025-02-10,GS,0,0.5477377666209173,0.5560467721296748,0.6158430436444986,0.3641737416927949,0.5209503310219714,2
2025-02-10,IBM,1,0.5217044695288595,0.5094923283832656,0.48333421061738097,0.17493288706725205,0.42236597389918956,2
2025-02-10,JPM,0,0.5527002403940346,0.5258490828200443,0.5139306093596763,0.6950821597381412,0.5718905230779741,2
2025-02-10,KO,1,0.5018057436408041,0.4597885937854018,0.4538153844106827,0.49748351137891017,0.4782233083039497,2
2025-02-10,MSFT,1,0.4318209196709593,0.5199337890926109,0.5200589434530835,0.5654908193280982,0.509326117886188,2
2025-02-10,UNH,0,0.5041541001696851,0.5128101663118751,0.6653541002502664,0.43137173475218576,0.5284225253710031,2
2025-02-10,WMT,0,0.5238074757260179,0.5733531046732382,0.520791079424709,0.7338211513243132,0.5879432027870696,2
2025-02-10,XOM,1,0.5434051338980849,0.49632382046265144,0.48774890235142576,0.6962040292230718,0.5559204714838085,2
2025-02-11,AAPL,1,0.48263203415184547,0.4590563047706665,0.48433122645418153,0.22621812900724766,0.41305942359598524,2
2025-02-11,CAT,0,0.5021401433275772,0.5059918334181083,0.525411877078909,0.24739673854857894,0.44523514809329334,2
2025-02-11,DIS,1,0.4828990967735754,0.4948037178837896,0.4731874869777196,0.713182482196863,0.541018195957987,2
2025-02-11,GE,0,0.6306906989427672,0.5015317677646999,0.5255839186401212,0.12203953761431857,0.4449614807404767,2
2025-02-11,GS,0,0.565074440183202,0.5214507633710567,0.5637012825030878,0.22354290448552314,0.4684423476357174,2
2025-02-11,IBM,1,0.5341885919259107,0.468298618936132,0.44127223659945175,0.5106118341587805,0.4885928204050688,2
2025-02-11,JPM,0,0.5696693939103694,0.5572022850965228,0.5429999246545186,0.7070662986076394,0.5942344755672625,2
2025-02-11,KO,1,0.5196532992166727,0.5901201393126003,0.5133190320548064,0.9033817946316549,0.6316185663039335,2
2025-02-11,MSFT,1,0.440965882246201,0.558310079278351,0.5198904820212524,0.5975370189137548,0.5291758656148897,2
2025-02-11,UNH,0,0.5106574909735262,0.5219917044651429,0.6653541002502664,0.4519451457252915,0.5374871103535568,2
2025-02-11,WMT,0,0.5219335489222698,0.5371396846683962,0.5234167472282096,0.4706455574575959,0.5132838845691179,2
2025-02-11,XOM,1,0.5500874347365904,0.4880319086967127,0.48624297325026605,0.7000168224431387,0.556094784781677,2
2025-02-12,AAPL,1,0.49322004413237897,0.47771702942064864,0.506332059378199,0.253495762458655,0.4326912238474704,2
2025-02-12,CAT,1,0.4636484955368284,0.4885071567739761,0.49595958567217835,0.48477232605373916,0.4832218910091805,2
2025-02-12,DIS,1,0.4828460708954745,0.4902575350954429,0.5018035251660179,0.5255848715477435,0.5001230006761697,2
2025-02-12,GE,0,0.6308331906671204,0.5163327989334946,0.37599701168011174,0.1342271766522991,0.41434754448325645,2
2025-02-12,GS,0,0.5716284099465426,0.506939895964729,0.5637012825030878,0.30689509174643237,0.48729117004019795,2
2025-02-12,IBM,1,0.5479155775969923,0.4738038001297798,0.4617350068935494,0.47077919511043115,0.48855839493268816,2
2025-02-12,JPM,0,0.5652713605713531,0.5593696563500814,0.5495095290145126,0.7021774049815488,0.5940819877293739,2
2025-02-12,KO,1,0.5203095821503868,0.5933510333322108,0.5177973335242642,0.9556515091996339,0.6467773645516239,2
2025-02-12,MSFT,0,0.44092076617198833,0.5635637503680022,0.5298760650500561,0.5876921470859221,0.5305131821689922,2
2025-02-12,UNH,0,0.48095929431498163,0.5287459765353183,0.6971597754329965,0.6681109434405423,0.5937439974309597,2
2025-02-12,WMT,0,0.5175298071539063,0.5375177612765774,0.5352290265271549,0.6065781657954228,0.5492136901882654,2
2025-02-12,XOM,1,0.5219473739558682,0.4649014852631696,0.47436369757337365,0.4528521006199149,0.4785161643530816,2
2025-02-13,AAPL,0,0.497192466905275,0.45022350984375004,0.48260058839036374,0.39426824734723437,0.4560712031216558,2
2025-02-13,CAT,1,0.45004185985511097,0.5097888336955686,0.49595958567217835,0.452557800494006,0.477087019929216,2
2025-02-13,DIS,1,0.485383523850034,0.4862794375090238,0.5018035251660179,0.6276769109442693,0.5252858493673362,2
2025-02-13,GE,0,0.615723954859921,0.49378806999288355,0.5393207717389124,0.29315900006087303,0.4854979491631475,2
2025-02-13,GS,0,0.5689189752020251,0.5251521990907018,0.571212348159886,0.43110304523194504,0.5240966419211395,2
2025-02-13,IBM,0,0.5351492356479219,0.4718639260989604,0.44127223659945175,0.7504344621373564,0.5496799651209225,2
2025-02-13,JPM,1,0.5585593292552596,0.5302352473389479,0.529889905551811,0.6109814127247392,0.5574164737176894,2
2025-02-13,KO,1,0.5191705659502234,0.5996394438428619,0.5177973335242642,0.964784440511843,0.6503479459572981,2
2025-02-13,MSFT,0,0.4385101805849945,0.4879055430568789,0.4918977429837103,0.5253038979089207,0.4859043411336261,2
2025-02-13,UNH,0,0.47658509500555385,0.5345048199990429,0.6578405601921743,0.4280724387724468,0.5242507284923044,2
2025-02-13,WMT,1,0.5282273846727839,0.5802890409654478,0.5559967782600448,0.7398327875298815,0.6010864978570395,2
2025-02-13,XOM,1,0.522162841146813,0.5075494774548452,0.5191753531731798,0.624996443537774,0.543471028828153,2
2025-02-14,AAPL,0,0.49140739678646617,0.4994859085571723,0.5205965615641842,0.651893192034758,0.5408457647356452,2
2025-02-14,CAT,1,0.4648252394465815,0.48797305744412933,0.48326130591148697,0.6901896044532893,0.5315623018138718,2
2025-02-14,DIS,1,0.485918681892761,0.4856860510174064,0.5018035251660179,0.4399049719913362,0.4783283075168804,2
2025-02-14,GE,1,0.6018326175097506,0.4815389903069772,0.57202456943161,0.3751384239793369,0.5076336503069186,2
2025-02-14,GS,0,0.5607691877507797,0.5658529700745418,0.5727245586599382,0.7641354421115708,0.6158705396492077,2
2025-02-14,IBM,0,0.5310119309138623,0.4972488633821911,0.447116382845875,0.7074783357631648,0.5457138782262733,2
2025-02-14,JPM,0,0.5589310050134307,0.5334110047147913,0.5328176410506237,0.6179699972195811,0.5607824119996068,2
2025-02-14,KO,0,0.5219029252414051,0.6014193096810398,0.5177973335242642,0.970007203690809,0.6527816930343795,2
2025-02-14,MSFT,0,0.42585738516067845,0.5236442323570822,0.5351713871041571,0.7095365888638068,0.5485523983714311,2
2025-02-14,UNH,1,0.46550562670252005,0.5300091173493943,0.6385993045869471,0.4574686583448125,0.5228956767459185,2
2025-02-14,WMT,1,0.5241275013565219,0.5787320786369995,0.5448498719308869,0.7078546941610747,0.5888910365213706,2
2025-02-14,XOM,1,0.5102291561838045,0.5067123788095509,0.5048074221070026,0.7366046896480187,0.5645884116870943,2
2025-02-18,AAPL,0,0.5128939828013668,0.4965300551190667,0.5175052537270509,0.7688848202033786,0.5739535279627157,2
2025-02-18,CAT,0,0.44610417148522263,0.4945535783714736,0.4581077019110616,0.528848676056229,0.4819035319559967,2
2025-02-18,DIS,1,0.4855710924771456,0.45083403534939404,0.4958059842780332,0.25752897879994807,0.4224350227261302,2
2025-02-18,GE,1,0.6065979547026099,0.5145543607807741,0.5896365627685383,0.32052224809299856,0.5078277815862302,2
2025-02-18,GS,0,0.5565038435003097,0.601414102707462,0.558490567663678,0.7847921872141559,0.6253001752714014,2
2025-02-18,IBM,0,0.520499734816054,0.45548892960422627,0.44275891838392334,0.6182098606706334,0.5092393608687094,2
2025-02-18,JPM,1,0.5481083102825849,0.5656392204037682,0.5281037612095241,0.798103450039463,0.609988685483835,2
2025-02-18,KO,1,0.5253519819032247,0.6117186817433693,0.5453820063558081,0.9655245795927017,0.6619943123987759,2
2025-02-18,MSFT,0,0.4306387637533779,0.5274087161989083,0.5171361072264448,0.7278922972176163,0.5507689710990868,2
2025-02-18,UNH,1,0.46616632795849855,0.5088795314429103,0.7436485579060531,0.2404212473779762,0.4897789161713596,2
2025-02-18,WMT,1,0.5183926882918999,0.5191414185218536,0.5308373205142328,0.6539356710388253,0.5555767745917028,2
2025-02-18,XOM,0,0.5089375141724038,0.4549202910627634,0.47436369757337365,0.3830727820187612,0.4553235712068255,2
2025-02-19,AAPL,0,0.5225055511932797,0.5175435540997452,0.5310212348149472,0.5939872441891714,0.5412643960742858,2
2025-02-19,CAT,0,0.4511880397628083,0.5107365766153136,0.5290588111855531,0.5331915923733894,0.5060437549842661,2
2025-02-19,DIS,1,0.4898450833642225,0.4588185094595306,0.5138890611734073,0.24212047834024492,0.42616828308435134,2
2025-02-19,GE,1,0.6092139356234602,0.4960419365731335,0.5512930471651859,0.2798425210113211,0.48409786009327516,2
2025-02-19,GS,0,0.548604291815098,0.579640188991844,0.5784529169677133,0.8027115298622539,0.6273522319092273,2
2025-02-19,IBM,1,0.5209828028903787,0.4920354952163633,0.47320658787004144,0.6927023770280666,0.5447318157512125,2
2025-02-19,JPM,0,0.5443902022890114,0.5287448881607429,0.5084833746381394,0.6216883064024875,0.5508266928725953,2
2025-02-19,KO,1,0.5320559492057922,0.6113117468734555,0.5417164181621117,0.9362124304034969,0.6553241361612141,2
2025-02-19,MSFT,0,0.4256720473000161,0.4698293444318763,0.48865949500324996,0.6907070150760145,0.5187169754527892,2
2025-02-19,UNH,1,0.4919372834652829,0.545238351002862,0.6597771953216907,0.24949559784181416,0.4866121069079124,2
2025-02-19,WMT,0,0.5119920722049331,0.5296475178717376,0.5308373205142328,0.6779133398372823,0.5625975626070465,2
2025-02-19,XOM,1,0.522154766221212,0.5422741495269259,0.5023451306538909,0.8635104382259283,0.6075711211569893,2
2025-02-20,AAPL,0,0.5322041471875822,0.5690178274005536,0.5521123321001281,0.4180610504726931,0.5178488392902392,3
2025-02-20,CAT,1,0.46292612554725654,0.5050609723478934,0.4849706305018165,0.3097117109405658,0.44066735983438304,3
2025-02-20,DIS,0,0.49192241755364974,0.4650557290131806,0.49049162014807324,0.4065505405944204,0.463505076827331,3
2025-02-20,GE,1,0.5711809403096912,0.4993998592123403,0.5336932384450072,0.37603516907925827,0.4950773017615742,3
2025-02-20,GS,0,0.4965634809113611,0.5339448771930554,0.5126773724962765,0.6729570828260051,0.5540357033566745,3
2025-02-20,IBM,0,0.49223827154974187,0.5079760887688353,0.4484165257309974,0.4034298535967981,0.46301518491159316,3
2025-02-20,JPM,0,0.4909154119589097,0.5039048412354056,0.5189835187355037,0.5169462442642195,0.5076875040485096,3
2025-02-20,KO,1,0.5284086518362012,0.628978966501514,0.605603354442718,0.8426631624009958,0.6514135337953573,3
2025-02-20,MSFT,1,0.43772442024970815,0.45758983960117217,0.4596632748466904,0.7161981948114844,0.5177939323772638,3
2025-02-20,UNH,1,0.4605802077249654,0.5047514785314243,0.4971278353888535,0.5841195221320439,0.5116447609443218,3
2025-02-20,WMT,1,0.5514315323846977,0.4746627252759742,0.4292429730328515,0.5387785045967615,0.49852893382257124,3
2025-02-20,XOM,0,0.5185058877848552,0.4623754130887199,0.47347878663359666,0.2877203940367437,0.4355201203859788,3
2025-02-21,AAPL,1,0.5093597787179658,0.5127732838781489,0.5275763379332447,0.6511262380626173,0.5502089096479942,3
2025-02-21,CAT,1,0.4517506399095773,0.5376882620281285,0.5033028832115992,0.5020774742234718,0.4987048148431942,3
2025-02-21,DIS,0,0.47587853858361856,0.42756857101184076,0.4577284036326344,0.45837607079792325,0.4548878960065042,3
2025-02-21,GE,0,0.5647548069826446,0.4567031289879161,0.4641331696662191,0.14459808054818798,0.4075472965462419,3
2025-02-21,GS,0,0.500220059860505,0.49770452744389726,0.5126773724962765,0.7299747508668916,0.5601441776668926,3
2025-02-21,IBM,1,0.47693559447123,0.5075483976680039,0.48211980262791126,0.6150313007343524,0.5204087738753744,3
2025-02-21,JPM,0,0.48557835347785583,0.506254965397536,0.5189835187355037,0.4695955622920294,0.4951030999757312,3
2025-02-21,KO,1,0.5021748524648788,0.6013282870006462,0.5389494937272563,0.6991597303891012,0.5854030908954706,3
2025-02-21,MSFT,1,0.42071317484153464,0.5045269558062693,0.45798054888415834,0.46491874358552543,0.462034855779372,3
2025-02-21,UNH,1,0.4296961896253599,0.5697400606116514,0.5903138027634279,0.7512760297438296,0.5852565206860671,3
2025-02-21,WMT,0,0.5659974213682225,0.47586585380522584,0.47169881183352125,0.11909231813961449,0.40816360128664597,3
2025-02-21,XOM,0,0.518919312870874,0.5125734462470303,0.5230894366581844,0.29674393385165715,0.4628315324069364,3
2025-02-24,AAPL,1,0.511642351183335,0.5003438695323827,0.5275763379332447,0.6628388462816209,0.5506003512326458,3
2025-02-24,CAT,1,0.4592438429047043,0.5258744620065996,0.5033028832115992,0.3377768177825627,0.45654950147636647,3
2025-02-24,DIS,0,0.4822926777902729,0.48026082707559636,0.49049162014807324,0.45813209577519187,0.4777943051972836,3
2025-02-24,GE,0,0.519480543904613,0.5250113463093964,0.5226477339423754,0.7450018728385351,0.57803537424873,3
2025-02-24,GS,0,0.49479045804240507,0.5242288377924395,0.5126773724962765,0.664428404825326,0.5490312682891118,3
2025-02-24,IBM,1,0.4797751905000354,0.512816816688546,0.48211980262791126,0.4390232244109234,0.478433758556854,3
2025-02-24,JPM,0,0.48983407825886793,0.5019695125390637,0.5189835187355037,0.41856098790897645,0.48233702436060294,3
2025-02-24,KO,1,0.5004467331344664,0.5944554682619381,0.5389494937272563,0.7070189411581398,0.5852176590704501,3
2025-02-24,MSFT,1,0.4240806962785665,0.5068574354637332,0.45798054888415834,0.45065521113489243,0.4598934729403376,3
2025-02-24,UNH,1,0.4729859788437795,0.537525866807183,0.5748296623281793,0.9244028096252004,0.6274360794010856,3
2025-02-24,WMT,0,0.5520374887422861,0.4888884828244103,0.47169881183352125,0.1685263701129432,0.4202877883782902,3
2025-02-24,XOM,0,0.519227591958679,0.534875118739494,0.5322567483771287,0.23911608529094946,0.4563688860915628,3
2025-02-25,AAPL,0,0.5151654166680285,0.5291819962657388,0.5430000430497455,0.6333236700163588,0.5551677814999679,3
2025-02-25,CAT,1,0.4508105800279451,0.5351969915228175,0.5033028832115992,0.40382614083861723,0.4732841489002447,3
2025-02-25,DIS,0,0.4761848125671648,0.46479796029074966,0.48130345424085236,0.4569091645652553,0.46979884791600557,3
2025-02-25,GE,0,0.5249937789131254,0.5485424845668636,0.5238283304558364,0.756034568200486,0.5883497905340779,3
2025-02-25,GS,0,0.4992092295586585,0.512405664206915,0.485700597002095,0.5207975799863678,0.5045282676885091,3
2025-02-25,IBM,1,0.46221707209742463,0.5007285738776235,0.48211980262791126,0.6549741747009742,0.5250099058259834,3
2025-02-25,JPM,0,0.49374415972658803,0.5065233939400507,0.5189835187355037,0.4159745696255704,0.48380641050692824,3
2025-02-25,KO,1,0.49853679969204867,0.5926460042966337,0.5389494937272563,0.7229240580592149,0.5882640889437885,3
2025-02-25,MSFT,1,0.4247671731612908,0.5022418310591463,0.45798054888415834,0.5419476473511606,0.48173430011393903,3
2025-02-25,UNH,1,0.46260737974811195,0.5602141454688464,0.5614900630157701,0.9483299863905988,0.6331603936558318,3
2025-02-25,WMT,0,0.5490156559351009,0.49039498388817754,0.49865192632730565,0.09679569402058616,0.4087145650427926,3
2025-02-25,XOM,1,0.5122217686271734,0.5264545164141166,0.5031249577126532,0.7414572573271301,0.5708146250202684,3
2025-02-26,AAPL,0,0.5055428462901749,0.4889558066866314,0.4881804904242333,0.763161631279861,0.5614601936702251,3
2025-02-26,CAT,1,0.4694551327209441,0.5174747879197781,0.5163376289706872,0.36720963475244495,0.4676192960909636,3
2025-02-26,DIS,0,0.47388392051634404,0.45622492163124867,0.48130345424085236,0.4766836698130213,0.47202399155036656,3
2025-02-26,GE,0,0.539756596081525,0.5782016760030715,0.6063752333308614,0.6239563516794663,0.587072464273731,3
2025-02-26,GS,0,0.5125938819018753,0.5317498705677288,0.5330170406043608,0.5314471325939163,0.5272019814169703,3
2025-02-26,IBM,1,0.47132277629854824,0.5062253357337093,0.4913309851047455,0.26472241861384843,0.4334003789377129,3
2025-02-26,JPM,0,0.5057530187210572,0.52793483331529,0.5404721276955814,0.30081780463646,0.4687444460920972,3
2025-02-26,KO,1,0.49576341193836887,0.5691678245035648,0.5504764793235706,0.8310607852329103,0.6116171252496037,3
2025-02-26,MSFT,1,0.4466382674324528,0.5618032375785302,0.49374657445334763,0.730572950178457,0.5581902574106969,3
2025-02-26,UNH,1,0.47239326779540297,0.5260337954117256,0.5631818601762015,0.6565708117244917,0.5545449337769555,3
2025-02-26,WMT,0,0.5385175296053089,0.4955084625874059,0.49865192632730565,0.22889558354746986,0.44039337551687263,3
2025-02-26,XOM,1,0.5120782409477074,0.5658684041656101,0.5123182461683627,0.7589517653891413,0.5873041641677055,3
2025-02-27,AAPL,0,0.4971332680573166,0.5147068971542819,0.49349266624738225,0.7823771089273982,0.5719274850965947,3
2025-02-27,CAT,1,0.4749973856825157,0.5113418272319669,0.5175194248761089,0.3369574535023047,0.4602040228232241,3
2025-02-27,DIS,0,0.4757030035873152,0.4604328914645568,0.48130345424085236,0.411938999360091,0.45734458716320386,3
2025-02-27,GE,1,0.538074673269911,0.5640570933968265,0.6063752333308614,0.6912375658601105,0.5999361414644274,3
2025-02-27,GS,0,0.5033647655018165,0.493314815954108,0.5126773724962765,0.612299256606533,0.5304140526396836,3
2025-02-27,IBM,1,0.46693177304868344,0.509659432426213,0.4913309851047455,0.25803769326817416,0.4314899709619541,3
2025-02-27,JPM,0,0.49731557035330753,0.5138913546159242,0.5392965039894062,0.5743937884182778,0.531224304344229,3
2025-02-27,KO,1,0.49243999961083285,0.5077655942488195,0.5299207927604651,0.6316697419011549,0.540449032130318,3
2025-02-27,MSFT,0,0.43711822556855595,0.5277954591731795,0.4757802239515502,0.5341555829860876,0.49371237291984327,3
2025-02-27,UNH,1,0.4807901287870909,0.5382341725220199,0.5478070928632379,0.6020071079084481,0.5422096255201991,3
2025-02-27,WMT,0,0.5307459131712663,0.5450667287689814,0.581581811866808,0.10874033030136375,0.4415336960271048,3
2025-02-27,XOM,1,0.49785584826290546,0.5230560201537571,0.499243268801452,0.6602796088155225,0.5451086865084093,3
2025-02-28,AAPL,0,0.4902912388571099,0.43405790628360935,0.4615848426326305,0.4223579757587728,0.45207299088303066,3
2025-02-28,CAT,1,0.45408865822469635,0.4409369169280858,0.43309050727133064,0.21470195355585828,0.38570450899499276,3
2025-02-28,DIS,0,0.45548368082901586,0.41636683537032343,0.4547495819773036,0.23904452970525797,0.3914111569704752,3
2025-02-28,GE,1,0.5234313645169865,0.56762564937202,0.5826887270895011,0.46599391735286994,0.5349349145828444,3
2025-02-28,GS,0,0.49477731168218175,0.49875783747092334,0.5126773724962765,0.5606758683317344,0.516722097495279,3
2025-02-28,IBM,1,0.42603409042912,0.5182296958783741,0.4774779811317904,0.587210666411449,0.5022381084626834,3
2025-02-28,JPM,0,0.495719022066051,0.5289187992606621,0.5189835187355037,0.4803903732569971,0.5060029283298035,3
2025-02-28,KO,1,0.47694910489019576,0.5159456816962733,0.5299207927604651,0.26219013440022293,0.4462514284367892,3
2025-02-28,MSFT,0,0.4272003701773625,0.47226623008104845,0.45798054888415834,0.5629017035984899,0.4800872131852648,3
2025-02-28,UNH,1,0.475530861213194,0.5453092027307556,0.5529754619127606,0.4535986561909052,0.5068535455119038,3
2025-02-28,WMT,0,0.5152360880647183,0.45098126268274086,0.4956502077028511,0.259269435077568,0.43028424838196955,3
2025-02-28,XOM,1,0.4863948205318489,0.4626210481843861,0.4696096487147287,0.20107510792429098,0.40492515633881365,3
2025-03-03,AAPL,0,0.49447936833527284,0.48468796024384364,0.4881804904242333,0.6528779222503369,0.5300564353134216,3
2025-03-03,CAT,1,0.48012771335811943,0.4951064291893708,0.50474749101679,0.4078849356192434,0.47196664229588087,3
2025-03-03,DIS,0,0.4818353625205773,0.45774207122072913,0.48130345424085236,0.35363284015019925,0.44362843203308955,3
2025-03-03,GE,1,0.5040442241139755,0.5697107021268717,0.5847735077261982,0.6018010231176125,0.5650823642711644,3
2025-03-03,GS,1,0.49104895982357394,0.4690703635772535,0.47520007364614747,0.6280679081702056,0.5158468263042951,3
2025-03-03,IBM,0,0.4791608120650537,0.5099316334554055,0.4654517739821124,0.4050012399103894,0.4648863648532402,3
2025-03-03,JPM,0,0.49674178257876134,0.5391685497667742,0.5392965039894062,0.7358025472661858,0.5777523459002818,3
2025-03-03,KO,0,0.46797747561873476,0.5554811719126735,0.5299207927604651,0.43988670178554407,0.49831653551935434,3
2025-03-03,MSFT,1,0.4517620600437613,0.4245899594533043,0.41389434659502317,0.48699614795242036,0.44431062851112724,3
2025-03-03,UNH,1,0.46735944246452715,0.5068605551123212,0.5199325554315967,0.38540552231099423,0.4698895188298598,3
2025-03-03,WMT,0,0.5112002297651064,0.4566025596491781,0.4956502077028511,0.43317471056175183,0.47415692691972183,3
2025-03-03,XOM,1,0.49229477445712716,0.4620816705803025,0.47647308365252383,0.11176624367622114,0.38565394309154366,3
2025-03-04,AAPL,0,0.4886417400033836,0.4511957874871297,0.4615848426326305,0.4334764068535448,0.45872469424417217,3
2025-03-04,CAT,0,0.46960435553546137,0.5095223501862038,0.5512945433699938,0.5652383487647356,0.5239148994640986,3
2025-03-04,DIS,0,0.4642250505462809,0.43797659968740466,0.48976598061945287,0.4450228782234092,0.45924762726913687,3
2025-03-04,GE,1,0.4967495181163897,0.5199143059899487,0.5022781592303769,0.722338502947,0.5603201215709288,3
2025-03-04,GS,1,0.4892871551516505,0.507320029704712,0.5090513206176558,0.5667041061088914,0.5180906528957274,3
2025-03-04,IBM,0,0.46262907571246525,0.4210324231619049,0.38561898208961587,0.514548244604733,0.44595718139217977,3
2025-03-04,JPM,1,0.48930648153127576,0.5279625177112922,0.5219133447719153,0.6092727823935713,0.5371137816020136,3
2025-03-04,KO,0,0.4663752599484272,0.5178963155833264,0.5350890617673626,0.5116043152002502,0.5077412381248416,3
2025-03-04,MSFT,1,0.44093095924726344,0.40691105473200856,0.3882755817691919,0.3118064421424977,0.3869810094727404,3
2025-03-04,UNH,1,0.4615705975427753,0.5073199573638059,0.4781025955771922,0.39547405881589565,0.46061680232491725,3
2025-03-04,WMT,0,0.49427535544109835,0.489966203181807,0.49865192632730565,0.12709166873569822,0.40249628842147733,3
2025-03-04,XOM,1,0.48886253073873726,0.4660419877680134,0.47647308365252383,0.17827491363788428,0.40241312894928966,3
2025-03-05,AAPL,0,0.5017655096337138,0.4573166418323728,0.48430171912948533,0.6122005083125096,0.5138960947270204,3
2025-03-05,CAT,0,0.4941725209134148,0.5129931249377206,0.5334726201751149,0.6806644354809392,0.5553256753767974,3
2025-03-05,DIS,1,0.4733520398153272,0.44561535582509526,0.48976598061945287,0.43933387755676856,0.462016813454161,3
2025-03-05,GE,1,0.5047830619491548,0.5178955179880692,0.49927635040300855,0.7465634403967927,0.5671295926842563,3
2025-03-05,GS,1,0.5185755312141827,0.4653568467285215,0.45822505937744606,0.392076033444627,0.4585583676911943,3
2025-03-05,IBM,0,0.46341586594861606,0.4361919373168922,0.4111802825819336,0.4894502336940417,0.45005957988537093,3
2025-03-05,JPM,1,0.5114273274282277,0.5394938874459064,0.5422117412164955,0.509832132094557,0.5257412720462967,3
2025-03-05,KO,0,0.4669037535286524,0.5341668145284,0.5350890617673626,0.5310208399688017,0.5167951174483041,3
2025-03-05,MSFT,0,0.46587713602001585,0.43530695214826576,0.4444737825582118,0.19908506075430826,0.38618573287020036,3
2025-03-05,UNH,1,0.4672028699532629,0.4928951422849154,0.46990173648320666,0.35492858641173236,0.44623208378327933,3
2025-03-05,WMT,0,0.4999760323048598,0.5541269309715706,0.581581811866808,0.18441478386907698,0.45502488975307886,3
2025-03-05,XOM,1,0.4672583316287325,0.4692353820870099,0.47647308365252383,0.28949488844713894,0.42561542145385123,3
2025-03-06,AAPL,0,0.4967565673708614,0.45351231952030646,0.48430171912948533,0.39533562122123117,0.45747655681047106,3
2025-03-06,CAT,0,0.5080628804381271,0.4867105868056922,0.49839057361888217,0.39543780348646035,0.4721504610872904,3
2025-03-06,DIS,1,0.4693772622409873,0.4475819403134159,0.44116929858094367,0.5611917833385192,0.4798300711184665,3
2025-03-06,GE,1,0.516167202342625,0.5262502956263939,0.5295439261483864,0.7031928464450538,0.5687885676406147,3
2025-03-06,GS,1,0.49947048418442286,0.48720791410716036,0.4271595451935582,0.5540557732755006,0.4919734291901605,3
2025-03-06,IBM,0,0.46390933045131655,0.4237428329153836,0.3840703854778507,0.43284778519452594,0.4261425835097692,3
2025-03-06,JPM,1,0.5088438162576902,0.5446578776826223,0.5450118038196703,0.44963083962652894,0.512036084346628,3
2025-03-06,KO,0,0.4724715166162562,0.5284631328703394,0.5350890617673626,0.4671774588031983,0.5008002925142891,3
2025-03-06,MSFT,0,0.46427657385181603,0.43630436774856174,0.4477180297939283,0.20311857256128185,0.387854385988897,3
2025-03-06,UNH,1,0.4643174396747746,0.4797342864885762,0.46813047459258095,0.25130307236263155,0.4158713182796408,3
2025-03-06,WMT,0,0.4866544369436065,0.482263523446872,0.4542617257662863,0.3196510543417995,0.4357076851246411,3
2025-03-06,XOM,1,0.47630987544115394,0.48100199817542305,0.47647308365252383,0.4319798763276738,0.4664412083991937,3
2025-03-07,AAPL,0,0.5004452155710765,0.4438506531696387,0.48430171912948533,0.4762624005225971,0.47621499709819937,3
2025-03-07,CAT,0,0.5079738743819981,0.539383703239252,0.5676047644495279,0.5716527944672409,0.5466537841345047,3
2025-03-07,DIS,0,0.4725428660091376,0.4687553408787646,0.47129703784477106,0.33768618584173316,0.43757035764360164,3
2025-03-07,GE,1,0.4939458465544114,0.5085575194256934,0.46483593827796943,0.6885445830482818,0.538970971826589,3
2025-03-07,GS,1,0.5032649798241937,0.5155466512376728,0.46288712988918235,0.5873132194719469,0.517252995105749,3
2025-03-07,IBM,0,0.4441823418185759,0.4636319421202689,0.38930404387657547,0.3042540506588072,0.4003430946185569,3
2025-03-07,JPM,1,0.4812723064083988,0.5740254130817226,0.5615930709056304,0.5946286727831036,0.5528798657947138,3
2025-03-07,KO,0,0.4602039969472604,0.5104095858861772,0.5350890617673626,0.3594184750492521,0.4662802799125131,3
2025-03-07,MSFT,1,0.46241678470178044,0.43513518707513066,0.4602302800956118,0.36927447587198436,0.4317641819361268,3
2025-03-07,UNH,1,0.46874598267851664,0.47731381639723036,0.46813047459258095,0.3213883051907699,0.43389464471477446,3
2025-03-07,WMT,0,0.45161050073466374,0.5172005939615382,0.48088495564723543,0.40932421621327003,0.4647550666391768,3
2025-03-07,XOM,1,0.4658746256012365,0.46080107394884734,0.45304625737983356,0.31961373426047374,0.42483392279759774,3
2025-03-10,AAPL,1,0.4800215575519949,0.47990432880300665,0.4615848426326305,0.21730387407929816,0.40970365076673254,3
2025-03-10,CAT,0,0.5006129873898366,0.47555310864006756,0.5375803985837749,0.16327955295923743,0.41925651189322916,3
2025-03-10,DIS,0,0.4791795021866274,0.488078630969376,0.44093139096515066,0.35263355564668414,0.4402057699419596,3
2025-03-10,GE,1,0.4751923472164184,0.4881654389136578,0.4023805979364397,0.6082127648902712,0.49348778723919673,3
2025-03-10,GS,1,0.501378213010533,0.564521184144984,0.6520969064395773,0.8578271276315999,0.6439558578066735,3
2025-03-10,IBM,0,0.44662948043412765,0.43202200962715037,0.38930404387657547,0.4844384008779819,0.4380984837039589,3
2025-03-10,JPM,1,0.5008102050089316,0.5944806124656463,0.6694385932484072,0.6058504076109305,0.5926449545834789,3
2025-03-10,KO,0,0.4630819133514424,0.5217848860351201,0.5299207927604651,0.432201022695498,0.4867471537106314,3
2025-03-10,MSFT,0,0.4528716244228938,0.456328714922739,0.4447049358441094,0.5081792691542196,0.46552113608599044,3
2025-03-10,UNH,1,0.4543659484753945,0.4876152918589606,0.4791695851972079,0.4718929604914623,0.47326094650575634,3
2025-03-10,WMT,0,0.46037915674538105,0.5753588237713612,0.6463090739636281,0.5986593672321405,0.5701766054281276,3
2025-03-10,XOM,1,0.4526605440380278,0.45801479562469083,0.45304625737983356,0.29126627039842456,0.4137469668602442,3
2025-03-11,AAPL,1,0.4831797154125705,0.49215566045563985,0.42823937761883024,0.20259980085553153,0.401543638585643,3
2025-03-11,CAT,0,0.49467226311336376,0.47696561454631964,0.5375803985837749,0.22158670377824752,0.4327012450054265,3
2025-03-11,DIS,0,0.4772993439289713,0.5300483661961095,0.4429612058568726,0.5367967806298493,0.49677642415295065,3
2025-03-11,GE,1,0.47424527524417165,0.4966661138582428,0.4221349214038952,0.5875166243162865,0.49514073370564904,3
2025-03-11,GS,1,0.5184607844590496,0.5567522385773885,0.6520969064395773,0.6151423009634231,0.5856130576098597,3
2025-03-11,IBM,0,0.45434896473230196,0.5090133019939352,0.44406354182795815,0.7166489169145355,0.5310186813671827,3
2025-03-11,JPM,1,0.5220196231236147,0.6050716117136592,0.7310450391277623,0.4188268006915011,0.5692407686641343,3
2025-03-11,KO,0,0.45563175778536413,0.5327221250363275,0.5350890617673626,0.37989515913198396,0.47583452593025954,3
2025-03-11,MSFT,0,0.45867691445029773,0.4422782331565142,0.418470050245541,0.4852731354278542,0.4511745833200518,3
2025-03-11,UNH,1,0.44635814884278674,0.5059205353364786,0.4789592652773568,0.5285719528123627,0.48995247556724625,3
2025-03-11,WMT,0,0.46905793592636413,0.5527263948378953,0.5019005393294825,0.45066656051710063,0.4935878576527106,3
2025-03-11,XOM,1,0.4552429361018892,0.4916012459351432,0.4607572851839917,0.6280082854992365,0.5089024381800652,3
2025-03-12,AAPL,1,0.49237851367054697,0.5012107602436295,0.4592086875799873,0.4729232572047108,0.48143030467471865,3
2025-03-12,CAT,0,0.5155001410521279,0.526550061503433,0.5067037898233248,0.48593659867261846,0.508672647762876,3
2025-03-12,DIS,0,0.4948202319046026,0.5069577802280374,0.4207963731901956,0.37038981655379843,0.4482410504691585,3
2025-03-12,GE,1,0.48587606042456427,0.5176430604512271,0.5176885332161747,0.725973628751152,0.5617953207107795,3
2025-03-12,GS,1,0.532413431550969,0.5432454896775312,0.6520969064395773,0.24272826493095598,0.4926210231497583,3
2025-03-12,IBM,0,0.4604700953619618,0.5428868814249681,0.5147296524401868,0.6080753270748904,0.5315404890755018,3
2025-03-12,JPM,1,0.5286871987298348,0.5926696157443365,0.6781126485727091,0.3490997714488334,0.5371423086239284,3
2025-03-12,KO,0,0.46779482373107845,0.518416178421029,0.5308538476538408,0.4574638257069008,0.49363216887821226,3
2025-03-12,MSFT,1,0.46639979831031236,0.49091775755748895,0.4446329966475508,0.6077573883479093,0.5024269852158154,3
2025-03-12,UNH,0,0.44166087649413766,0.510008188358734,0.4789592652773568,0.5911192616063485,0.5054368979341443,3
2025-03-12,WMT,0,0.45977510072144134,0.5620543568128469,0.6387871870587007,0.629104745183017,0.5724303474440015,3
2025-03-12,XOM,1,0.4597574977747046,0.5695339990524364,0.5000769795992761,0.7067130446571155,0.5590203802708831,3
2025-03-13,AAPL,1,0.49517335541103513,0.5320352593158552,0.5114986793798124,0.7393703640617871,0.5695194145421224,3
2025-03-13,CAT,0,0.5038016474428485,0.5246935065037375,0.5322184681074308,0.5007134669333336,0.5153567722468376,3
2025-03-13,DIS,0,0.49833761002971444,0.5149201324408643,0.4473035506640184,0.36773746180182365,0.4570746887341052,3
2025-03-13,GE,0,0.4797496531607419,0.5212360708673338,0.44959324351447,0.5647809881493218,0.5038399889229669,3
2025-03-13,GS,1,0.5375786051619895,0.5505528177884551,0.6063733427489683,0.20231536333666306,0.474205032259019,3
2025-03-13,IBM,0,0.45346933332540207,0.5303320832268213,0.5147296524401868,0.7384769098837474,0.5592519947190394,3
2025-03-13,JPM,1,0.5193866194558263,0.6035419788190534,0.7273706352741252,0.37003911997144723,0.555084588380113,3
2025-03-13,KO,1,0.45107512713172865,0.4525160067313229,0.43598506799304576,0.307898557262148,0.4118686897795613,3
2025-03-13,MSFT,0,0.4713076256495778,0.5206491408189471,0.4803530075241187,0.5905900809495143,0.5157249637355394,3
2025-03-13,UNH,1,0.4439757047842739,0.5394779544695927,0.4819564958100232,0.6545417161944093,0.5299879678145747,3
2025-03-13,WMT,0,0.4591970111904389,0.5475448810506465,0.6179034107079378,0.712307032924958,0.5842380839684953,3
2025-03-13,XOM,1,0.44467869023187856,0.5126728000415405,0.46427292828815186,0.7947534811041187,0.5540944749164224,3
2025-03-14,AAPL,1,0.4945014418523254,0.5320352593158552,0.5052795814165364,0.746887626557167,0.569675977285471,3
2025-03-14,CAT,0,0.5221541182101851,0.5396024974929698,0.5370063096309963,0.6647137637552974,0.5658691722723622,3
2025-03-14,DIS,1,0.5055888445363274,0.5130780590802073,0.4473035506640184,0.5051195065090421,0.49277249019739877,3
2025-03-14,GE,0,0.4928164587240669,0.5023627649498117,0.42328980385559234,0.5889351596340815,0.5018510467908881,3
2025-03-14,GS,0,0.5384278744804158,0.563991907586061,0.6572507307368898,0.33170060795740924,0.5228427801901939,3
2025-03-14,IBM,1,0.44966922159481093,0.48999041033066915,0.46468897160128,0.3608132135002761,0.44129045425675906,3
2025-03-14,JPM,1,0.5415319243028341,0.5810622810862179,0.7298748223423102,0.2583345573321674,0.5277008962658825,3
2025-03-14,KO,1,0.4423075995372514,0.46531710930052916,0.44505039923169903,0.1964590579957287,0.38728354151630207,3
2025-03-14,MSFT,0,0.4841942463407015,0.5280830764592507,0.4701871675325266,0.505513509660455,0.4969944999982335,3
2025-03-14,UNH,0,0.43736615522137673,0.5051000605709408,0.4244130168878181,0.7422199799882707,0.5272748031671015,3
2025-03-14,WMT,0,0.449001278219818,0.5393473040835514,0.6085646426690077,0.8408909395407613,0.6094510411282845,3
2025-03-14,XOM,1,0.4679678982189422,0.5011680119409879,0.4821043150583511,0.672712827512641,0.5309882631827305,3
2025-03-17,AAPL,1,0.49511969593213456,0.5314588333293885,0.5333965263975633,0.5903368025180761,0.5375779645442906,3
2025-03-17,CAT,0,0.5262496897040794,0.5500865643857268,0.5370063096309963,0.5966218151506654,0.552491094717867,3
2025-03-17,DIS,0,0.5123137248791986,0.5506742636632713,0.5202853626518801,0.6949539180590277,0.5695568173133444,3
2025-03-17,GE,0,0.5026141350189783,0.5300410997111467,0.46026365405698116,0.5128887221510573,0.5014519027345409,3
2025-03-17,GS,0,0.5415489412738105,0.5286466100390157,0.6496570764598639,0.4266985120429127,0.5366377849539007,3
2025-03-17,IBM,1,0.4544236151266819,0.4990686735639757,0.47384971450122454,0.6521650861109353,0.5198767723257044,3
2025-03-17,JPM,1,0.5429787648204086,0.5691215121295999,0.7117696021872333,0.3332350930067379,0.539276243035995,3
2025-03-17,KO,1,0.4404951264566015,0.45629730579767386,0.43598506799304576,0.29344946352151385,0.4065567409422087,3
2025-03-17,MSFT,0,0.4788820288920628,0.47112848155544895,0.45255853131015084,0.19401714425458022,0.3991465465030607,3
2025-03-17,UNH,1,0.43472287085457473,0.4396260059525856,0.42168799643819427,0.5362542781913437,0.4580727878591746,3
2025-03-17,WMT,0,0.46239993205907914,0.5324245305074903,0.6387871870587007,0.5998879371627759,0.5583748966970115,3
2025-03-17,XOM,1,0.4583496068646568,0.4781842863723792,0.46178626692089614,0.5215946926822917,0.4799787132100559,3
2025-03-18,AAPL,1,0.4943551185848024,0.5440395786593586,0.5246371023228605,0.45568319795000717,0.5046787493792572,3
2025-03-18,CAT,0,0.4975082505402027,0.537544394972513,0.5799491705580303,0.7440910975639438,0.5897732284086724,3
2025-03-18,DIS,0,0.5135834286243818,0.5437280391243513,0.5170773439138349,0.7674220270329244,0.5854527096738731,3
2025-03-18,GE,0,0.4980196663318886,0.5206046983998546,0.46026365405698116,0.5311506573249533,0.5025096690284194,3
2025-03-18,GS,0,0.5352287742186448,0.5312617658631895,0.6329537706249236,0.3486205791096982,0.512016222454114,3
2025-03-18,IBM,1,0.442142830400704,0.5013982094388992,0.47724925246586436,0.7328819970166404,0.538418072330527,3
2025-03-18,JPM,0,0.5367821831013712,0.5597052869243188,0.7117696021872333,0.31744396057327406,0.5314252581965493,3
2025-03-18,KO,1,0.44697653859972336,0.4625015783592725,0.44505039923169903,0.19200359975956674,0.3866330289875654,3
2025-03-18,MSFT,0,0.48181403827560954,0.4972375070787896,0.46168638435872483,0.37283023708875956,0.45339204170047087,3
2025-03-18,UNH,1,0.44400546441235306,0.4782617555986365,0.44625306208632276,0.645879637963466,0.5035999800151946,3
2025-03-18,WMT,1,0.46994477057830586,0.5434532114827635,0.597890259944307,0.49539731257519515,0.5266713886451428,3
2025-03-18,XOM,1,0.4684187418616053,0.4903922742760587,0.46178626692089614,0.5732821290694048,0.4984698530319912,3
2025-03-19,AAPL,1,0.49000331442091427,0.5182072854093199,0.5234566868177242,0.4124323295024083,0.4860249040375917,3
2025-03-19,CAT,0,0.5114763260266717,0.5264440301284601,0.5358294341610922,0.4474392625022355,0.5052972632046149,3
2025-03-19,DIS,0,0.5107463125238378,0.5142205963719698,0.5172877843966646,0.716736441445752,0.564747783684556,3
2025-03-19,GE,0,0.5096042735386312,0.4761780380280521,0.4220780445384064,0.4930879426901264,0.47523707469880405,3
2025-03-19,GS,0,0.5284307148725185,0.5365225306790525,0.6426336041678614,0.3383073759818732,0.5114735564253264,3
2025-03-19,IBM,1,0.44579864655241486,0.5128433322515222,0.5147296524401868,0.7854905422912681,0.564715543383848,3
2025-03-19,JPM,0,0.535561300834193,0.5367046499931876,0.7117696021872333,0.32740265638298627,0.5278595523494001,3
2025-03-19,KO,1,0.43977998763400483,0.4611660497088429,0.43598506799304576,0.3508696776228892,0.42195019573969567,3
2025-03-19,MSFT,0,0.4843866149173846,0.504924312696671,0.46168638435872483,0.3627674730743132,0.4534411962617734,3
2025-03-19,UNH,1,0.45073798496118905,0.4702791235078509,0.44625306208632276,0.32473451022781297,0.4230011701957939,3
2025-03-19,WMT,1,0.460763630533423,0.5191561459235099,0.6360120538748953,0.39610890433067014,0.5030101836656247,3
2025-03-19,XOM,1,0.4633299776124053,0.4708637236937429,0.46178626692089614,0.29279961265291043,0.4221948952199887,3
2025-03-20,AAPL,1,0.49261970605960825,0.5092851263516637,0.5216417153758028,0.3198979103575609,0.46086111453615897,3
2025-03-20,CAT,0,0.5049022108071137,0.51304308431297,0.5770213190783848,0.3595283306979559,0.4886237362241061,3
2025-03-20,DIS,0,0.5039070603360057,0.5361378796865692,0.5170773439138349,0.5823539577693225,0.534869060426433,3
2025-03-20,GE,0,0.5044358311115349,0.486202503008381,0.4220780445384064,0.5203067104899289,0.48325577228706285,3
2025-03-20,GS,0,0.5336424076249427,0.508153203766063,0.6426336041678614,0.3427458077649484,0.506793755830954,3
2025-03-20,IBM,1,0.41983833877610555,0.4843415744883798,0.4594968110112739,0.5650597920015287,0.48218412906932195,3
2025-03-20,JPM,0,0.5381669623394073,0.5431735921935459,0.7049747423642865,0.3171090551281755,0.5258560880063539,3
2025-03-20,KO,1,0.43174935601087694,0.458701351545033,0.43598506799304576,0.478235441713566,0.4511678043156304,3
2025-03-20,MSFT,0,0.48159195789667913,0.4904745626223783,0.46168638435872483,0.2791765744485632,0.4282323698315864,3
2025-03-20,UNH,1,0.4375451395792537,0.4399340505053161,0.4464613263086361,0.1591198534016962,0.3707650924487255,3
2025-03-20,WMT,1,0.4667543152812256,0.5193216618675851,0.59500013251286,0.39400227910789504,0.49376959719239144,3
2025-03-20,XOM,1,0.4643677540311682,0.47551874331653876,0.46178626692089614,0.3466716999552593,0.4370861160559656,3
2025-03-21,AAPL,0,0.47015355010481164,0.5265617553714015,0.5640398708496357,0.49704061293314517,0.5144489473147486,3
2025-03-21,CAT,0,0.45429917298141115,0.5363741391558239,0.5705492857369665,0.36331076877176993,0.4811333416614929,3
2025-03-21,DIS,0,0.4791961972814181,0.4614591801721398,0.444336981543371,0.14001929806140906,0.3812529142645845,3
2025-03-21,GE,0,0.47748446085383744,0.4866200981342943,0.410258766604696,0.3067821683216371,0.42028637347861625,3
2025-03-21,GS,0,0.5276599838811873,0.5193158675425622,0.5840106468787339,0.6223447232798591,0.5633328053955856,3
2025-03-21,IBM,1,0.4073397547393223,0.48533781593307096,0.4594968110112739,0.7286594032154721,0.5202084462247848,3
2025-03-21,JPM,0,0.5165467497832497,0.5670927240176586,0.6569874058877183,0.3145413864175459,0.5137920665265432,3
2025-03-21,KO,1,0.37860351443873,0.41401545657672856,0.4099553559333171,0.27027629576248374,0.36821265567781486,3
2025-03-21,MSFT,1,0.45052565776521836,0.3978396526326219,0.39591269060808343,0.26743367812104496,0.37792791978174217,3
2025-03-21,UNH,1,0.4171289474734096,0.40280311038185773,0.42027221025116107,0.8721231061393742,0.5280818435614507,3
2025-03-21,WMT,1,0.4766414879562633,0.5134331047671152,0.5462987242987173,0.44324902661895693,0.49490558591026323,3
2025-03-21,XOM,1,0.40012749594870123,0.4598696244773148,0.40513881089090803,0.505762593244503,0.44272463114035676,3
2025-03-24,AAPL,0,0.5030562653480766,0.4964514580342194,0.5304069304622797,0.3863730701065966,0.47907193098779305,3
2025-03-24,CAT,0,0.5219677446468999,0.510547560235602,0.4857909539557341,0.4172704916053265,0.48389418761089065,3
2025-03-24,DIS,0,0.5076761973784671,0.4933137267418,0.49375762596170214,0.7298629010535553,0.5561526127838812,3
2025-03-24,GE,0,0.5133523250646054,0.5244545267629634,0.4590881972811243,0.5073299567032868,0.5010562514529949,3
2025-03-24,GS,0,0.5582558130942968,0.5227360498788155,0.512433664300603,0.7073822542243908,0.5752019453745265,3
2025-03-24,IBM,1,0.43233229315278526,0.45197967168310604,0.5118903401825357,0.6883823279087855,0.5211461582318031,3
2025-03-24,JPM,0,0.5516660688525779,0.5309588943374675,0.5981109587209316,0.4144293559310699,0.5237913194605117,3
2025-03-24,KO,1,0.4298680879418365,0.4400974611327462,0.44505039923169903,0.2757952120005504,0.39770279007670806,3
2025-03-24,MSFT,1,0.47357262166576247,0.4718132461918906,0.4515603605445816,0.27924964532849783,0.41904896843268313,3
2025-03-24,UNH,1,0.4647059698744942,0.5586448025152079,0.5687263035680992,0.5331972446673916,0.5313185801562983,3
2025-03-24,WMT,1,0.4999204322982312,0.5091555853433929,0.514297470392023,0.5894690567831975,0.5282106362042112,3
2025-03-24,XOM,1,0.4637423296991964,0.49881492729009136,0.4673664620438674,0.683134070484508,0.5282644473794158,3
2025-03-25,AAPL,0,0.5100198821251372,0.49879587497233036,0.5210256620924538,0.38573289103378444,0.4788935775559265,3
2025-03-25,CAT,0,0.5312452257153641,0.5144222712442519,0.4919817303343614,0.32362857367695425,0.4653194502427329,3
2025-03-25,DIS,0,0.5063787669709984,0.5109953790097079,0.4705978760058887,0.6306052340310102,0.5296443140044014,3
2025-03-25,GE,0,0.5147555222122754,0.5144839838517093,0.4590881972811243,0.3194660843657906,0.4519484469277249,3
2025-03-25,GS,0,0.558439519785118,0.5179613113793231,0.512433664300603,0.7213211260850748,0.5775389053875297,3
2025-03-25,IBM,1,0.44110408041131854,0.47941398746441666,0.4593566095906677,0.7456541628191119,0.5313822100713788,3
2025-03-25,JPM,1,0.5554588082925207,0.5289317980256271,0.5890901691832359,0.4018960771414372,0.5188442131607052,3
2025-03-25,KO,1,0.43116105766846474,0.4427042768741628,0.44505039923169903,0.2871735083815973,0.4015223105389809,3
2025-03-25,MSFT,1,0.48407911804192694,0.48726187095578144,0.4606850230634817,0.19717128282364546,0.40729932372120886,3
2025-03-25,UNH,1,0.47369185545852155,0.5476640525783631,0.5687263035680992,0.2611523007048761,0.462808628077465,3
2025-03-25,WMT,1,0.47901885448494497,0.5408598252053359,0.5492731216139891,0.73308282359359,0.575558656224465,3
2025-03-25,XOM,0,0.46861276394458196,0.5175819239918439,0.4765330006328705,0.7819274745069681,0.5611637907690661,3
2025-03-26,AAPL,0,0.5084473942826137,0.4909612404001497,0.5210256620924538,0.46592930621220124,0.4965909007468546,3
2025-03-26,CAT,0,0.5256060090980127,0.518224649244599,0.4919817303343614,0.3956336036554732,0.48286149808311163,3
2025-03-26,DIS,0,0.5080747004073017,0.5265718475871146,0.4705978760058887,0.7300074933548769,0.5588129793387955,3
2025-03-26,GE,0,0.5113344498051873,0.500284282765725,0.4590881972811243,0.38863056017249675,0.46483437250613335,3
2025-03-26,GS,0,0.5551067756260362,0.5336231937820826,0.512433664300603,0.7662018708253653,0.5918413761335217,3
2025-03-26,IBM,1,0.4404180051553751,0.4780431165158424,0.45332944319787594,0.6970971182908653,0.5172219207899897,3
2025-03-26,JPM,1,0.5432699203685808,0.5501425099634418,0.6226318613558279,0.3623921578779735,0.519609112391456,3
2025-03-26,KO,1,0.4285613364553572,0.44144517387717963,0.43598506799304576,0.31921469367421934,0.4063015679999505,3
2025-03-26,MSFT,1,0.486539879193406,0.4914076636192945,0.4606850230634817,0.47256882775983583,0.4778003484090045,3
2025-03-26,UNH,1,0.4704959359768165,0.5623401685649843,0.5687263035680992,0.43012072389141415,0.5079207830003285,3
2025-03-26,WMT,1,0.47686652845436944,0.5302712197905773,0.5583391853888663,0.4983838474305114,0.5159651952660812,3
2025-03-26,XOM,0,0.468945167170222,0.5166068121157177,0.5135348667699354,0.6085398728992724,0.5269066797387869,3
2025-03-27,AAPL,0,0.5128814222359611,0.4966915259300442,0.5037022988016296,0.40446358016613626,0.4794347067834428,3
2025-03-27,CAT,0,0.5268216588882718,0.5162697411367905,0.4919817303343614,0.4607964195915595,0.49896738748774583,3
2025-03-27,DIS,0,0.5016951709434152,0.5243998463700685,0.4799810527632854,0.5545364240665727,0.5151531235358354,3
2025-03-27,GE,1,0.5178516212255293,0.5173930164981068,0.46026365405698116,0.3577058285957106,0.463303530094082,3
2025-03-27,GS,0,0.5461606572831037,0.5428184148344106,0.5420804087513816,0.7064712940117452,0.5843826937201603,3
2025-03-27,IBM,0,0.44690278207490036,0.48675680043431474,0.47719108188191867,0.7016064607777892,0.5281142812922308,3
2025-03-27,JPM,1,0.5545663888625135,0.5435564001180551,0.5811052868370722,0.5351319828197286,0.5535900146593423,3
2025-03-27,KO,1,0.4378966126646819,0.45326574265801434,0.44505039923169903,0.3873898567687861,0.4309006528307953,3
2025-03-27,MSFT,1,0.48839590495749363,0.48784563756755084,0.4606850230634817,0.4706826508759473,0.47690230411611834,3
2025-03-27,UNH,1,0.4791214955796346,0.5476216652550286,0.5687263035680992,0.17860684590776657,0.44351907757763226,3
2025-03-27,WMT,1,0.49474212631677333,0.5188981884772458,0.5333965263975633,0.4591714456647039,0.5015520717140716,3
2025-03-27,XOM,0,0.4724356751308566,0.5184560623423742,0.4765330006328705,0.6738047016318546,0.535307359934489,3
2025-03-28,AAPL,0,0.5098338314164683,0.5246873637872552,0.49985716218782117,0.6267120840008389,0.5402726103480959,3
2025-03-28,CAT,0,0.520884817628734,0.542597056396322,0.5370063096309963,0.6651204803501,0.566402166001538,3
2025-03-28,DIS,1,0.4931938206733916,0.5309884088254225,0.46483464055468265,0.4782058971826148,0.4918056918090279,3
2025-03-28,GE,1,0.5091191659205299,0.47090490173393895,0.41629245784113483,0.5392232403498196,0.4838849414613558,3
2025-03-28,GS,0,0.5332472754308434,0.5460260201005152,0.5502334202824022,0.7704072846922259,0.5999785001264967,3
2025-03-28,IBM,0,0.44464720841885497,0.4881877801322395,0.4593566095906677,0.6350741994382559,0.5068164493950046,3
2025-03-28,JPM,1,0.5342030104434878,0.538339543993882,0.6097349497831142,0.7667900855243499,0.6122668974362084,3
2025-03-28,KO,0,0.42593471326910765,0.4457109495097581,0.4099553559333171,0.4045711889872096,0.42154305192484814,3
2025-03-28,MSFT,1,0.47800599719244274,0.4931107587892285,0.4545357065295195,0.7115016606583996,0.5342885307923976,3
2025-03-28,UNH,1,0.480251075950993,0.5483279645562457,0.5716689508479137,0.0747309163948829,0.41874472693750875,3
2025-03-28,WMT,1,0.4889641951906138,0.5239010803477763,0.48257289615739574,0.46530709692442795,0.4901863171550534,3
2025-03-28,XOM,0,0.47688754289232477,0.5075136881218719,0.4765330006328705,0.8336182436834738,0.5736381188326353,3
2025-03-31,AAPL,1,0.4867663247491928,0.5056627611101484,0.4846983275869456,0.49539737172229587,0.4931311962921457,3
2025-03-31,CAT,0,0.5030598837062699,0.5250542937135603,0.5705492857369665,0.6470675924568577,0.5614327639034136,3
2025-03-31,DIS,0,0.4774780924452747,0.48674020181491756,0.4386288900639115,0.3917955848269577,0.44866069228776534,3
2025-03-31,GE,1,0.4805664019639598,0.5134925070159368,0.43891807181776915,0.7090822591871383,0.535514809996201,3
2025-03-31,GS,0,0.5299717579060628,0.5530454298102406,0.5333413815651745,0.6384302255250212,0.5636971987016248,3
2025-03-31,IBM,0,0.42864058842046593,0.44457458414263684,0.4332096954823175,0.7546509852840279,0.515268963332362,3
2025-03-31,JPM,1,0.5229091331363643,0.5561597527856289,0.6125883918242024,0.8688057885065005,0.640115766563174,3
2025-03-31,KO,0,0.41972982247150264,0.449602746677879,0.4099553559333171,0.48107723784990036,0.4400912907331498,3
2025-03-31,MSFT,1,0.4504362027786227,0.47809754671896937,0.4292263428713189,0.831226022471328,0.5472465287100597,3
2025-03-31,UNH,1,0.46844429121093595,0.526494732823801,0.54434932337049,0.589768626924217,0.532264243582361,3
2025-03-31,WMT,1,0.46921741531251554,0.5137736044225512,0.5431053617735387,0.6413779662807597,0.5418685869473413,3
2025-03-31,XOM,0,0.44345095647156274,0.460566246418998,0.4409278738413569,0.36239012274210725,0.4268337998685062,3
2025-04-01,AAPL,1,0.5098704845473414,0.5212225159428365,0.4972977876833413,0.7248635843822605,0.5633135931389449,3
2025-04-01,CAT,0,0.52016811002698,0.5088384124912368,0.5370063096309963,0.5350839806493607,0.5252742031996435,3
2025-04-01,DIS,0,0.48270894303108397,0.5034527576656281,0.4483980617227709,0.46511010739780717,0.47491746745432256,3
2025-04-01,GE,1,0.511956890560633,0.5176585492356537,0.46026365405698116,0.4874802822180652,0.49433984401783326,3
2025-04-01,GS,1,0.5443581482438201,0.5523866896487067,0.5420804087513816,0.7967927587577529,0.6089045013504154,3
2025-04-01,IBM,0,0.4456885488648614,0.4686931725873367,0.45956591391135565,0.5519250502556471,0.48146817140480025,3
2025-04-01,JPM,1,0.5433753068880256,0.5650008047564451,0.5942383494371549,0.7475953420849843,0.6125524507916525,3
2025-04-01,KO,0,0.4317921698862235,0.45980678557841986,0.43598506799304576,0.3851623443443001,0.42818659195049724,3
2025-04-01,MSFT,0,0.48567399289367946,0.5398152841285965,0.49498303635058244,0.6776267741515336,0.549524771881098,3
2025-04-01,UNH,1,0.4890227688407227,0.543119696007398,0.5687263035680992,0.3903709874918216,0.49780993897701037,3
2025-04-01,WMT,1,0.4856316837752318,0.5008633197844159,0.5401243400083978,0.15886326846096074,0.42137065300725157,3
2025-04-01,XOM,0,0.4728352667439926,0.5257580513605606,0.5305260669507974,0.4416827754874665,0.4927005401357043,3
2025-04-02,AAPL,1,0.510393228562711,0.5123151766131329,0.49983474281479295,0.7545447938805483,0.5692719854677962,3
2025-04-02,CAT,0,0.5300840658368803,0.5054875474806064,0.5370063096309963,0.44242989381846987,0.5037519541917381,3
2025-04-02,DIS,0,0.4945783117996104,0.5303014908684269,0.46977111193521687,0.5343000024456973,0.5072377292622379,3
2025-04-02,GE,1,0.49654939206788734,0.49609202721035206,0.43891807181776915,0.4976419466546479,0.48230035943766414,3
2025-04-02,GS,1,0.5520762921838401,0.5411255592708515,0.5320610282955422,0.9463273733217699,0.642897563268001,3
2025-04-02,IBM,1,0.4438937942175582,0.4743358165551471,0.45956591391135565,0.5937340257751124,0.4928823876147933,3
2025-04-02,JPM,0,0.5558942359147931,0.5843200414428136,0.610316365511689,0.7668916000906981,0.6293555607399984,3
2025-04-02,KO,0,0.431362831409965,0.46343510324327297,0.44505039923169903,0.3748440836289501,0.4286731043784718,3
2025-04-02,MSFT,1,0.4907572367412409,0.5448022130297623,0.49498303635058244,0.6538929757848556,0.5461088654766103,3
2025-04-02,UNH,0,0.4909909909221068,0.5473667595817642,0.5687263035680992,0.21487402241604397,0.45548951912200353,3
2025-04-02,WMT,1,0.4992409191078277,0.47248541645841347,0.47835002791003106,0.15592389436323673,0.4015000644598772,3
2025-04-02,XOM,0,0.4706013696367563,0.5053031887082217,0.5305260669507974,0.3043592789204042,0.45269747605404487,3
2025-04-03,AAPL,0,0.48299906319689045,0.6207869629643714,0.580189687811443,0.31118218687110466,0.4987894752109524,3
2025-04-03,CAT,0,0.5208033480294423,0.6042094918300471,0.6123593387929095,0.9526660645532804,0.6725095608014198,3
2025-04-03,DIS,0,0.47117755349298523,0.6176704617172348,0.7298748223423102,0.8904257818165479,0.6772871548422695,3
2025-04-03,GE,0,0.47075457988456165,0.5346476623191514,0.4542666623705863,0.1650195480286538,0.40617211315073826,3
2025-04-03,GS,0,0.5040833827926207,0.5989814943232243,0.5752833545948092,0.8837877156571631,0.6405339868419544,3
2025-04-03,IBM,1,0.4207056071627202,0.43929484373172506,0.4332096954823175,0.6784301318663568,0.4929100695607799,3
2025-04-03,JPM,1,0.5098562833128578,0.5943080757253134,0.6376488705342857,0.5598158645252828,0.5754072735244349,3
2025-04-03,KO,1,0.40429561183339924,0.44290940923481037,0.4099553559333171,0.6205072779715277,0.4694169137432636,3
2025-04-03,MSFT,0,0.4466912177393136,0.476326968063868,0.418470050245541,0.6265635639553456,0.4920129500010171,3
2025-04-03,UNH,1,0.4437524885987474,0.5754140300306119,0.5136268204411292,0.9197359246048801,0.6131323159188421,3
2025-04-03,WMT,1,0.45759897291219476,0.4815050648417961,0.5080047941976757,0.5474960996892823,0.4986512329102373,3
2025-04-03,XOM,1,0.4680163490084346,0.4967981485580176,0.4634317337467581,0.2616333608522477,0.4224698980413645,3
2025-04-04,AAPL,1,0.4661790201720093,0.6256483783602531,0.7380743436200916,0.6476376425780221,0.619384846182594,3
2025-04-04,CAT,0,0.48928173063182345,0.6041239675735199,0.6667765619741437,0.9587451081205481,0.6797318420750088,3
2025-04-04,DIS,0,0.4602091477511254,0.6029505999985165,0.6667765619741437,0.9862593570197863,0.679048916685893,3
2025-04-04,GE,0,0.5015044364047765,0.6074424698150457,0.714336751258491,0.031397657459756555,0.46367032873451747,3
2025-04-04,GS,1,0.47211558230871276,0.6031817269758764,0.714336751258491,0.8121578943236663,0.6504479887166865,3
2025-04-04,IBM,1,0.4086010130346685,0.47725735011657466,0.4246900815510256,0.5673743835434647,0.4694807070614333,3
2025-04-04,JPM,0,0.48050911238585675,0.6250118920077705,0.7298748223423102,0.4076986347868131,0.5607736153806876,3
2025-04-04,KO,1,0.421947886766674,0.46063278650650624,0.460939152305843,0.5913782468340336,0.4837245181032642,3
2025-04-04,MSFT,0,0.42438274245301943,0.5186345585232239,0.5110055254361512,0.922714099467571,0.5941842314699914,3
2025-04-04,UNH,0,0.4156729769912306,0.4493022863636328,0.3986116791674911,0.8452200684599585,0.5272017527455782,3
2025-04-04,WMT,1,0.44286158624182165,0.5099130374084971,0.5084381783182835,0.9335094246429526,0.5986805566528888,3
2025-04-04,XOM,1,0.47058045932675124,0.48575597874695847,0.47169881183352125,0.06547461166150743,0.3733774653921846,3
2025-04-07,AAPL,0,0.44455619181533446,0.6238293485095068,0.7380743436200916,0.9327517161811401,0.6848029000315182,3
2025-04-07,CAT,0,0.47864380056659983,0.6026015376802378,0.6667765619741437,0.9989048947448007,0.6867316987414456,3
2025-04-07,DIS,1,0.46260674336330737,0.604420567530984,0.6667765619741437,0.9906795436771777,0.6811208541364032,3
2025-04-07,GE,0,0.4841127305573022,0.6164832406337127,0.6149515738298728,0.044744787951153366,0.44007308324301025,3
2025-04-07,GS,1,0.48901088647828306,0.6004709278902955,0.714336751258491,0.9947566583269022,0.699643805988493,3
2025-04-07,IBM,1,0.4072021282456195,0.4724525444716162,0.3901599828750939,0.6323619772797798,0.4755441582180273,3
2025-04-07,JPM,0,0.4917503436437412,0.6191444123204786,0.641246443943398,0.6682416719075923,0.6050957179538026,3
2025-04-07,KO,1,0.4075523621667566,0.4618821448512643,0.4621239123252579,0.5726010075523196,0.4760398567238996,3
2025-04-07,MSFT,0,0.4267379961763847,0.5203329280884412,0.5110055254361512,0.9115032298786755,0.5923949198949131,3
2025-04-07,UNH,0,0.4263899975739383,0.4359137750596055,0.3946257678346006,0.5953677702537787,0.4630743276804808,3
2025-04-07,WMT,1,0.45090948517555657,0.5133183274287816,0.5110055254361512,0.9578088427378164,0.6082605451945764,3
2025-04-07,XOM,1,0.4557941421389452,0.4834877674642318,0.4581327943832815,0.02137675243175004,0.3546978641045522,3
2025-04-08,AAPL,0,0.47397389783186217,0.6281137494974766,0.7380743436200916,0.9884185941757038,0.7071451462812834,3
2025-04-08,CAT,0,0.5095637029750514,0.5988954545410449,0.6811841079296871,0.9992434464108075,0.6972216779641478,3
2025-04-08,DIS,1,0.48207327884930024,0.5874304111604414,0.6952804455012711,0.99624706616672,0.6902578004194332,3
2025-04-08,GE,1,0.4991358957776886,0.622469007571401,0.6149515738298728,0.34204767387682267,0.5196510377639463,3
2025-04-08,GS,1,0.5193186152681749,0.5799865927762825,0.6455318576066721,0.9988405989923711,0.6859194161608752,3
2025-04-08,IBM,1,0.4184566381783152,0.5100201188551269,0.4204002839626183,0.5201815474268352,0.46726464710572385,3
2025-04-08,JPM,0,0.5091682927568763,0.6051110432815562,0.6162850503742983,0.8612736392646154,0.6479595064193365,3
2025-04-08,KO,1,0.4286881295221823,0.4711852381531455,0.4621239123252579,0.47045933639092974,0.45811415409787887,3
2025-04-08,MSFT,0,0.453104940386117,0.4729631753881307,0.47327845407371344,0.8043204126980823,0.5509167456365108,3
2025-04-08,UNH,0,0.42642331120692223,0.5360195557631019,0.4630672486661979,0.9813790365128721,0.6017222880372735,3
2025-04-08,WMT,0,0.4677967569330953,0.4877640563045194,0.4842703632071399,0.9536413685587579,0.5983681362508781,3
2025-04-08,XOM,1,0.4661295523529004,0.50621272132329,0.4511643436830892,0.21063819123774205,0.4085362021492554,3
2025-04-09,AAPL,0,0.44062147736334284,0.6191130357038122,0.6232419090078011,0.03723862753328047,0.4300537624020591,3
2025-04-09,CAT,0,0.5090343708883385,0.6097371894727687,0.5593310010588399,0.9972887807859404,0.6688478355514719,3
2025-04-09,DIS,1,0.4583972960475442,0.6147642247606518,0.6510685593221713,0.6850926596304443,0.6023306849402028,3
2025-04-09,GE,1,0.47688346792523095,0.6175233902746163,0.6421602043053768,0.015495131338694663,0.4380155484609797,3
2025-04-09,GS,1,0.4773023273024994,0.6175038721064487,0.6361823527867695,0.7304463612241621,0.61535872835497,3
2025-04-09,IBM,0,0.4136236312783908,0.49458877170187804,0.4292263428713189,0.6107310812300872,0.48704245677041874,3
2025-04-09,JPM,1,0.4876357750267041,0.591605350021449,0.593373667036901,0.4633914139708034,0.5340015515139643,3
2025-04-09,KO,1,0.42518256146930494,0.47422100666184186,0.46728825555957976,0.44686939162745687,0.45339030382954587,3
2025-04-09,MSFT,0,0.49167025607223763,0.4882082468279053,0.5486220559969771,0.8829889711504186,0.6028723825118847,3
2025-04-09,UNH,0,0.4392732629048333,0.5428342724689444,0.4630672486661979,0.9964459932650768,0.6104051943262632,3
2025-04-09,WMT,0,0.4581036268625479,0.5054733008007342,0.5208814458013143,0.8257035039139187,0.5775404693446288,3
2025-04-09,XOM,1,0.4643601617519346,0.48627430941522143,0.4382173753799644,0.03480183993701553,0.355913421621034,3
2025-04-10,AAPL,1,0.43795987630751954,0.625896168045367,0.6401713636864638,0.9821128582995967,0.6715350665847367,3
2025-04-10,CAT,1,0.5083548955624618,0.5968659846480212,0.6902343427611675,0.999863573692483,0.6988296991660334,3
2025-04-10,DIS,1,0.451877868951296,0.6134369046998228,0.6672006365492482,0.9991781296899263,0.6829233849725733,3
2025-04-10,GE,1,0.4638235858626802,0.597511863142608,0.6295335890496274,0.4082405082717421,0.5247773865816644,3
2025-04-10,GS,1,0.4673242211094065,0.6175375879000969,0.648229311972568,0.9980736311225624,0.6827911880261585,3
2025-04-10,IBM,0,0.4153980511451024,0.5137604165535694,0.47589381575284917,0.7860572752439471,0.547777389673867,3
2025-04-10,JPM,1,0.4876751658848121,0.5844453454267317,0.593373667036901,0.9475420042660501,0.6532590456536237,3
2025-04-10,KO,0,0.43891740507682914,0.4686128919654083,0.46728825555957976,0.46182890145592886,0.4591618635144365,3
2025-04-10,MSFT,0,0.49421799947194556,0.49445417711706663,0.5486220559969771,0.9534874955878107,0.62269543204345,3
2025-04-10,UNH,0,0.46775588467719714,0.5482689529200722,0.5665158406933364,0.9978493224262729,0.6450975001792196,3
2025-04-10,WMT,0,0.48046797540353636,0.4890628025918911,0.5178841408018472,0.9952463057112969,0.6206653061271429,3
2025-04-10,XOM,0,0.44653826352414144,0.5412431793491136,0.4823927853989187,0.06768858129097916,0.3844657023907882,3
2025-04-11,AAPL,1,0.45118247415412804,0.5611598271297781,0.6206455542555246,0.9999650725677105,0.6582382320267853,3
2025-04-11,CAT,0,0.5087522653649272,0.5604046720105095,0.5847714584019715,0.9980461952948684,0.6629936477680691,3
2025-04-11,DIS,1,0.46120702430246735,0.5883021524673994,0.6668174903221722,0.9981824085227133,0.6786272689036881,3
2025-04-11,GE,1,0.45977279775107205,0.5519693018973539,0.6680078942374569,0.9945219574279215,0.6685679878284511,3
2025-04-11,GS,1,0.4787631012420971,0.5676920471573517,0.6304608218297928,0.9997597932420249,0.6691689408678166,3
2025-04-11,IBM,0,0.42992529928340434,0.4960871297041744,0.4774372799675099,0.787174407755316,0.5476560291776011,3
2025-04-11,JPM,1,0.48814786995675596,0.5363598990257873,0.6062316641058901,0.9997304445270845,0.6576174694038794,3
2025-04-11,KO,0,0.44599964484590177,0.48219227788630165,0.46728825555957976,0.7597846100540662,0.5388161970864623,3
2025-04-11,MSFT,1,0.5147667841948275,0.5217901802252176,0.5763233494838689,0.9693061744644051,0.6455466220920798,3
2025-04-11,UNH,0,0.4830538091699026,0.5315701911564907,0.5956658201138098,0.9986068478784378,0.6522241670796602,3
2025-04-11,WMT,0,0.5012231270127352,0.564803128420576,0.5861217892813053,0.9991677780617673,0.662828955694096,3
2025-04-11,XOM,0,0.468283767716068,0.5128387502959117,0.4856628100973836,0.4771732881550053,0.4859896540660922,3
2025-04-14,AAPL,1,0.4338223510424525,0.5347702998736356,0.6206455542555246,0.9999883766324166,0.6473066454510072,3
2025-04-14,CAT,1,0.5011074363227157,0.5338342856365401,0.5971201914896178,0.9836071833007605,0.6539172741874085,3
2025-04-14,DIS,1,0.4483352087608572,0.581109243039189,0.6740848833874122,0.9975932803192886,0.6752806538766867,3
2025-04-14,GE,1,0.4550514609678677,0.5492307037481095,0.6680078942374569,0.9925294474720532,0.6662048766063717,3
2025-04-14,GS,1,0.4629821039477896,0.5223827927649135,0.6206455542555246,0.9998969234742207,0.6514768436106121,3
2025-04-14,IBM,0,0.43612881522941416,0.4923713886678745,0.4774372799675099,0.7067588521323506,0.5281740839992873,3
2025-04-14,JPM,0,0.49326975493962055,0.5163451127169035,0.5904733123574574,0.9988588472078619,0.6497367568054608,3
2025-04-14,KO,0,0.4627308080702317,0.5364783570409296,0.5031064661677034,0.5946852617125982,0.5242502232478656,3
2025-04-14,MSFT,1,0.5083459704386221,0.5514417368745719,0.5761175562315062,0.8906393048632626,0.6316361421019907,3
2025-04-14,UNH,0,0.4786162931056844,0.5141565778456696,0.4579467748880913,0.9967633042935231,0.6118707375332422,3
2025-04-14,WMT,0,0.49856363183081154,0.5715386169886442,0.5861217892813053,0.9993754567073321,0.6638998737020232,3
2025-04-14,XOM,0,0.4631593292319579,0.5404751161857109,0.5890721112291218,0.7705747752989972,0.590820332986447,3
2025-04-15,AAPL,1,0.44701265371029,0.5431904393574059,0.650755041937156,0.9999492774500064,0.6602268531137145,3
2025-04-15,CAT,1,0.47892466107074755,0.5234309076574972,0.6734060260923407,0.9822054987907058,0.6644917734028228,3
2025-04-15,DIS,1,0.4500294694785614,0.5850968901183009,0.7377407199313685,0.9890669240602329,0.690483500897116,3
2025-04-15,GE,1,0.4433472301720023,0.54719139677978,0.6842265866261884,0.9911050434174411,0.6664675642488529,3
2025-04-15,GS,1,0.47434377950383044,0.5559312209322614,0.647835852766622,0.9986163427172524,0.6691817989799916,3
2025-04-15,IBM,0,0.43342012162742805,0.4971455412755133,0.48704288890052033,0.3928031142525489,0.45260291651400264,3
2025-04-15,JPM,0,0.4905983030865417,0.5300966166188471,0.6319006725799178,0.9952552625401143,0.6619627137063552,3
2025-04-15,KO,0,0.4535801094152695,0.5328255944283145,0.4979162667362487,0.5631107472372526,0.5118581794542714,3
2025-04-15,MSFT,1,0.5056323499925227,0.5470289252470389,0.5761175562315062,0.8463654158296776,0.6187860618251864,3
2025-04-15,UNH,0,0.4751728329798606,0.5347503518145492,0.4733745773943756,0.8913876518252827,0.5936713535035171,3
2025-04-15,WMT,0,0.4975499977067505,0.5179413121672594,0.507919919225763,0.9933978507497431,0.6292022699623789,3
2025-04-15,XOM,0,0.46322013461336486,0.5725464549226127,0.5888680929259921,0.8964007388466397,0.6302588553271523,3
2025-04-16,AAPL,1,0.42666529222590704,0.5919622509766244,0.6505703661241004,0.9993282304091327,0.6671315349339411,3
2025-04-16,CAT,1,0.4800715351930046,0.585985228645783,0.6078730815258172,0.9987812944341558,0.6681777849496902,3
2025-04-16,DIS,1,0.4336794395005883,0.6089503091640196,0.7400572439695688,0.9993913050880537,0.6955195744305576,3
2025-04-16,GE,1,0.4339309878082226,0.6059906551419428,0.6868151335983554,0.8966859670053464,0.6558556858884668,3
2025-04-16,GS,1,0.45889402953874314,0.6068512617997653,0.6505703661241004,0.9994368893029505,0.6789381366913899,3
2025-04-16,IBM,0,0.42966856607350656,0.4834251572277954,0.4776475442274901,0.6756196955337829,0.5165902407656437,3
2025-04-16,JPM,0,0.4846408749554251,0.5600274631196376,0.5554631109389999,0.9805508469840482,0.6451705739995277,3
2025-04-16,KO,0,0.4544132199471338,0.5393988109999772,0.4979162667362487,0.766212192874999,0.5644851226395897,3
2025-04-16,MSFT,1,0.48837046982117227,0.5917370244947702,0.5790470997417757,0.9765084571682224,0.6589157628064851,3
2025-04-16,UNH,0,0.47120739395138583,0.4937512567817741,0.4733745773943756,0.7919032845346695,0.5575591281655513,3
2025-04-16,WMT,0,0.4938571320033279,0.49626730840007144,0.47798774357511514,0.9640647045481425,0.6080442221316642,3
2025-04-16,XOM,0,0.4579068671278363,0.6037204693746184,0.5917719564109657,0.8120814442068861,0.6163701842800766,3
2025-04-17,AAPL,1,0.4225035796173415,0.573933672224442,0.647835852766622,0.9998438038443932,0.6610292271131997,3
2025-04-17,CAT,1,0.47884194129487306,0.5575580998625713,0.5971201914896178,0.9939114452017177,0.656857919462195,3
2025-04-17,DIS,0,0.4166726089114523,0.596608130019916,0.7626503898999976,0.9992095437495673,0.6937851681452333,3
2025-04-17,GE,1,0.42538497680237747,0.6004978292317793,0.7143392746761121,0.9363224588940486,0.6691361349010794,3
2025-04-17,GS,0,0.4570412707929145,0.5750361677444084,0.6092348753422344,0.9975961646185735,0.6597271196245327,3
2025-04-17,IBM,1,0.4273308399633021,0.47692110717529995,0.45255853131015084,0.6654824813309771,0.5055732399449325,3
2025-04-17,JPM,0,0.47833513855239923,0.5421741140411321,0.5524962820277042,0.9726659516725619,0.6364178715734493,3
2025-04-17,KO,0,0.44900981240073906,0.49471387905223646,0.4621239123252579,0.6406344965246736,0.5116205250757268,3
2025-04-17,MSFT,1,0.4803016844028498,0.5894550784211904,0.5247009034122115,0.9793659482399045,0.643455903619039,3
2025-04-17,UNH,0,0.308140508138163,0.5496699265393341,0.4375181791807442,0.0021708868515681753,0.32437487517745234,3
2025-04-17,WMT,1,0.49515768691470985,0.5183449366185375,0.5317267679635982,0.9820130952813767,0.6318106216945556,3
2025-04-17,XOM,0,0.4453674489593842,0.5010434804127863,0.5949444937933621,0.7805548268781282,0.5804775625109152,3
2025-04-21,AAPL,0,0.4155315056516618,0.6013759192089163,0.6505703661241004,0.9996078999328342,0.6667714227293782,3
2025-04-21,CAT,1,0.4654562869747805,0.5846765031840675,0.7062420619196341,0.9980269912865807,0.6886004608412657,3
2025-04-21,DIS,0,0.41541749246764215,0.5836771773295591,0.7135004619998099,0.9991181393359282,0.6779283177832348,3
2025-04-21,GE,1,0.40423017664462796,0.5900765282544456,0.6392276089670118,0.954280448086406,0.6469536904881228,3
2025-04-21,GS,1,0.44343088203468567,0.562402771358977,0.6092348753422344,0.9987629276472332,0.6534578640957827,3
2025-04-21,IBM,1,0.43472905668601536,0.504086581543959,0.48064413835138825,0.6416862128727593,0.5152864973635305,3
2025-04-21,JPM,0,0.47285210065271743,0.5585696923171438,0.5321106577928376,0.9838594496943324,0.6368479751142578,3
2025-04-21,KO,0,0.4555477439661773,0.5357969711773597,0.4887224267989528,0.8246889011004214,0.5761890107607278,3
2025-04-21,MSFT,1,0.47169856270984256,0.5833166562480544,0.5247009034122115,0.9823862020985682,0.6405255811171692,3
2025-04-21,UNH,0,0.31474397593716574,0.5680660938518833,0.6472143103313143,0.5805912133047517,0.5276538983562787,3
2025-04-21,WMT,1,0.4969355811712675,0.54056623240532,0.48077412553888377,0.9262134101267352,0.6111223373105517,3
2025-04-21,XOM,0,0.43939042141912077,0.5352007318400986,0.5485188679004915,0.8805147738763729,0.600906198759021,3
2025-04-22,AAPL,0,0.5508810834582918,0.661697577927051,0.6330064624272392,0.9147900817605581,0.6900938013932849,4
2025-04-22,CAT,1,0.5464060019571967,0.6505737869444568,0.7265288277285977,0.8070393641960489,0.6826369952065751,4
2025-04-22,DIS,0,0.5312282906217912,0.6520439312462317,0.7094285799228736,0.660205334364104,0.6382265340387501,4
2025-04-22,GE,1,0.49919596132415833,0.6614021140409958,0.6969642222413812,0.9957442478286467,0.7133266363587956,4
2025-04-22,GS,0,0.5544814002151621,0.6249138623319407,0.6679322307069518,0.8223054115880613,0.667408226210529,4
2025-04-22,IBM,1,0.49972591774278796,0.4619133024109895,0.46608595955064475,0.6228635626637503,0.5126471855920431,4
2025-04-22,JPM,1,0.5356653391671935,0.5828816622667732,0.690066317908091,0.45147072483878065,0.5650210110452096,4
2025-04-22,KO,0,0.4731386293700011,0.502077510157518,0.4743096679906352,0.7987938771284295,0.562079921161646,4
2025-04-22,MSFT,1,0.5219506742244358,0.5272251076139426,0.48179521048678225,0.6731395024448347,0.5510276236924988,4
2025-04-22,UNH,0,0.47680048796324426,0.5577923672238303,0.3373744164189561,0.0018001584920647052,0.3434418575245238,4
2025-04-22,WMT,1,0.5484382862866716,0.537413075000496,0.5410342236485971,0.7321992586924526,0.5897712109070543,4
2025-04-22,XOM,0,0.5041346555751858,0.48401518176460856,0.5166234851513352,0.4116717785551875,0.47911127526157926,4
2025-04-23,AAPL,0,0.5499716444993338,0.625657095594024,0.5832581146578448,0.9712702488991172,0.6825392759125799,4
2025-04-23,CAT,1,0.5415156949809545,0.6206370327660667,0.6860530168639287,0.8179539956263175,0.6665399350593169,4
2025-04-23,DIS,0,0.5237165367329527,0.6598617621160139,0.7132679519900845,0.9026552779844307,0.6998753822058705,4
2025-04-23,GE,1,0.5180898680240675,0.6292321948036852,0.6848456528352298,0.9129020006783845,0.6862674290853418,4
2025-04-23,GS,0,0.5455965503990051,0.6236923366598056,0.6720664502397914,0.9673352689609103,0.7021726515648781,4
2025-04-23,IBM,1,0.47870087637048403,0.43086189675336123,0.4429660554067572,0.6305934779899803,0.49578057663014574,4
2025-04-23,JPM,1,0.5236577998107729,0.569307304347289,0.5152008183798474,0.878507482547962,0.6216683512714678,4
2025-04-23,KO,0,0.4700672859202707,0.49285727448541394,0.467946024622076,0.7948262239281717,0.556424202238983,4
2025-04-23,MSFT,1,0.5207756001681098,0.5210380636204882,0.48179521048678225,0.5741212178473145,0.5244325230306737,4
2025-04-23,UNH,0,0.4759550217366151,0.5606842905853411,0.3373744164189561,0.002607104552409999,0.3441552083233306,4
2025-04-23,WMT,1,0.5405199790403129,0.5149516488406064,0.5264497554796744,0.7117504266440775,0.5734179525011678,4
2025-04-23,XOM,0,0.49867611807703616,0.48178111237958776,0.4748108331979929,0.2957263895829528,0.4377486133093924,4
2025-04-24,AAPL,0,0.5505063531551231,0.6080127213126378,0.5832581146578448,0.9778890449520123,0.6799165585194045,4
2025-04-24,CAT,1,0.5394337971450028,0.6281908031421513,0.690066317908091,0.8591401914070166,0.6792077774005655,4
2025-04-24,DIS,1,0.5274200446901007,0.6470164409236837,0.7094285799228736,0.859592888548135,0.6858644885211982,4
2025-04-24,GE,1,0.519648467390337,0.652923292581943,0.7132679519900845,0.9333620762490503,0.7048004470528537,4
2025-04-24,GS,0,0.5547004584127134,0.6193200839587508,0.6679322307069518,0.8537326602213033,0.6739213583249298,4
2025-04-24,IBM,1,0.43882882393883915,0.47047365934372537,0.4498832652939391,0.7214887240641643,0.520168618160167,4
2025-04-24,JPM,1,0.5359837309871923,0.55981663724576,0.6860530168639287,0.6801453711611583,0.6154996890645098,4
2025-04-24,KO,0,0.4690760900269659,0.5019758301891332,0.467946024622076,0.869653012045858,0.5771627392210082,4
2025-04-24,MSFT,1,0.5207858014660337,0.4813463275039173,0.4748108331979929,0.6133710413925374,0.5225785008901203,4
2025-04-24,UNH,0,0.47327307961864223,0.5626122540825917,0.3373744164189561,0.003182523509572069,0.34411056840744053,4
2025-04-24,WMT,0,0.5523845893492209,0.5417580435361988,0.5340761481743748,0.5575193711103854,0.546434538042545,4
2025-04-24,XOM,0,0.5067819704892834,0.4873652123146375,0.4748108331979929,0.5090445977695246,0.4945006534428596,4
2025-04-25,AAPL,0,0.5554192379282898,0.6071030911122419,0.5832581146578448,0.9479412292209116,0.6734304182298221,4
2025-04-25,CAT,1,0.5407677648436364,0.6138361282119559,0.6860530168639287,0.7805986008207125,0.6553138776850584,4
2025-04-25,DIS,1,0.5353826366675618,0.6386587912774908,0.7094285799228736,0.82041384935464,0.6759709643056415,4
2025-04-25,GE,1,0.5286826483847128,0.6457659108545393,0.7094285799228736,0.8594545718531778,0.6858329277538259,4
2025-04-25,GS,0,0.5634193178804767,0.6148414303286005,0.6679322307069518,0.8139422516527792,0.665033807642202,4
2025-04-25,IBM,1,0.47957706930790167,0.4595851635752573,0.4498832652939391,0.3441445201937387,0.4332975045927092,4
2025-04-25,JPM,1,0.5363301182853147,0.5694660272160703,0.6860530168639287,0.6608161766941707,0.613166334764871,4
2025-04-25,KO,0,0.46608073746972006,0.5183359793403258,0.4749730847921024,0.8839993555103515,0.5858472892781249,4
2025-04-25,MSFT,1,0.5269226742805158,0.48023789047172605,0.4748108331979929,0.6475193779545807,0.5323726939762039,4
2025-04-25,UNH,0,0.4603831947697918,0.5680300413205333,0.5044340689555378,0.9037269101516733,0.609143553799384,4
2025-04-25,WMT,0,0.5479546023912826,0.5373354768043973,0.5340761481743748,0.7037434640244989,0.5807774228486384,4
2025-04-25,XOM,0,0.5010932690368034,0.4867478149715973,0.4748108331979929,0.4331089058936508,0.4739402057750111,4
2025-04-28,AAPL,0,0.5516873471829395,0.6087987986625396,0.5832581146578448,0.9216863920646892,0.6663576631420033,4
2025-04-28,CAT,1,0.5389325241939418,0.6079101092397678,0.6860530168639287,0.837028384015727,0.6674810085783414,4
2025-04-28,DIS,1,0.5321206706464175,0.6387701305320042,0.7094285799228736,0.8476040429925246,0.681980856023455,4
2025-04-28,GE,1,0.5338923795756018,0.6430098222355065,0.7094285799228736,0.812005068355789,0.6745839625224428,4
2025-04-28,GS,0,0.5676898515566988,0.6113514225439427,0.6679322307069518,0.7970563132938295,0.6610074545253557,4
2025-04-28,IBM,1,0.49781236308176785,0.5015686821517349,0.47305759737241004,0.6552924668095499,0.5319327773538657,4
2025-04-28,JPM,0,0.5400899166166113,0.5489395971217904,0.5089459303916789,0.6777317767433112,0.5689268052183479,4
2025-04-28,KO,0,0.4632923364197717,0.5191167272021721,0.47774612244366155,0.8819219305812471,0.5855192791617132,4
2025-04-28,MSFT,1,0.5278983748428907,0.4744626915071857,0.4748108331979929,0.6669224066160904,0.5360235765410399,4
2025-04-28,UNH,0,0.4633071127331442,0.6040191709795957,0.5640086144884883,0.880744672358157,0.6280198926398464,4
2025-04-28,WMT,0,0.5492632088142007,0.5496253510999733,0.5340761481743748,0.6455351472788421,0.5696249638418477,4
2025-04-28,XOM,1,0.4947868480667183,0.47958461274355646,0.4748108331979929,0.3119051787802062,0.4402718681971184,4
2025-04-29,AAPL,1,0.5567962878616488,0.6097198598837043,0.5832581146578448,0.9603451297200082,0.6775298480308015,4
2025-04-29,CAT,1,0.5385605171629212,0.6218387707225554,0.6860530168639287,0.8328590578668179,0.6698278406540559,4
2025-04-29,DIS,1,0.542421614393686,0.6398078728100434,0.7094285799228736,0.8176310787301403,0.6773222864641858,4
2025-04-29,GE,1,0.539007942131476,0.6421550428890404,0.7094285799228736,0.7944018276719588,0.6712483481538372,4
2025-04-29,GS,1,0.570266747759863,0.60985855726992,0.6679322307069518,0.8050885779706718,0.6632865284268517,4
2025-04-29,IBM,0,0.5022566437424699,0.5085202015957676,0.47305759737241004,0.5803286434811803,0.5160407715479569,4
2025-04-29,JPM,0,0.5447317508177265,0.5288119482930836,0.5089459303916789,0.5714361709674772,0.5384814501174916,4
2025-04-29,KO,0,0.4649176260800783,0.514166809218679,0.4749730847921024,0.8647355807220272,0.5796982752032217,4
2025-04-29,MSFT,0,0.5325230087566489,0.47630478062209625,0.4748108331979929,0.5758586214954968,0.5148743110180587,4
2025-04-29,UNH,0,0.45478448547865347,0.5733583284163024,0.5044340689555378,0.9666876954228327,0.6248161445683316,4
2025-04-29,WMT,0,0.552058711316554,0.5394838972584912,0.5340761481743748,0.6827601882632007,0.5770947362531552,4
2025-04-29,XOM,1,0.5029583068721218,0.5181227086381877,0.48179521048678225,0.5178522741936753,0.5051821250476918,4
2025-04-30,AAPL,1,0.5475779374127685,0.6215045621097467,0.5832581146578448,0.9923172674481372,0.6861644704071244,4
2025-04-30,CAT,1,0.5072418985222783,0.6227124082351689,0.6914197720751561,0.9986340740030994,0.7050020382089257,4
2025-04-30,DIS,1,0.5349601369161767,0.6463376133822546,0.7094285799228736,0.8458638560099891,0.6841475465578235,4
2025-04-30,GE,1,0.5345610745190071,0.6585603808348139,0.7094285799228736,0.9296175150834661,0.7080418875900402,4
2025-04-30,GS,1,0.5611784323027699,0.6252691256856548,0.6679322307069518,0.8145231917080341,0.6672257451008526,4
2025-04-30,IBM,0,0.4921887275483427,0.4780839211453503,0.4678462945713104,0.3484575339979138,0.44664411931572934,4
2025-04-30,JPM,1,0.5275054471376271,0.5468484188307475,0.5152008183798474,0.6965183049929655,0.5715182473352969,4
2025-04-30,KO,0,0.4511466620743155,0.4787951405070099,0.4479221277866601,0.6734511684855355,0.5128287747133802,4
2025-04-30,MSFT,0,0.49324307363431996,0.4173683512983096,0.4516242247430479,0.8618338291252223,0.556017369700225,4
2025-04-30,UNH,0,0.45379764227043645,0.5724253788459458,0.5010285712120153,0.9442261371095384,0.617869432359484,4
2025-04-30,WMT,0,0.5351219631478821,0.5222930575904774,0.5288673008668583,0.578637730836528,0.5412300131104364,4
2025-04-30,XOM,0,0.4773979107442682,0.46654577623511634,0.45856533489579715,0.1366884511029133,0.38479936824452377,4
2025-05-01,AAPL,1,0.5452506356378988,0.6223267706363529,0.5877959458120918,0.9953603961995277,0.6876834370714677,4
2025-05-01,CAT,1,0.5291188958278893,0.6392198725683281,0.7132679519900845,0.7542929838656474,0.6589749260629874,4
2025-05-01,DIS,1,0.5384799727301028,0.6449070723189635,0.7094285799228736,0.8416724722902389,0.6836220243155448,4
2025-05-01,GE,1,0.5308614629854319,0.651857243562161,0.7094285799228736,0.9437489923041975,0.7089740696936659,4
2025-05-01,GS,1,0.5605893966706269,0.633746468957116,0.6679322307069518,0.8616217225446667,0.6809724547198404,4
2025-05-01,IBM,0,0.48882144992612303,0.472529164547207,0.46608595955064475,0.770434903302331,0.5494678693315764,4
2025-05-01,JPM,1,0.5415077702309208,0.5330074357861724,0.5089459303916789,0.5522480339292444,0.5339272925845041,4
2025-05-01,KO,0,0.4552304162448108,0.5032711673783659,0.4658731656696634,0.8524971766522689,0.5692179814862772,4
2025-05-01,MSFT,0,0.4722683613263237,0.5187585542229487,0.5629634588390044,0.8160723180761018,0.5925156731160947,4
2025-05-01,UNH,0,0.4525385073657447,0.5686767874270616,0.5010285712120153,0.9367851854592357,0.6147572628660143,4
2025-05-01,WMT,0,0.5455315700729051,0.530444630645697,0.5340761481743748,0.6509073169963611,0.5652399164723345,4
2025-05-01,XOM,0,0.48030566287023135,0.4729466127971569,0.45856533489579715,0.15511284941032236,0.39173261499337697,4
2025-05-02,AAPL,1,0.5190250659310848,0.6448278679765316,0.5960871933976248,0.9997971673736523,0.6899343236697234,4
2025-05-02,CAT,1,0.5190466706607959,0.6455373547948614,0.7145619962613824,0.9857933874910567,0.7162348523020241,4
2025-05-02,DIS,1,0.5401267820549847,0.6449022117923775,0.7094285799228736,0.8491338228677071,0.6858978491594857,4
2025-05-02,GE,1,0.5397071492188648,0.6324113619668056,0.7094285799228736,0.9330739406234718,0.703655257933004,4
2025-05-02,GS,1,0.5551083074569017,0.6302840887909019,0.6720664502397914,0.95481312504221,0.7030679928824513,4
2025-05-02,IBM,0,0.49544750425782524,0.4777994410368449,0.46608595955064475,0.7471514839582846,0.5466210972008999,4
2025-05-02,JPM,1,0.546587691334073,0.5535018980919434,0.5089459303916789,0.6152056208264786,0.5560602851610436,4
2025-05-02,KO,0,0.46628038792797233,0.5169671628334672,0.47774612244366155,0.8903973235369517,0.5878477491855132,4
2025-05-02,MSFT,0,0.5137869656367833,0.5213641122315319,0.5629634588390044,0.9360599296896185,0.6335436165992345,4
2025-05-02,UNH,0,0.44633373112403707,0.5703448774207592,0.5010285712120153,0.9653361702779761,0.6207608375086969,4
2025-05-02,WMT,0,0.5407319716969227,0.5314970496283075,0.5340761481743748,0.5941295445387446,0.5501086785095873,4
2025-05-02,XOM,0,0.48353702468941734,0.495912252838825,0.47931646407122525,0.18085593125716623,0.4099054182141585,4
2025-05-05,AAPL,1,0.5459220090723597,0.6455903325323377,0.6795866350395162,0.9615944714710211,0.7081733620288087,4
2025-05-05,CAT,1,0.5519603515903765,0.5448745309578422,0.5988624745393686,0.5924786768177861,0.5720440084763434,4
2025-05-05,DIS,1,0.5486853875355995,0.6537551736257867,0.7132679519900845,0.6226073170735024,0.6345789575562433,4
2025-05-05,GE,1,0.5486682839740002,0.6683786849472364,0.7227438953394284,0.964690644865287,0.726120377281488,4
2025-05-05,GS,1,0.5782582362275587,0.6357371580281411,0.6756237353997626,0.5830476384440894,0.6181666920248879,4
2025-05-05,IBM,1,0.4987863361129128,0.46731017394852026,0.46608595955064475,0.7206289516545801,0.5382028553166645,4
2025-05-05,JPM,0,0.5630407752182798,0.5370108217925733,0.5519959497890707,0.5938269567054605,0.561468625876346,4
2025-05-05,KO,0,0.4587150719062164,0.47503420597018675,0.4447231556173783,0.7483479361039697,0.5317050923994378,4
2025-05-05,MSFT,0,0.5321503811078997,0.5131002124574842,0.5833488683069773,0.6634705921865306,0.573017513514723,4
2025-05-05,UNH,0,0.4502379616760506,0.5725132594114356,0.5136160444025192,0.8681124635871839,0.6011199322692973,4
2025-05-05,WMT,0,0.550932549133633,0.5462388623668291,0.5340761481743748,0.5161646875500008,0.5368530618062094,4
2025-05-05,XOM,0,0.48212849401046665,0.48057177377170407,0.45856533489579715,0.19636759870663098,0.4044083003461497,4
2025-05-06,AAPL,0,0.5662808931477721,0.6384607179430398,0.6741110805962122,0.5403392335072463,0.6047979812985677,4
2025-05-06,CAT,1,0.5618197265504603,0.5490252011998262,0.564029363957423,0.5162794372436936,0.5477884322378508,4
2025-05-06,DIS,0,0.5555483950497584,0.6089905843437412,0.616153809944971,0.5835418330375544,0.5910586555940063,4
2025-05-06,GE,1,0.5779443281306578,0.5238733627980066,0.4953069245232115,0.4669496808323638,0.5160185740710599,4
2025-05-06,GS,1,0.5844228031182318,0.5477717124443874,0.5747228110107968,0.5553299944948639,0.56556183026707,4
2025-05-06,IBM,1,0.5153003918166067,0.5280530192369037,0.5225188302717415,0.512274010404574,0.5195365629324564,4
2025-05-06,JPM,0,0.5739855411870817,0.4768559249491826,0.5433200399345157,0.4612996669741445,0.5138652932612311,4
2025-05-06,KO,1,0.44913125908463175,0.454201221548308,0.4361743886829855,0.21623864579087182,0.38893637877669923,4
2025-05-06,MSFT,1,0.5441556743102095,0.5152233333984533,0.5857603742143425,0.5310745375370632,0.5440534798650172,4
2025-05-06,UNH,0,0.45338261408620634,0.5893727432380418,0.5191067156955689,0.9134929168137605,0.6188387474583944,4
2025-05-06,WMT,0,0.5597086692247044,0.5006146865619734,0.5253516113708285,0.47153144722681634,0.5143016035960807,4
2025-05-06,XOM,0,0.49752315145989423,0.4999084411018077,0.4702872676515834,0.6910399495528369,0.5396897024415306,4
2025-05-07,AAPL,0,0.5635564293110535,0.6498093051275843,0.6871346395617536,0.42327928619848615,0.5809449150497195,4
2025-05-07,CAT,0,0.5676286142624047,0.5242850634079156,0.564029363957423,0.5226587319517894,0.5446504433948831,4
2025-05-07,DIS,0,0.5095842164059884,0.6308953085360575,0.5539955591158018,0.9696472496466219,0.6660305834261173,4
2025-05-07,GE,1,0.5740517971232341,0.5305445903196725,0.4953069245232115,0.4880043142425005,0.5219769065521547,4
2025-05-07,GS,0,0.596440177573981,0.5167754839184309,0.5632733221340749,0.5629510307349914,0.5598600035903696,4
2025-05-07,IBM,1,0.5161526355447983,0.5449299262145677,0.5301520294230136,0.49677486651400493,0.5220023644240961,4
2025-05-07,JPM,0,0.5635020660070462,0.49744940424754136,0.5433200399345157,0.43071668728387047,0.5087470493682434,4
2025-05-07,KO,1,0.44556074795870915,0.47162455406966625,0.4521003811235539,0.27080457947442493,0.41002256565658857,4
2025-05-07,MSFT,1,0.5328139456255824,0.4914051653150895,0.5753128667406205,0.6291388815617984,0.5571677148107727,4
2025-05-07,UNH,1,0.4517628823875891,0.5858857104068689,0.5136160444025192,0.923560216382311,0.618706213394822,4
2025-05-07,WMT,1,0.5572219092971648,0.4967055529252626,0.5253516113708285,0.5205313141166361,0.524952596927473,4
2025-05-07,XOM,0,0.5057100133281904,0.5074355188388953,0.47305759737241004,0.6371425432726201,0.530836418203029,4
2025-05-08,AAPL,0,0.5815661187837847,0.6141223422894763,0.6807712557001949,0.4579472526723512,0.5836017423614518,4
2025-05-08,CAT,0,0.5630286397422765,0.5129212006573468,0.564029363957423,0.48743627863868116,0.5318538707489319,4
2025-05-08,DIS,0,0.5603104147143066,0.6368552950995809,0.5937696773903428,0.9253581364704613,0.679073380918673,4
2025-05-08,GE,1,0.5671450899540178,0.5448025586455939,0.42334570912172603,0.5369994568070432,0.5180732036320952,4
2025-05-08,GS,0,0.6008801634787567,0.5218972886065215,0.49453850770929303,0.5068370331581813,0.5310382482381881,4
2025-05-08,IBM,1,0.5184429475435793,0.524627963645501,0.5301520294230136,0.48589261542956624,0.514778889010415,4
2025-05-08,JPM,0,0.5647422605371831,0.5103217652115758,0.5433200399345157,0.39356602804060214,0.5029875234309692,4
2025-05-08,KO,1,0.4476749720307349,0.4553539377307657,0.4361743886829855,0.17229376581937086,0.37787426606596425,4
2025-05-08,MSFT,1,0.5375043355671344,0.4995111757092753,0.41329060147058344,0.6247747735503206,0.5187702215743284,4
2025-05-08,UNH,1,0.44933268452346853,0.6059579679632472,0.5129205011282751,0.9540789839385543,0.6305725343883862,4
2025-05-08,WMT,1,0.5542545361103809,0.4880178807816563,0.5323258860899909,0.6227817364995321,0.54934500987039,4
2025-05-08,XOM,0,0.49785305333974417,0.4664219870904585,0.4429660554067572,0.6202153871517773,0.5068641207471842,4
2025-05-09,AAPL,0,0.5698614675006305,0.5383214370733039,0.5023109852659767,0.7812162581520927,0.5979275369980009,4
2025-05-09,CAT,0,0.5554051087979482,0.5437026660040731,0.5630722678343112,0.32452761283714526,0.49667691386836943,4
2025-05-09,DIS,1,0.5640132420253474,0.5638414549924772,0.6146542192757688,0.5945864687302747,0.584273846255967,4
2025-05-09,GE,1,0.5599994541545537,0.5670466188668108,0.570589944457752,0.712855387136772,0.6026228511539722,4
2025-05-09,GS,0,0.5883879755594195,0.5508261055724348,0.5159367587695602,0.5141342732394211,0.5423212782852089,4
2025-05-09,IBM,0,0.5080178142348349,0.47502085964484564,0.46608595955064475,0.46610802301927573,0.4788081641124003,4
2025-05-09,JPM,0,0.5594819007057265,0.514719895516125,0.5453083599844706,0.3052975985231327,0.4812019386823637,4
2025-05-09,KO,1,0.4465188858366773,0.49017471290734854,0.4521003811235539,0.21107219649491799,0.39996654409062443,4
2025-05-09,MSFT,1,0.5284095196064128,0.5269748528121948,0.5301520294230136,0.583700054441646,0.5423091140708167,4
2025-05-09,UNH,1,0.4434086003515672,0.5947875557337723,0.49734903744005576,0.975063062768384,0.6276520640734448,4
2025-05-09,WMT,1,0.5307072806423321,0.47946941092827594,0.5186990632762458,0.09689994006446967,0.4064439237278309,4
2025-05-09,XOM,0,0.5051428749355034,0.47808704877216146,0.46608595955064475,0.47145722333224177,0.48019327664763783,4
2025-05-12,AAPL,0,0.5725184086084691,0.5834769970279575,0.522186199774297,0.514119320868853,0.5480752315698942,4
2025-05-12,CAT,0,0.5409136059720997,0.568154934005482,0.5701751752613993,0.5331771186547576,0.5531052084734347,4
2025-05-12,DIS,0,0.5652884289157776,0.5466399360707861,0.42334570912172603,0.941386812024723,0.6191652215332532,4
2025-05-12,GE,1,0.5601942258132414,0.569905373795183,0.5730909419232963,0.8550839603637254,0.6395686254738615,4
2025-05-12,GS,0,0.5826713776510435,0.565989757285202,0.5251563955412982,0.849224132659061,0.6307604157841512,4
2025-05-12,IBM,0,0.5041451750056669,0.5101691212154627,0.5249383345437411,0.42011745516614224,0.4898425214827532,4
2025-05-12,JPM,1,0.5556616926658821,0.5277140724492378,0.5509034788231748,0.7895885274619563,0.6059669428500627,4
2025-05-12,KO,1,0.4237166324719027,0.4404747549582784,0.42258193145457706,0.4055155038868969,0.4230722056929138,4
2025-05-12,MSFT,1,0.5246886787239727,0.4816555191948595,0.5068711609353794,0.4152951457740121,0.482127626157056,4
2025-05-12,UNH,1,0.43502799843129886,0.5837758694399142,0.48197554007903476,0.9776684146961743,0.6196119556616055,4
2025-05-12,WMT,1,0.5086358208777244,0.4325528333761895,0.4384631115776538,0.21351765852262722,0.39829235608854874,4
2025-05-12,XOM,0,0.5065924701630532,0.5160476802646328,0.5321483129668315,0.38457056669260026,0.4848397575217794,4
2025-05-13,AAPL,0,0.5720661686811392,0.5339420869715792,0.49531347018049066,0.5421130823279983,0.5358587020403018,4
2025-05-13,CAT,0,0.542166261360367,0.5484803554691388,0.5701751752613993,0.5208595958044175,0.5454203469738306,4
2025-05-13,DIS,1,0.5784583988045772,0.5404346173322724,0.42334570912172603,0.8420857709997872,0.5960811240645907,4
2025-05-13,GE,1,0.5533026170470544,0.5842135846813962,0.5822731484166755,0.8161774959474111,0.6339917115231344,4
2025-05-13,GS,1,0.5913255542196764,0.5425967928839015,0.6100039126181344,0.8412364106576681,0.6462906675948451,4
2025-05-13,IBM,0,0.5080654502982461,0.5292479459764614,0.5301520294230136,0.3165811985534829,0.47101165606280093,4
2025-05-13,JPM,1,0.5518630086589835,0.5624176457562994,0.5528889816153616,0.8237160455053393,0.6227214203839959,4
2025-05-13,KO,1,0.4339064117259949,0.48220324959441274,0.4521003811235539,0.30747406243335434,0.418921026219329,4
2025-05-13,MSFT,1,0.5201276413396614,0.4911068037087717,0.5068711609353794,0.42988045057495466,0.48699651413969186,4
2025-05-13,UNH,0,0.3851265869101305,0.5412249042574397,0.24218390839512305,0.9998937263900122,0.5421072814881764,4
2025-05-13,WMT,0,0.5132032151635316,0.4784234229630965,0.543034855879341,0.2535471379673711,0.44705215799333503,4
2025-05-13,XOM,0,0.5025604532073036,0.45581063909008374,0.47571158792768947,0.45534491169590047,0.47235689798024433,4
2025-05-14,AAPL,0,0.5690327296281664,0.530011706978309,0.49531347018049066,0.5981796959260157,0.5481344006782455,4
2025-05-14,CAT,1,0.5593407455007181,0.5349092308495562,0.564029363957423,0.6236407149366223,0.5704800138110799,4
2025-05-14,DIS,1,0.5813512678569589,0.5438937753771723,0.42334570912172603,0.800664559379427,0.587313827933821,4
2025-05-14,GE,1,0.5618367508844881,0.5633199263478073,0.5715401029502748,0.8713248879001324,0.6420054170206757,4
2025-05-14,GS,1,0.5883913775137419,0.5362539639074401,0.5345322185969259,0.8009727795138581,0.6150375848829915,4
2025-05-14,IBM,0,0.5050491695374394,0.49194839186068196,0.5084023780340936,0.41863315457215833,0.4810082735010933,4
2025-05-14,JPM,0,0.5540976939993413,0.5566012882200634,0.5528889816153616,0.8186676844878571,0.6205639120806559,4
2025-05-14,KO,0,0.427339161392882,0.4698085825534317,0.4521003811235539,0.40186802955371204,0.4377790386558949,4
2025-05-14,MSFT,1,0.5270454746935817,0.4963542864526628,0.5276778309540827,0.4084651340155818,0.48988568152897727,4
2025-05-14,UNH,0,0.41535932657710356,0.5480197743046182,0.32853367731452365,0.9986456800747308,0.5726396145677441,4
2025-05-14,WMT,1,0.5019086172588672,0.45386156804218397,0.5159166373137466,0.4032988990668455,0.4687464304204108,4
2025-05-14,XOM,0,0.49675869281008894,0.4573038090455362,0.4729396653768185,0.38557543209646106,0.45314439983222615,4
2025-05-15,AAPL,0,0.5706397072468554,0.5286727886703384,0.49531347018049066,0.6269554626380414,0.5553953571839314,4
2025-05-15,CAT,1,0.5672764430227445,0.5174484318112169,0.570589944457752,0.7220636452351691,0.5943446161317206,4
2025-05-15,DIS,1,0.5980874588451488,0.5431369261687037,0.4953069245232115,0.6443104714262917,0.570210445240839,4
2025-05-15,GE,1,0.5551426694180155,0.5825860867017306,0.5822731484166755,0.843908686462645,0.6409776477497666,4
2025-05-15,GS,1,0.5938620415198617,0.5416632359487457,0.5255784602481447,0.8415612275058374,0.6256662413056473,4
2025-05-15,IBM,0,0.5009231958804038,0.5132666606371833,0.5068711609353794,0.4673568267282217,0.4971044610452971,4
2025-05-15,JPM,1,0.554915104906541,0.5546391527353647,0.5528889816153616,0.857801272473146,0.6300611279326034,4
2025-05-15,KO,0,0.434802630502223,0.41127489695248237,0.409560358366616,0.1977096522870316,0.36333688452708823,4
2025-05-15,MSFT,1,0.5252961578812938,0.49437937958130307,0.5222381989584189,0.3884226512944593,0.4825840969288688,4
2025-05-15,UNH,0,0.3825218311665554,0.5412249042574397,0.24218390839512305,0.9996803037913374,0.541402736902614,4
2025-05-15,WMT,0,0.4752472109880608,0.4353026911794541,0.45440532184353183,0.34748449653720886,0.4281099301370639,4
2025-05-15,XOM,0,0.4987096728201949,0.45566838427047723,0.47571158792768947,0.4427939587483381,0.4682209009416749,4
2025-05-16,AAPL,0,0.5734392187807282,0.5693735963353204,0.5129593156725009,0.515649794191396,0.5428554812449864,4
2025-05-16,CAT,0,0.5610147453340684,0.5244212305281879,0.6523044008137879,0.7809589966816247,0.6296748433394173,4
2025-05-16,DIS,1,0.5991002171111548,0.5414648648009608,0.42334570912172603,0.860460577091616,0.6060928420313645,4
2025-05-16,GE,1,0.573095779076824,0.557010447192086,0.6550001427546983,0.9410322184458919,0.6815346468673751,4
2025-05-16,GS,0,0.602205870662005,0.5352677760764731,0.6119121932101524,0.8975311843372239,0.6617292560714637,4
2025-05-16,IBM,0,0.5086992777279092,0.5417990564611743,0.5301520294230136,0.4551681661736212,0.5089546324464296,4
2025-05-16,JPM,1,0.558155503372773,0.5650195872465426,0.5609726473242752,0.9022406793104518,0.6465971043135106,4
2025-05-16,KO,1,0.4386124432272132,0.42789855371377594,0.4245169156058525,0.23228515993926335,0.38082826812152626,4
2025-05-16,MSFT,0,0.5290161806547619,0.4692017698476766,0.362591625896744,0.5687544423948235,0.4823910046985015,4
2025-05-16,UNH,1,0.4192550747065036,0.543301445029807,0.3251517352240523,0.9997311932343891,0.571859862048688,4
2025-05-16,WMT,1,0.49558372518405763,0.45960430248748735,0.45374580533664444,0.5195034579099598,0.48210932272953727,4
2025-05-16,XOM,0,0.4983504146503636,0.450823414269469,0.47571158792768947,0.1968529226917864,0.4054345848848271,4
2025-05-19,AAPL,1,0.574799792674065,0.5457009795673284,0.5023109852659767,0.622604140404138,0.561353974477877,4
2025-05-19,CAT,0,0.5615726728543825,0.531879098078362,0.570589944457752,0.7639499376300044,0.6069979132551252,4
2025-05-19,DIS,1,0.6031424281641304,0.5160128764567589,0.4953069245232115,0.7593502875279601,0.5934531291680152,4
2025-05-19,GE,1,0.5765133690834107,0.5660348873890314,0.6550001427546983,0.9620189102381168,0.6898918273663143,4
2025-05-19,GS,0,0.5871411030328763,0.5474231739713048,0.523576184453074,0.9018211792238129,0.6399904101702669,4
2025-05-19,IBM,0,0.5140559625065525,0.5488580637045026,0.5301520294230136,0.4027418844286609,0.4989519850156824,4
2025-05-19,JPM,0,0.5455571522809775,0.5547292684380476,0.5524705249733486,0.8727766448610573,0.6313833976383577,4
2025-05-19,KO,0,0.4431174662143654,0.4561922605797136,0.4388605421684571,0.1877665416002133,0.38148420264068733,4
2025-05-19,MSFT,1,0.5368397466626152,0.4555608846541719,0.4559971082805956,0.42605085066177095,0.4686121475647884,4
2025-05-19,UNH,1,0.4616509178272969,0.5520861130941341,0.42923101038928835,0.8605793595386637,0.5758868502123458,4
2025-05-19,WMT,1,0.51013193156604,0.4812021759527191,0.4930441447532247,0.6320735670296781,0.5291129548254154,4
2025-05-19,XOM,0,0.48675238325313813,0.4519841384255982,0.46724030328178723,0.23551404414876154,0.4103727172773213,4
2025-05-20,AAPL,1,0.5791318073658677,0.5461585299593201,0.5023109852659767,0.614416968583772,0.5605045727937342,4
2025-05-20,CAT,0,0.5663438221160838,0.5214195099891219,0.6574115761232437,0.5433226957727699,0.5721244010003048,4
2025-05-20,DIS,1,0.6064608591864343,0.51614107161536,0.4953069245232115,0.8034324149873431,0.6053353175780872,4
2025-05-20,GE,1,0.5836126415550115,0.5762278267676517,0.6550001427546983,0.9722754519737978,0.6967790157627899,4
2025-05-20,GS,0,0.5970279815341069,0.5107315932663857,0.5255784602481447,0.9380301478330002,0.6428420457204094,4
2025-05-20,IBM,1,0.5207973081591776,0.5509653753263669,0.5301520294230136,0.3946438069313717,0.4991396299599825,4
2025-05-20,JPM,0,0.5514059834183145,0.5307004627899184,0.5657106197806895,0.8164392123105474,0.6160640695748675,4
2025-05-20,KO,0,0.44522481222162547,0.45568619925465204,0.4388605421684571,0.18665194225626566,0.38160587397525003,4
2025-05-20,MSFT,0,0.5496361645845964,0.4726333821706973,0.6225617103316432,0.4811733773483218,0.5315011586088146,4
2025-05-20,UNH,1,0.4798561760247387,0.5549325970394121,0.48125708319307847,0.9963555248907835,0.6281003452870032,4
2025-05-20,WMT,1,0.5067975683986383,0.5105350600221457,0.500638243154925,0.6993502843077581,0.5543302889708668,4
2025-05-20,XOM,0,0.49633194484241494,0.4864778680981293,0.4763751886784021,0.3098283332965888,0.4422533337288838,4
2025-05-21,AAPL,1,0.564372926928414,0.5664332128167198,0.5069851920732481,0.7590662263954046,0.5992143895534466,4
2025-05-21,CAT,0,0.5608050169632512,0.5270196312913461,0.577434167308736,0.3816037731050913,0.5117156471671062,4
2025-05-21,DIS,1,0.5897182586148948,0.533344879832186,0.5069786471164931,0.8244987739585611,0.6136351398805338,4
2025-05-21,GE,1,0.5700957309203722,0.6065550804390784,0.6593223799131164,0.939952165060662,0.6939813390833073,4
2025-05-21,GS,0,0.5706660203633376,0.5474024749121676,0.5242397913957486,0.4683761663047256,0.5276711132439948,4
2025-05-21,IBM,1,0.5049908797183305,0.49618470161682726,0.5225188302717415,0.48572844013977373,0.5023557129366683,4
2025-05-21,JPM,0,0.5442295773419424,0.5594000890254073,0.5663641451288286,0.6251901160087526,0.5737959818762327,4
2025-05-21,KO,0,0.44130107938050617,0.45232543391275887,0.4388605421684571,0.22398758320152692,0.38911865966581227,4
2025-05-21,MSFT,1,0.5347545569833659,0.46977387103851376,0.47204196745286453,0.44283159848527137,0.4798504984900039,4
2025-05-21,UNH,0,0.47441203972390134,0.5691733892208848,0.49591858835272673,0.9986194239486214,0.6345308603115335,4
2025-05-21,WMT,1,0.49987291756704294,0.51623431254583,0.5013033683171529,0.55868779599312,0.5190245986057864,4
2025-05-21,XOM,0,0.48247658592761805,0.47679330708451567,0.46724030328178723,0.7525739222728908,0.544771029641703,4
2025-05-22,AAPL,1,0.5671516835071109,0.5575566287190474,0.5023109852659767,0.6928797736406082,0.5799747677831858,4
2025-05-22,CAT,0,0.5577347957493054,0.5325646868533379,0.577434167308736,0.3919281764419886,0.5149154565883419,4
2025-05-22,DIS,1,0.593397976288816,0.5262904444812792,0.5023044391722283,0.7553543276653283,0.594336796901913,4
2025-05-22,GE,1,0.5523014432538081,0.564726013572965,0.5810861016579748,0.8760400242411119,0.643538395681465,4
2025-05-22,GS,0,0.5763147094038548,0.5665339869655688,0.526241801823376,0.44788435855498343,0.5292437141869457,4
2025-05-22,IBM,1,0.5058239365863789,0.48214794412453943,0.47305759737241004,0.6965224313604651,0.5393879773609483,4
2025-05-22,JPM,0,0.543430953708962,0.541841189584786,0.5554801474279223,0.47029979932242894,0.5277630225110248,4
2025-05-22,KO,0,0.4457528826595195,0.45385813609426257,0.4395158310614225,0.28553753913680546,0.40616609723800245,4
2025-05-22,MSFT,1,0.5307054915864794,0.4702264259461929,0.4678388283396977,0.3841025354576327,0.46321832033250065,4
2025-05-22,UNH,0,0.4779222478063081,0.563592213727308,0.48125708319307847,0.996697497325164,0.6298672605129646,4
2025-05-22,WMT,1,0.5027114650741868,0.5180224737848509,0.5013033683171529,0.5409079280891889,0.5157363088163449,4
2025-05-22,XOM,0,0.4896975184026672,0.4864815088709994,0.4763751886784021,0.6072354415321984,0.5149474143710668,4
2025-05-23,AAPL,1,0.5476518937967654,0.5651221343245127,0.5085687816861427,0.8416309780599132,0.6157434469668335,4
2025-05-23,CAT,0,0.5527786141262334,0.5628885910423236,0.5741556275479817,0.396932434112208,0.5216888167071867,4
2025-05-23,DIS,0,0.5852881077765193,0.5256524146449358,0.5023044391722283,0.7180890499366567,0.5828335028825851,4
2025-05-23,GE,1,0.5642603964556979,0.5693590196721345,0.578190728486459,0.9060953047361048,0.6544763623375991,4
2025-05-23,GS,1,0.5744517602142782,0.5678672496230727,0.526241801823376,0.4066932030097358,0.5188135036676157,4
2025-05-23,IBM,1,0.5141026304692066,0.5618004007990314,0.5451849577324507,0.36217677095023604,0.49581618998773114,4
2025-05-23,JPM,0,0.5400985316529126,0.5238753926585251,0.5277507351877934,0.407219145668546,0.49973595129194426,4
2025-05-23,KO,0,0.4450974697109125,0.4499041272393643,0.4395158310614225,0.2704924651038525,0.40125247327888797,4
2025-05-23,MSFT,1,0.5226408539512873,0.4886741736655261,0.543755886385658,0.39262414389405575,0.48692376447413177,4
2025-05-23,UNH,0,0.48645683169707427,0.568083884935931,0.4966296340840414,0.9954934268887433,0.6366659444014475,4
2025-05-23,WMT,0,0.5028708511877339,0.5136254370533766,0.4890941652698943,0.6007034347345362,0.5265734720613853,4
2025-05-23,XOM,1,0.4903035714469617,0.47544701638500986,0.4763751886784021,0.5458615665279876,0.4969968357595903,4
2025-05-27,AAPL,0,0.554636853127853,0.562513459489441,0.49378899264898474,0.8772569362010474,0.6220490603668315,4
2025-05-27,CAT,1,0.5528577962620184,0.5467132869791224,0.5741556275479817,0.5665395323839302,0.5600665607932631,4
2025-05-27,DIS,1,0.5824451356425953,0.5371965361505181,0.42864074536819435,0.6443609630596633,0.5481608450552428,4
2025-05-27,GE,0,0.5540656273281549,0.5924318291282299,0.5822731484166755,0.9114851904792561,0.6600639488380792,4
2025-05-27,GS,1,0.5683247779623607,0.5696017870138448,0.5103952089240825,0.7650373274951582,0.6033397753488615,4
2025-05-27,IBM,1,0.5111777931012318,0.5405671461845151,0.5451849577324507,0.36267235071177895,0.4899005619324941,4
2025-05-27,JPM,0,0.5402628119840365,0.5471918451481987,0.5548231122431748,0.6912997551888029,0.5833943811410532,4
2025-05-27,KO,0,0.449788408950092,0.455944031344799,0.4395158310614225,0.31170919208987535,0.4142393658615472,4
2025-05-27,MSFT,1,0.5178174705975882,0.45837422844211834,0.5222381989584189,0.31521582130548775,0.4534114298259033,4
2025-05-27,UNH,0,0.4873789606237925,0.5859108295841547,0.48824813020083685,0.9940788758669958,0.638904199068945,4
2025-05-27,WMT,0,0.5008085123685024,0.49921945550949004,0.4890941652698943,0.4987447741117435,0.49696672681490756,4
2025-05-27,XOM,1,0.48846170773810305,0.4717353698175928,0.4763751886784021,0.4952533637379022,0.482956407493,4
2025-05-28,AAPL,0,0.558180847673112,0.5564410371324928,0.5023109852659767,0.8423368939687801,0.6148174410100904,4
2025-05-28,CAT,1,0.5546225411491683,0.5690287074524895,0.5741556275479817,0.5499479613833701,0.5619387093832524,4
2025-05-28,DIS,1,0.5924934014517697,0.5205248234589698,0.5023044391722283,0.6503679047401054,0.5664226422057683,4
2025-05-28,GE,0,0.5410441245210376,0.6026822372875729,0.5730909419232963,0.9433667457159113,0.6650460123619545,4
2025-05-28,GS,1,0.5702400006373636,0.5706673535746946,0.5255784602481447,0.7325499215458117,0.5997589340015037,4
2025-05-28,IBM,1,0.5132374385003311,0.5193959383885719,0.5451849577324507,0.39106334074561033,0.49222041884174095,4
2025-05-28,JPM,0,0.545745853026163,0.5503871183232725,0.558829688335652,0.554964268965116,0.5524817321625508,4
2025-05-28,KO,0,0.4531538660676656,0.45676263582289306,0.4395158310614225,0.3438645794956379,0.42332422811190473,4
2025-05-28,MSFT,1,0.52316661653807,0.48437930606048873,0.543755886385658,0.3923750072849893,0.4859192040673015,4
2025-05-28,UNH,0,0.49015456190915374,0.5961627640606351,0.5063330782512396,0.9938863394049368,0.6466341859064912,4
2025-05-28,WMT,0,0.5100572862393961,0.5121417345018467,0.4890941652698943,0.5132166153207014,0.5061274503329596,4
2025-05-28,XOM,1,0.4848958989882428,0.45929211433935313,0.4763751886784021,0.5463734206613735,0.4917341556668429,4
2025-05-29,AAPL,0,0.5538121554110825,0.5539657296314091,0.5023109852659767,0.838815797373721,0.6122261669205474,4
2025-05-29,CAT,1,0.5509661071783122,0.5629949399103286,0.5735050021031897,0.7669604502874697,0.613606624869825,4
2025-05-29,DIS,1,0.5804658935128819,0.528873236754739,0.49998143153738955,0.4952555363187338,0.5261440245309361,4
2025-05-29,GE,0,0.5643643239117131,0.5821329632992088,0.5822731484166755,0.9181252644432456,0.6617239250177107,4
2025-05-29,GS,1,0.5707098113097796,0.5731599923449785,0.5255784602481447,0.7976364586606245,0.6167711806408818,4
2025-05-29,IBM,1,0.5096150672210216,0.4856955777221681,0.5302520635357623,0.2677541281000255,0.44832920914474433,4
2025-05-29,JPM,0,0.5458965001582493,0.5481187858115668,0.5581736661247265,0.7317538669929936,0.5959857047718841,4
2025-05-29,KO,0,0.4491320074524549,0.45627738545396346,0.4395158310614225,0.3414638991164856,0.4215972807710816,4
2025-05-29,MSFT,0,0.5261318427494152,0.48652333015546273,0.5368037471303383,0.360205882423123,0.4774162006145848,4
2025-05-29,UNH,1,0.49148586072834094,0.599751814362942,0.5063330782512396,0.9944985244213685,0.6480173194409727,4
2025-05-29,WMT,0,0.5040245083291924,0.4963537784974104,0.4884293736170938,0.4860585152330332,0.49371654391918246,4
2025-05-29,XOM,1,0.4866097093760861,0.44920316004999544,0.4763751886784021,0.4172332484114827,0.4573553266289916,4
2025-05-30,AAPL,0,0.5429104218032215,0.5590468004206735,0.5085687816861427,0.8858708118398414,0.6240992039374698,4
2025-05-30,CAT,1,0.5231857435034424,0.6110867171168934,0.5730909419232963,0.6734994853475261,0.5952157219727896,4
2025-05-30,DIS,1,0.5722532934492728,0.5442854027056866,0.42334570912172603,0.5330138781500569,0.5182245708566855,4
2025-05-30,GE,0,0.544105829290261,0.6030826473650126,0.5822731484166755,0.9050632696941157,0.6586312236915162,4
2025-05-30,GS,1,0.5607361537318114,0.5723949371204522,0.5255784602481447,0.722225123447596,0.5952336686370011,4
2025-05-30,IBM,1,0.4640770240764479,0.40867678357047466,0.4425544960089981,0.42915123329853133,0.436114884238613,4
2025-05-30,JPM,0,0.5255723770818763,0.5555503207927747,0.5510704541438304,0.6451189413365168,0.5693280233387495,4
2025-05-30,KO,0,0.4174867897978153,0.40798640299715494,0.409560358366616,0.37310951470079,0.402035766465594,4
2025-05-30,MSFT,0,0.4953396200908882,0.4601286398519867,0.5068711609353794,0.6163475007181358,0.5196717303990976,4
2025-05-30,UNH,1,0.4905061753222713,0.5803036027060124,0.49933574855674406,0.9955494309669827,0.6414237393880026,4
2025-05-30,WMT,0,0.47793829504635554,0.4700505264657039,0.45852399599300936,0.4892650717146216,0.4739444723049226,4
2025-05-30,XOM,1,0.4629276762315047,0.4106485186764034,0.44321094406828,0.2814015781489846,0.39954717928129313,4
2025-06-02,AAPL,0,0.5574750395068719,0.5315034218652362,0.49531347018049066,0.7820750984884788,0.5915917575102694,4
2025-06-02,CAT,1,0.5413594847105012,0.5849142179163298,0.5715401029502748,0.5396255076241083,0.5593598283003036,4
2025-06-02,DIS,1,0.5808290795047977,0.5335826724631255,0.4953069245232115,0.4817376097314129,0.5228640715556369,4
2025-06-02,GE,0,0.5622726294033774,0.5814082065706094,0.5822731484166755,0.9371010352699891,0.6657637549151629,4
2025-06-02,GS,0,0.564170993166667,0.5578936868645028,0.5186027605835355,0.5273683598274674,0.5420089501105432,4
2025-06-02,IBM,1,0.5094410800570217,0.5132828152954068,0.5445251829523218,0.43236040162154915,0.49990236998157483,4
2025-06-02,JPM,0,0.5319856183550681,0.5455196172799869,0.530470252418398,0.7771889983708536,0.5962911216060767,4
2025-06-02,KO,0,0.4513920037992959,0.45683894788551543,0.4388605421684571,0.22862739353227232,0.39392972184638514,4
2025-06-02,MSFT,1,0.5052737759412634,0.5769911998813354,0.6046719758296945,0.6235228472881931,0.5776149497351215,4
2025-06-02,UNH,1,0.49230292091362193,0.5668656808758933,0.48125708319307847,0.9963778139220771,0.6342008747261677,4
2025-06-02,WMT,0,0.4970254926828627,0.4939823331089886,0.4884293736170938,0.5589505496079156,0.5095969372542152,4
2025-06-02,XOM,1,0.48345137140662714,0.452482219689065,0.46724030328178723,0.3721304768064241,0.44382609279597585,4
2025-06-03,AAPL,0,0.5613207603543254,0.5453660524802713,0.49531347018049066,0.804436731546021,0.6016092536402771,4
2025-06-03,CAT,0,0.5375724275387292,0.5666094273369952,0.5646804603269764,0.4258821562003712,0.523686117850768,4
2025-06-03,DIS,1,0.5721516171236881,0.5340084752587622,0.49998143153738955,0.5722984071333369,0.5446099827632942,4
2025-06-03,GE,0,0.5553686758723281,0.5817365545069846,0.5730909419232963,0.8917330592596222,0.6504823078905577,4
2025-06-03,GS,1,0.5556914185996495,0.5575017447415129,0.5056368715310823,0.5432622831029453,0.5405230794937975,4
2025-06-03,IBM,1,0.5082647517300526,0.4922564774391899,0.5295893176832848,0.29324263306572046,0.45583829497956196,4
2025-06-03,JPM,1,0.5254903470755101,0.538594885218272,0.5270876077201077,0.6529255973077175,0.5610246093304019,4
2025-06-03,KO,0,0.4311540410465934,0.41891965724834507,0.41020387940125,0.30101936385649797,0.3903242353881716,4
2025-06-03,MSFT,0,0.5034769394531585,0.4957893618196173,0.4884293736170938,0.6169657078892016,0.5261653456947678,4
2025-06-03,UNH,1,0.49644285015099227,0.5747695793257666,0.4819243819472591,0.9956755027795567,0.6372030785508938,4
2025-06-03,WMT,0,0.4973184843291301,0.4887345644111322,0.4884293736170938,0.49064771081452974,0.4912825332929715,4
2025-06-03,XOM,1,0.4808989308730187,0.4284348412091027,0.4459061605421074,0.27943924182945135,0.40866979361342004,4
2025-06-04,AAPL,0,0.5679422247119424,0.5543761620953905,0.5019950952663378,0.7696792861111026,0.5984981920461934,4
2025-06-04,CAT,0,0.5468518177796189,0.5487575302576413,0.5666529657392273,0.30133701656671796,0.4908998325858014,4
2025-06-04,DIS,0,0.5768500826504259,0.520483560823212,0.4953069245232115,0.45269065654270063,0.5113328061348875,4
2025-06-04,GE,0,0.5589150985654969,0.5784227079489184,0.5730909419232963,0.8893555791068379,0.6499460818861373,4
2025-06-04,GS,1,0.558642310374137,0.5563790226152261,0.5104508777620625,0.4844251337712155,0.5274743361306603,4
2025-06-04,IBM,1,0.504744565912766,0.45727058339750404,0.4723268630754267,0.5351996424656024,0.49238541371282474,4
2025-06-04,JPM,1,0.527465299338747,0.5483069038873943,0.530470252418398,0.6540639844405329,0.5650766100212681,4
2025-06-04,KO,0,0.4432429507579912,0.45340915076688526,0.4388605421684571,0.19946439647692793,0.38374426004256534,4
2025-06-04,MSFT,1,0.5029872752546755,0.49906005106362833,0.4884293736170938,0.6381507294023011,0.5321568573344247,4
2025-06-04,UNH,1,0.49578173559070915,0.5812051785804414,0.4816280242020958,0.9948901841431068,0.6383762806290882,4
2025-06-04,WMT,0,0.5001190459284295,0.48487851209953536,0.4723268630754267,0.6027016775413163,0.515006524661177,4
2025-06-04,XOM,1,0.49013207723147173,0.4591577341260654,0.4723268630754267,0.34408995542246096,0.44142665746385623,4
2025-06-05,AAPL,0,0.5622798464494179,0.557874713984383,0.5019950952663378,0.8273544076593642,0.6123760158398758,4
2025-06-05,CAT,0,0.5470334660678287,0.5635041286981595,0.5666529657392273,0.2865897074207809,0.4909450669814991,4
2025-06-05,DIS,0,0.5671133047191772,0.5307510617708082,0.4953069245232115,0.5724710812099317,0.5414105930557822,4
2025-06-05,GE,0,0.5679069834970751,0.5695271851956576,0.5735050021031897,0.8945878546857079,0.6513817563704076,4
2025-06-05,GS,1,0.5533891039769085,0.5880248839519588,0.5433690567793616,0.7081001578289594,0.5982208006342971,4
2025-06-05,IBM,1,0.5044173087572434,0.4747764871005587,0.4723268630754267,0.6484427185823902,0.5249908443789048,4
2025-06-05,JPM,1,0.522286759417554,0.5433457078503638,0.5311328559653803,0.5819014162865543,0.5446666848799631,4
2025-06-05,KO,0,0.44327002208667143,0.45122733953278676,0.4395158310614225,0.2690155606994999,0.40075718834509516,4
2025-06-05,MSFT,1,0.49542407410957584,0.5197218660758199,0.5270488823027549,0.5633499634722291,0.526386196490095,4
2025-06-05,UNH,0,0.49696322590825065,0.5920304304724686,0.48891598632270056,0.9955422217162356,0.6433629661049138,4
2025-06-05,WMT,1,0.4865176717204153,0.45860530877488986,0.4723268630754267,0.4847815037198636,0.47555783682264885,4
2025-06-05,XOM,1,0.4914663264063004,0.4651921727888596,0.4729900018493508,0.453957125408816,0.4709014066133317,4
2025-06-06,AAPL,1,0.560911635820398,0.5524119516904655,0.5019950952663378,0.8174447388563865,0.6081908554083969,4
2025-06-06,CAT,0,0.54693074959764,0.5653872372992439,0.5782094181702373,0.6840341394812938,0.5936403861371037,4
2025-06-06,DIS,0,0.5520787230838622,0.6279177926210856,0.7022847351217764,0.7850290588905601,0.6668275774293211,4
2025-06-06,GE,0,0.560615555947778,0.5822863382306185,0.5822731484166755,0.9098005351208983,0.6587438944289926,4
2025-06-06,GS,1,0.5586607548401944,0.5913799360252028,0.5433690567793616,0.8442068276401462,0.6344041438212262,4
2025-06-06,IBM,1,0.49900941708695984,0.47609247545318506,0.4723268630754267,0.6887330169298261,0.5340404431363495,4
2025-06-06,JPM,1,0.5253805488734367,0.532150855977967,0.530470252418398,0.6929835923372677,0.5702463124017673,4
2025-06-06,KO,0,0.4495212718365136,0.45964262945629264,0.4395158310614225,0.33697422674805216,0.42141348977557025,4
2025-06-06,MSFT,0,0.5036052698287821,0.5781754032022396,0.6046719758296945,0.6052631734039848,0.5729289555661753,4
2025-06-06,UNH,0,0.5011873207440346,0.576638644712911,0.493327568718412,0.9968036250454788,0.6419892898052091,4
2025-06-06,WMT,1,0.48182981818942633,0.4471332903839049,0.43306676933010085,0.5417405414265662,0.4759426048324996,4
2025-06-06,XOM,1,0.4922708900199968,0.4561452016014525,0.47571158792768947,0.3332312693900353,0.43933973723479347,4
2025-06-09,AAPL,1,0.5436685077247675,0.5629999251986411,0.5085687816861427,0.818610267524652,0.6084618705335509,4
2025-06-09,CAT,0,0.5402465327077685,0.5984834743558437,0.5782094181702373,0.7377348118494547,0.613668559270826,4
2025-06-09,DIS,0,0.5410266040092844,0.66536399994344,0.7022847351217764,0.8595288755031881,0.6920510536444222,4
2025-06-09,GE,1,0.5555933057888071,0.5730748655197015,0.5730909419232963,0.8518838755415694,0.6384107471933436,4
2025-06-09,GS,1,0.5537173460473286,0.5926347454203583,0.5357625547297451,0.8256439169878799,0.626939640796328,4
2025-06-09,IBM,1,0.4860260193608474,0.4444369317992014,0.4425544960089981,0.5883549963667962,0.4903431108839608,4
2025-06-09,JPM,1,0.5203605665631441,0.5467615533151534,0.530470252418398,0.6086367291298949,0.5515572753566476,4
2025-06-09,KO,0,0.4461837578163115,0.4534155550726514,0.4395158310614225,0.19696834745813924,0.38402087285213116,4
2025-06-09,MSFT,0,0.49982783174411627,0.5410383200534004,0.5389078834590006,0.5807245878193729,0.5401246557689725,4
2025-06-09,UNH,0,0.5027127535002027,0.598955885368901,0.4886193841228919,0.9961447847365559,0.6466082019321379,4
2025-06-09,WMT,1,0.4859376994176661,0.4498361316068175,0.43306676933010085,0.6127548830413849,0.49539887084899237,4
2025-06-09,XOM,0,0.4909432986343293,0.4339365704819125,0.46384428611025297,0.34478333280536116,0.43337687200796393,4
2025-06-10,AAPL,0,0.5511317736573386,0.5536980803639798,0.5069851920732481,0.8225539790204639,0.6085922562787576,4
2025-06-10,CAT,1,0.5424792222967451,0.5836346027215485,0.5782094181702373,0.6880628591715651,0.598096525590024,4
2025-06-10,DIS,0,0.5130065958546364,0.6763098694958176,0.582469466157479,0.7444897569570896,0.6290689221162556,4
2025-06-10,GE,1,0.5239641087782311,0.6023564488456555,0.5737417295449985,0.7634706679246667,0.6158832387733879,4
2025-06-10,GS,1,0.5570910084828216,0.5732815950450789,0.5357625547297451,0.8129156718169551,0.6197627075186501,4
2025-06-10,IBM,1,0.48492933866277144,0.5859322962978258,0.6415661303350093,0.6458201850927782,0.5895619875970962,4
2025-06-10,JPM,1,0.5239428619830133,0.5304143259351183,0.530470252418398,0.6877051155501366,0.5681331389716666,4
2025-06-10,KO,0,0.4479328708931121,0.44523154639024537,0.4388605421684571,0.25013400065197244,0.3955397400259467,4
2025-06-10,MSFT,0,0.5014076795877219,0.48322404113174794,0.4884293736170938,0.5629293058689417,0.5089976000513764,4
2025-06-10,UNH,0,0.5055732698977692,0.5903830429575233,0.5007029523855583,0.9966756456934142,0.6483337277335662,4
2025-06-10,WMT,1,0.48204818066683697,0.44536798504634456,0.43306676933010085,0.5784717644700895,0.484738674878343,4
2025-06-10,XOM,0,0.4905447139843515,0.42903455154856224,0.4583809782163063,0.3282219930491907,0.42654555919960274,4
2025-06-11,AAPL,1,0.5385968906990357,0.5422304495472428,0.5036299185014853,0.5657035605622022,0.5375402048274914,4
2025-06-11,CAT,1,0.5285759564270649,0.5926257321524202,0.5559850970038279,0.7498782018467576,0.6067662468575177,4
2025-06-11,DIS,0,0.52965380717014,0.6591404345262241,0.5906893302543159,0.9156208060655386,0.6737760945040546,4
2025-06-11,GE,1,0.5439961933460212,0.6001219534276574,0.5737417295449985,0.5400314244762673,0.5644728251987361,4
2025-06-11,GS,1,0.5441045542273513,0.5811499213103626,0.5194457721546897,0.8817895273323824,0.6316224437561965,4
2025-06-11,IBM,0,0.488153083163742,0.5893212457486336,0.6415661303350093,0.5895367760152519,0.5771443088156591,4
2025-06-11,JPM,1,0.51919949883167,0.5397641319636686,0.5270876077201077,0.6037596316390804,0.5474527175386317,4
2025-06-11,KO,0,0.447286770638088,0.44325084043316804,0.4388605421684571,0.2442997098563834,0.3934244657740242,4
2025-06-11,MSFT,0,0.49633662451306054,0.49447070003185745,0.4884293736170938,0.5889836375678161,0.517055083932457,4
2025-06-11,UNH,0,0.5059336847641372,0.5775384356549099,0.5009997034838042,0.9973703473511806,0.6454605428135081,4
2025-06-11,WMT,1,0.4810879124413178,0.44776791080994693,0.4364028314405433,0.6040756897764253,0.49233358611705835,4
2025-06-11,XOM,0,0.48029644349321804,0.42319124019089394,0.4459061605421074,0.3014481339958405,0.4127104945555149,4
2025-06-12,AAPL,0,0.543952713492534,0.5294362988289252,0.5056368715310823,0.45291362824667025,0.507984878024803,4
2025-06-12,CAT,1,0.5332452333896565,0.5951771328347147,0.5546152881321396,0.7279167399674408,0.6027385985809879,4
2025-06-12,DIS,0,0.5340245371693211,0.6383780675830486,0.5704901625376344,0.905016857739183,0.6619774062572967,4
2025-06-12,GE,1,0.5301418110639378,0.5907240577960972,0.566237284645909,0.2833949663058473,0.49262452995294775,4
2025-06-12,GS,1,0.5466062910646031,0.5805585140013235,0.5194457721546897,0.8068447692770058,0.6133638366244055,4
2025-06-12,IBM,1,0.4927719409215494,0.5796380563975616,0.6020114502034764,0.6890832776656898,0.5908761812970693,4
2025-06-12,JPM,1,0.5198004864694553,0.545216110020861,0.5270876077201077,0.6199002768985105,0.5530011202772336,4
2025-06-12,KO,0,0.4478905889485738,0.44438508671327187,0.4355202105332729,0.3685870452265951,0.42409573285542845,4
2025-06-12,MSFT,1,0.4947510144699978,0.4642493033811502,0.4765331736178854,0.5879272737111537,0.5058651912950468,4
2025-06-12,UNH,0,0.5464971591418336,0.5458535698764593,0.5879979790119464,0.03890880268325166,0.4298143776783727,4
2025-06-12,WMT,0,0.47914535736837777,0.44452529726321427,0.4336704975194785,0.6387026640821893,0.49901095405831497,4
2025-06-12,XOM,0,0.49068943738212095,0.423859076749885,0.4583809782163063,0.3326562465915792,0.4263964347349729,4
2025-06-13,AAPL,0,0.5405088956492013,0.5325178786375661,0.5056368715310823,0.408183331113878,0.4967117442329319,4
2025-06-13,CAT,1,0.5336620926781457,0.5865875649423253,0.5546152881321396,0.5870895235374523,0.5654886173225158,4
2025-06-13,DIS,1,0.5184990829229188,0.6377171827715773,0.5700753695811388,0.8521992246976791,0.6446227149933286,4
2025-06-13,GE,1,0.5353495410674938,0.5808783747783355,0.5567645370911308,0.22912678252262145,0.47552980886489543,4
2025-06-13,GS,1,0.5423034737188971,0.5823618893311339,0.5234972937608936,0.6169156900889384,0.5662695867249657,4
2025-06-13,IBM,0,0.4942173059008453,0.4866890250522539,0.4723268630754267,0.6213841126421544,0.5186543266676701,4
2025-06-13,JPM,1,0.5154458260225674,0.5406061651534037,0.5311328559653803,0.45649412833215075,0.5109197438683756,4
2025-06-13,KO,0,0.4408697108913005,0.4200256955762988,0.41020387940125,0.26983541691782975,0.3852336756966698,4
2025-06-13,MSFT,1,0.49610672838845554,0.46020665108405084,0.4723268630754267,0.5268128669396047,0.4888632773718844,4
2025-06-13,UNH,0,0.5479761876565941,0.5485583354023961,0.5906573987933326,0.04526185821673088,0.43311344501726334,4
2025-06-13,WMT,0,0.4760379892169189,0.4352340860570803,0.42740879087164463,0.568133582440352,0.4767036121464989,4
2025-06-13,XOM,0,0.4727737244866273,0.4230237209398161,0.4459061605421074,0.39800199278246695,0.43492639968775443,4
2025-06-16,AAPL,0,0.5459123046467773,0.5292906514351292,0.5056368715310823,0.4935255957642913,0.51859135584432,4
2025-06-16,CAT,1,0.5367367410151296,0.5843768398778244,0.55796615998884,0.6424984718365677,0.5803945531795904,4
2025-06-16,DIS,1,0.5321580597959509,0.6415767200597938,0.5685218236598982,0.8575904471049,0.6499617626551357,4
2025-06-16,GE,1,0.5441561224106486,0.5820235641521212,0.5538679279368665,0.4632675496542362,0.535828791038468,4
2025-06-16,GS,1,0.5416822637749193,0.5857753002038125,0.5228335938224202,0.7551281339725446,0.6013548229434242,4
2025-06-16,IBM,0,0.48645081856416944,0.4933887830875057,0.47927491040384007,0.6378558512775032,0.5242425908332546,4
2025-06-16,JPM,1,0.5128320965701822,0.5388141283940596,0.5284700997410008,0.5108397427131939,0.5227390168546091,4
2025-06-16,KO,0,0.4292786900428143,0.45721002921876686,0.44303713615552637,0.43340423632869124,0.44073252293644966,4
2025-06-16,MSFT,0,0.4999403068883275,0.4574798281531362,0.4723268630754267,0.5473010714354608,0.49426201738808784,4
2025-06-16,UNH,1,0.5692110030915194,0.4994380257877489,0.5234819143209638,0.002361322613790457,0.39862306645350565,4
2025-06-16,WMT,0,0.482220997258588,0.44557174373054764,0.4364028314405433,0.5665228707389238,0.4826796107921507,4
2025-06-16,XOM,0,0.48392679414378575,0.425510925737013,0.4459061605421074,0.27841992077365146,0.4084409502991394,4
2025-06-17,AAPL,1,0.5466605301027684,0.529595981645321,0.5056368715310823,0.375140892470299,0.48925856893736763,4
2025-06-17,CAT,1,0.5334860475328911,0.5887264331416894,0.5586222466695461,0.4889867156076388,0.5424553607379413,4
2025-06-17,DIS,1,0.5315423810807076,0.6236598240414661,0.5691743403481099,0.7898993193178536,0.6285689661970343,4
2025-06-17,GE,0,0.5355716123329396,0.585206173509274,0.5518832489455819,0.5765803800942699,0.5623103537205163,4
2025-06-17,GS,1,0.545395280220264,0.5829969975463991,0.5228335938224202,0.6850305591877125,0.5840641076941989,4
2025-06-17,IBM,0,0.49145095782474735,0.503169793891139,0.4884293736170938,0.6140422152923389,0.5242730851563298,4
2025-06-17,JPM,1,0.5188930341567245,0.5301279389753633,0.530470252418398,0.5326046441984709,0.5280239674372391,4
2025-06-17,KO,0,0.4286574420638475,0.44251101621472655,0.44303713615552637,0.2549460369882652,0.3922879078555914,4
2025-06-17,MSFT,0,0.49967550206480715,0.45908707540650384,0.4723268630754267,0.5632521720606092,0.49858540315183675,4
2025-06-17,UNH,1,0.5629474800514588,0.48842449043498853,0.46190084893854105,0.0006939993776571361,0.37849170470066135,4
2025-06-17,WMT,0,0.47883840076364864,0.44225990864845155,0.4364028314405433,0.5265431241720796,0.4710110662561807,4
2025-06-17,XOM,0,0.49358793938643447,0.4264605191610647,0.4459061605421074,0.31535310629242685,0.42032693134550836,4
2025-06-18,AAPL,1,0.5458042416816723,0.5323266191362412,0.5056368715310823,0.527862738343395,0.5279076176730978,4
2025-06-18,CAT,1,0.5309902966911428,0.5920842924326535,0.5586222466695461,0.5663509194331606,0.5620119388066258,4
2025-06-18,DIS,1,0.536036918787491,0.6188906318618208,0.5711419479701115,0.7419704022845875,0.6170099752260028,4
2025-06-18,GE,0,0.5240260552611351,0.5916459703717066,0.5534496475115656,0.5763528699413557,0.5613686357714407,4
2025-06-18,GS,1,0.5385275363510224,0.577414342800527,0.5093630237322534,0.8027343195252845,0.6070098056022718,4
2025-06-18,IBM,0,0.48652760166076603,0.46868203584004736,0.47927491040384007,0.5219436823844334,0.48910705757227174,4
2025-06-18,JPM,1,0.5134712660693731,0.5413920547826361,0.5300486483196452,0.5482285889304894,0.5332851395255359,4
2025-06-18,KO,0,0.4278355200819776,0.4423940257857473,0.44032740582739593,0.266091607814085,0.3941621398773015,4
2025-06-18,MSFT,0,0.49585488977755793,0.4410339592595265,0.45010392893472534,0.5325560715498984,0.479887212380427,4
2025-06-18,UNH,0,0.5540144513614359,0.49449755379921784,0.4727540539339464,0.00028094837492805133,0.380386751867382,4
2025-06-18,WMT,0,0.48538109046719685,0.4492646014994036,0.4364028314405433,0.5857061543855471,0.4891886694481727,4
2025-06-18,XOM,1,0.49876228314600807,0.42787203248468586,0.4459061605421074,0.45937446275649063,0.45797873473232303,4
2025-06-20,AAPL,1,0.5280748295101613,0.5559345163651515,0.5045487031565554,0.8222441722079051,0.6027005553099434,4
2025-06-20,CAT,1,0.4926292277581482,0.5983571966801489,0.558204868202378,0.5146617446109871,0.5409632593129154,4
2025-06-20,DIS,0,0.513122921162512,0.6195136377841288,0.5548543622351465,0.623090322290415,0.5776453108680506,4
2025-06-20,GE,0,0.5186617632112647,0.5835971031363112,0.5534496475115656,0.5708396889932271,0.5566370507130921,4
2025-06-20,GS,1,0.5216868950101698,0.5854276047760917,0.5093630237322534,0.6969060812663525,0.5783459011962169,4
2025-06-20,IBM,0,0.45987852075154995,0.4381532725981162,0.44321094406828,0.4833269040647538,0.456142410370675,4
2025-06-20,JPM,1,0.4999978995360014,0.5437744600839091,0.5300486483196452,0.6496686810659054,0.5558724222513652,4
2025-06-20,KO,1,0.38913080969314634,0.419613280284444,0.42258193145457706,0.33191595261629375,0.39081049351211533,4
2025-06-20,MSFT,0,0.46696324310218595,0.40548092804605096,0.44321094406828,0.47863649566488503,0.44857290272035044,4
2025-06-20,UNH,0,0.5479059428000301,0.4977901137371684,0.4712990262485961,0.0003759750140650523,0.3793427644499649,4
2025-06-20,WMT,1,0.4727144995513669,0.4061446429177513,0.40650564652640664,0.43028976314192346,0.4289136380343621,4
2025-06-20,XOM,0,0.47046661083958996,0.494227234595556,0.5021938712118328,0.4129972975018605,0.4699712535372098,4
2025-06-23,AAPL,1,0.5524071859708715,0.5429462649381585,0.4928253310057297,0.7269710077323807,0.5787874474117851,5
2025-06-23,CAT,1,0.5293866792585582,0.619904854132196,0.6065412905271027,0.7537778700217961,0.6274026734849132,5
2025-06-23,DIS,0,0.5392828102467283,0.5971539241300392,0.5722857761541625,0.7567384944936514,0.6163652512561454,5
2025-06-23,GE,0,0.5294577086348218,0.5788755465935188,0.5975282269526605,0.5646937491119308,0.5676388078232331,5
2025-06-23,GS,1,0.5552297970789697,0.5938980894659444,0.5485566232634603,0.8148525163297861,0.6281342565345401,5
2025-06-23,IBM,0,0.48847908493395076,0.5595940471510229,0.5396003437789358,0.6920822272615469,0.5699389257813641,5
2025-06-23,JPM,1,0.5241974193353877,0.6027459056917864,0.5418812143863238,0.7782029398757125,0.6117568698223026,5
2025-06-23,KO,0,0.4090999561202437,0.3904006253707536,0.4137676582791765,0.47534721053890105,0.4221538625772687,5
2025-06-23,MSFT,0,0.4893516998476069,0.4301803914720569,0.4604834588336587,0.5421739482478657,0.48054737460029706,5
2025-06-23,UNH,0,0.5394361972392229,0.47849945472687283,0.4683110491163256,0.014679344368012433,0.37523151136260846,5
2025-06-23,WMT,1,0.47587294299280397,0.41419689745089927,0.40383575649630066,0.5212519652353771,0.45378939054384526,5
2025-06-23,XOM,1,0.47942046510696185,0.4312118713332126,0.49686724624778,0.5077819369932342,0.47882037992029713,5
2025-06-24,AAPL,1,0.5528301862896621,0.5357748868724108,0.4928253310057297,0.6908605952591516,0.5680727498567386,5
2025-06-24,CAT,1,0.5223514546820806,0.6018079455333512,0.6065412905271027,0.6786140503227981,0.6023286852663331,5
2025-06-24,DIS,0,0.54036126220281,0.596814117172782,0.5722857761541625,0.7387098443084835,0.6120427499595595,5
2025-06-24,GE,0,0.5454968101696748,0.5702881999550817,0.5985338618904339,0.5286466655091228,0.5607413843810782,5
2025-06-24,GS,0,0.5539022264949425,0.5846062539066467,0.5513860981109046,0.7592336189922293,0.6122820493761807,5
2025-06-24,IBM,0,0.4902468368874376,0.5607863834868116,0.5303359486347312,0.6686285077903049,0.5624994191998214,5
2025-06-24,JPM,0,0.5219630419999488,0.5956387022076398,0.5408425339622467,0.7482771991694035,0.6016803693348096,5
2025-06-24,KO,1,0.4245871680435009,0.386028497853951,0.42282899070411933,0.30886677624003256,0.38557785821040097,5
2025-06-24,MSFT,1,0.49433817791721596,0.4518968748171021,0.4604834588336587,0.6142968214821423,0.5052538332625298,5
2025-06-24,UNH,0,0.5489494822727369,0.4735951598831341,0.4783269277288421,0.030585284535998163,0.38286421360517786,5
2025-06-24,WMT,1,0.4741551234327364,0.41416743216695967,0.40383575649630066,0.5010969287975349,0.4483138102233829,5
2025-06-24,XOM,1,0.4795309987083834,0.42209344675777516,0.4511521483637803,0.5317090611867454,0.4711214137541711,5
2025-06-25,AAPL,1,0.5665107015938545,0.5635163156500245,0.4993083024660807,0.8482421459962207,0.6193943664265451,5
2025-06-25,CAT,1,0.543020234134777,0.5957689889061282,0.5694228882531686,0.7722736328963393,0.6201214360476033,5
2025-06-25,DIS,0,0.5466337459072205,0.631729702383329,0.5849640226357953,0.7786968579641785,0.6355060822226308,5
2025-06-25,GE,1,0.5410291216083157,0.5727878796431647,0.5630533030952235,0.5069444933658243,0.545953699428132,5
2025-06-25,GS,0,0.5613386173898911,0.5879686770364405,0.5161591715207133,0.723658183040162,0.5972811622468017,5
2025-06-25,IBM,1,0.4916366028958112,0.5494212831039385,0.5396003437789358,0.6185132856168529,0.5497928788488846,5
2025-06-25,JPM,0,0.5315372862688367,0.5883561670834931,0.5464828891730881,0.6754077372970275,0.5854460199556113,5
2025-06-25,KO,0,0.427571859547114,0.39192643686450657,0.43093641455237425,0.27376160856316106,0.381049079881789,5
2025-06-25,MSFT,1,0.50234955504219,0.5483292425414954,0.5485464926153744,0.6562516633302843,0.5638692383823359,5
2025-06-25,UNH,0,0.5472158677938755,0.47479480900383686,0.4783269277288421,0.02693185294817361,0.3818173643686821,5
2025-06-25,WMT,0,0.48968557691105213,0.44618359748658765,0.42088827867375417,0.662663977234272,0.5048553575764165,5
2025-06-25,XOM,1,0.49253333001126176,0.4454816583622513,0.4603892272814489,0.5070713747274124,0.47636889759559353,5
2025-06-26,AAPL,1,0.5585317328755376,0.5720107667155251,0.5022298527451109,0.7672436284131313,0.6000039951873263,5
2025-06-26,CAT,1,0.5349744701509718,0.5942914137864432,0.5665850029808265,0.7127942219909834,0.6021612772273063,5
2025-06-26,DIS,0,0.5371595557377383,0.6448077112412098,0.5712614891849612,0.8284547068303668,0.645420865748569,5
2025-06-26,GE,1,0.5276241796705816,0.5854997471242368,0.5620238271684685,0.5651732337769587,0.5600802469350614,5
2025-06-26,GS,0,0.5423922183715966,0.5765891002074294,0.5151143570606384,0.5799626631757769,0.5535145847038604,5
2025-06-26,IBM,1,0.49093031864752606,0.5422673275702997,0.5396003437789358,0.6049075871147535,0.5444263942778788,5
2025-06-26,JPM,0,0.5223548962059317,0.5951652364755293,0.5454458901245833,0.6940076229556543,0.5892434114404247,5
2025-06-26,KO,0,0.4243595022542577,0.3861535077070672,0.43093641455237425,0.26972919331396666,0.37779465445691646,5
2025-06-26,MSFT,1,0.4947795329285522,0.5052228376857234,0.5346959340647288,0.6404375687410304,0.5437839683550088,5
2025-06-26,UNH,0,0.5497337028917086,0.46993789158229965,0.4783269277288421,0.03311322259958609,0.38277793620060907,5
2025-06-26,WMT,0,0.47289696995060954,0.42567101731548523,0.4128327540814197,0.44626244797244513,0.43941579732998987,5
2025-06-26,XOM,1,0.49326676212818826,0.42735077642745456,0.4511521483637803,0.5073557901700882,0.46978136927237785,5
2025-06-27,AAPL,1,0.5497538232624176,0.5626956961805976,0.5011840276086917,0.6497562872907471,0.5658474585856135,5
2025-06-27,CAT,1,0.5168180838916648,0.589991571801609,0.5704155781652652,0.5728360923678074,0.5625153315565866,5
2025-06-27,DIS,0,0.5298289077238055,0.6541726908840846,0.6053259549314824,0.7667201342189981,0.6390119219395927,5
2025-06-27,GE,1,0.4647888592479267,0.5556275415426774,0.5535146405252791,0.364126123819493,0.48451429128384405,5
2025-06-27,GS,0,0.5364277526630323,0.5753273759694787,0.5704155781652652,0.565622780003446,0.5619483717003055,5
2025-06-27,IBM,0,0.49235338577985055,0.5433872894515894,0.5396003437789358,0.5952571401764288,0.5426495397967012,5
2025-06-27,JPM,0,0.49360859060093776,0.5950097146672289,0.5454458901245833,0.672597594939413,0.5766654475830407,5
2025-06-27,KO,0,0.41251571401502013,0.3933346598405935,0.4137676582791765,0.4425921918994186,0.4155525560085522,5
2025-06-27,MSFT,1,0.47528821326449905,0.5204602461556398,0.5027600072974376,0.5792539548792952,0.519440605399218,5
2025-06-27,UNH,1,0.5464987788728872,0.46142216521922075,0.47006439668856803,0.023238404795482094,0.37530593639403953,5
2025-06-27,WMT,0,0.4580852250842324,0.3922137512223267,0.40383575649630066,0.36433514720626387,0.40461747000228093,5
2025-06-27,XOM,1,0.48798097145885033,0.43902267051053145,0.4511521483637803,0.5132329910821198,0.47284719535382047,5
2025-06-30,AAPL,1,0.5457045943073804,0.5553285621189358,0.49177974154818543,0.7136629964836284,0.5766189736145325,5
2025-06-30,CAT,1,0.5332757569869563,0.579326923305279,0.5704155781652652,0.6791296020530829,0.5905369651276459,5
2025-06-30,DIS,0,0.5316175713628947,0.6525496068378561,0.6053259549314824,0.7341739957779484,0.6309167822275454,5
2025-06-30,GE,1,0.525614579774119,0.5827932887935172,0.5620238271684685,0.617315008164048,0.5719366759750382,5
2025-06-30,GS,1,0.5381748418067174,0.5750584848094593,0.5704155781652652,0.5933490504383654,0.5692494888049519,5
2025-06-30,IBM,0,0.4975115945199379,0.5371120526679852,0.5396003437789358,0.5944879816176052,0.542177993146116,5
2025-06-30,JPM,0,0.5106268387590349,0.5937645993255706,0.5602569765315906,0.6740409672022932,0.5846723454546223,5
2025-06-30,KO,0,0.4281100950833176,0.3969645376722981,0.42282899070411933,0.25508724600577787,0.37574771736637824,5
2025-06-30,MSFT,1,0.4833347052777272,0.5122455008526864,0.5027600072974376,0.4639304914634331,0.49056767622282105,5
2025-06-30,UNH,0,0.5529893259938198,0.4801589364546433,0.4783269277288421,0.0351292451205489,0.3866511088244636,5
2025-06-30,WMT,0,0.4797631706324999,0.43523266260760113,0.4128327540814197,0.5299216023797219,0.4644375474253106,5
2025-06-30,XOM,1,0.49101130127532977,0.4301015513791155,0.4511521483637803,0.5106263860118672,0.4707228467575232,5
2025-07-01,AAPL,1,0.5523290311219164,0.5570668037935624,0.49177974154818543,0.7448245791309647,0.5865000388986572,5
2025-07-01,CAT,1,0.5410389065371328,0.6133180903478481,0.5892388824822812,0.6980206943615079,0.6104041434321925,5
2025-07-01,DIS,0,0.5378717270610697,0.6519528766635679,0.5849640226357953,0.7897080237203933,0.6411241625202065,5
2025-07-01,GE,1,0.5212960762692836,0.5820417397090767,0.5620238271684685,0.5937408280530634,0.564775617799973,5
2025-07-01,GS,1,0.5481110672944977,0.5718756676514513,0.5704155781652652,0.6759261187048882,0.5915821079540255,5
2025-07-01,IBM,0,0.4963099083152628,0.5490978706303503,0.5312799936320463,0.4864173513477724,0.515776280981358,5
2025-07-01,JPM,1,0.5216849288070646,0.5904260885619077,0.5602569765315906,0.633266241974336,0.5764085589687247,5
2025-07-01,KO,0,0.41681094911210054,0.3916768044987595,0.4046729495567905,0.3964615511496622,0.4024055635793282,5
2025-07-01,MSFT,1,0.4936448910387688,0.41771133269207156,0.4533346020130066,0.5212291362820273,0.4714799905064686,5
2025-07-01,UNH,0,0.5502159290993586,0.49876588980050157,0.5158945551853522,0.041352191686971594,0.401557141443046,5
2025-07-01,WMT,0,0.48062956527041634,0.4548491186763898,0.42088827867375417,0.5604302172353063,0.4791992949639666,5
2025-07-01,XOM,0,0.5006934017654444,0.4623105389532355,0.46863208504842163,0.32718889067350315,0.43970622911015117,5
2025-07-02,AAPL,0,0.5585840060777106,0.5446261677777507,0.49177974154818543,0.7777403689262273,0.5931825710824685,5
2025-07-02,CAT,1,0.5431042867013817,0.6021240143043085,0.5882259825608309,0.6277228408835689,0.5902942811125225,5
2025-07-02,DIS,0,0.5442432766308084,0.6495341228937634,0.5849640226357953,0.8057381369718135,0.6461198897830451,5
2025-07-02,GE,1,0.5168959678887041,0.58251374137738,0.5630533030952235,0.6107508993125047,0.5683034779184531,5
2025-07-02,GS,1,0.5559060646621355,0.5703152754233962,0.5543862466298577,0.6719903728327274,0.5881494898870292,5
2025-07-02,IBM,0,0.49146214155465884,0.525372445088735,0.5190908339534879,0.48241337288114167,0.5045846983695058,5
2025-07-02,JPM,1,0.5260564674427531,0.5895769023901533,0.5612873636575091,0.6042669824969487,0.570296928996841,5
2025-07-02,KO,1,0.43346403439993986,0.402160487863255,0.4217358150746181,0.19782593080850058,0.3637965670365784,5
2025-07-02,MSFT,1,0.4981904538147321,0.43996311372547725,0.46155919023612907,0.6049317896275103,0.5011611368509622,5
2025-07-02,UNH,0,0.5344262212559574,0.45585406880139984,0.4607047251103462,0.057138546628203724,0.3770308904489768,5
2025-07-02,WMT,0,0.4829906145580039,0.4451518158680495,0.42088827867375417,0.5864169536150419,0.4838619156787124,5
2025-07-02,XOM,0,0.507883758316104,0.4811920608125715,0.46863208504842163,0.3216162951728047,0.44483104983747546,5
2025-07-03,AAPL,0,0.555567676665472,0.5281700950151083,0.5076224199122017,0.8172979967484234,0.6021645470853013,5
2025-07-03,CAT,1,0.5332020421760779,0.5943456844275085,0.5822539977674063,0.6263875574024994,0.584047320443373,5
2025-07-03,DIS,1,0.537279396278499,0.5867999529921104,0.5849640226357953,0.7190864146627005,0.6070324466422763,5
2025-07-03,GE,1,0.5152646562257712,0.5569296730023197,0.5630533030952235,0.524704664666571,0.5399880742474713,5
2025-07-03,GS,0,0.5547298115500865,0.5668527216254976,0.5554194739709704,0.542348269611941,0.5548375691896239,5
2025-07-03,IBM,0,0.49788082306954173,0.5202871491299043,0.5513023599011103,0.4167951520927679,0.49656637104833107,5
2025-07-03,JPM,1,0.5184970649241477,0.5631682035842941,0.544962628210807,0.6240955472314424,0.5626808609876728,5
2025-07-03,KO,1,0.44270588194036287,0.4153884318709153,0.4217358150746181,0.15971499499659877,0.35988628097062375,5
2025-07-03,MSFT,1,0.5039934332560008,0.4655555858461641,0.4522243527856695,0.6726149186628413,0.5235970726376689,5
2025-07-03,UNH,0,0.5446217899832744,0.4685128450926392,0.4689483225798569,0.11880389013894446,0.4002217119486788,5
2025-07-03,WMT,0,0.48540388448651045,0.4612595676563852,0.4577205383330922,0.6683570473133713,0.5181852594473397,5
2025-07-03,XOM,0,0.4992086870375831,0.5149660493408978,0.5144581649790957,0.5451226365753437,0.5184388844832301,5
2025-07-07,AAPL,0,0.5283874717157641,0.5127201059769575,0.45934016212058815,0.5863786888494783,0.521706607165697,5
2025-07-07,CAT,1,0.5000085483371352,0.5297048562054407,0.5406203572323333,0.43235570897226683,0.500672367686794,5
2025-07-07,DIS,1,0.5225724227296215,0.606987348025801,0.5768205503967554,0.6587503136187488,0.5912826586927317,5
2025-07-07,GE,1,0.4998332227963793,0.5499588976377938,0.5467412148725155,0.5993418016099593,0.548968784229162,5
2025-07-07,GS,0,0.5211004125602654,0.5386903099546823,0.5380160789128096,0.5423794207107108,0.535046555534617,5
2025-07-07,IBM,1,0.47694422658792984,0.4649106995657476,0.4888981386294745,0.5053259273491506,0.4840197480330756,5
2025-07-07,JPM,1,0.49542126192551506,0.5403172509011711,0.584642029617767,0.34465885357055154,0.4912598490037512,5
2025-07-07,KO,0,0.43445913322593477,0.3908086139525904,0.41367565651255694,0.3086951548225207,0.38690963962840075,5
2025-07-07,MSFT,1,0.5069226497297297,0.4442188358167791,0.4522243527856695,0.694913814449504,0.5245699131954206,5
2025-07-07,UNH,0,0.5534466879359504,0.4654044518174222,0.459671894801885,0.0804570095224134,0.3897450110194177,5
2025-07-07,WMT,0,0.4801699905381442,0.47004543654295655,0.46542184851301016,0.5639619731736637,0.4948998121919437,5
2025-07-07,XOM,0,0.48055562576481753,0.5015335180117944,0.4943028959175698,0.40814242102849113,0.47113361518066826,5
2025-07-08,AAPL,1,0.5418461096160475,0.5113757764809055,0.45934016212058815,0.6405345986183457,0.5382741617089717,5
2025-07-08,CAT,1,0.5156396767040196,0.5305380644493282,0.5551940373960995,0.3309879763547448,0.483089938726048,5
2025-07-08,DIS,1,0.5294580178864483,0.5931531312695343,0.5768205503967554,0.7279656081634438,0.6068493269290455,5
2025-07-08,GE,0,0.4841874183220149,0.5245026951429506,0.5254448952369583,0.5330377029217259,0.5167931779059124,5
2025-07-08,GS,0,0.5113406343243773,0.5356668193416307,0.5541607066882654,0.5889900633781233,0.5475395559330992,5
2025-07-08,IBM,0,0.47995782217220595,0.4861562769827553,0.5025874140071861,0.32655444463659034,0.4488139894496844,5
2025-07-08,JPM,1,0.46595593353001047,0.4529648517938745,0.493643277989593,0.22215165412514443,0.4086789293596556,5
2025-07-08,KO,1,0.42617985779257245,0.3934577536355703,0.40880796744626385,0.28842749547992047,0.37921826858858176,5
2025-07-08,MSFT,1,0.51702871498778,0.5047756089759057,0.5254448952369583,0.8067286169758233,0.5884944590441168,5
2025-07-08,UNH,0,0.5664774589223561,0.46766102479080124,0.459671894801885,0.11800333861810017,0.4029534292832856,5
2025-07-08,WMT,0,0.4752804050358305,0.45925930228561507,0.4571868735444129,0.5312586701312632,0.4807463127492804,5
2025-07-08,XOM,0,0.47112379132756377,0.5105777043578208,0.4888981386294745,0.6951076698883222,0.5414268260507953,5
2025-07-09,AAPL,1,0.5361586746964343,0.5177622034168212,0.45934016212058815,0.6734229767427878,0.5466710042441579,5
2025-07-09,CAT,1,0.5018098375261526,0.525115558974265,0.5471504246775359,0.45666275380691956,0.5076846437462184,5
2025-07-09,DIS,1,0.5260927491416079,0.588655958329374,0.5722857761541625,0.6566498503795303,0.5859210835011687,5
2025-07-09,GE,0,0.48639049624214414,0.5325473412538779,0.5254448952369583,0.6630133206355163,0.5518490133421241,5
2025-07-09,GS,0,0.526157815313983,0.5347452921807976,0.5551940373960995,0.26150785971671126,0.46940125115189785,5
2025-07-09,IBM,0,0.47834665041566726,0.47908068989010755,0.4979495261496452,0.379032304775528,0.458602292807737,5
2025-07-09,JPM,1,0.4786398003858002,0.43126995659386413,0.4479607072954861,0.17137692940574448,0.38231184842022375,5
2025-07-09,KO,1,0.3912286226543911,0.3826606762528802,0.39569083691238494,0.5711782200330848,0.43518958896318527,5
2025-07-09,MSFT,0,0.5079417569165257,0.5393018030293716,0.5254448952369583,0.6607268693251024,0.5583538311269894,5
2025-07-09,UNH,0,0.5583229716050673,0.4777996400676777,0.459671894801885,0.09519136313541673,0.3977464674025117,5
2025-07-09,WMT,1,0.4813140705988417,0.4696070229731835,0.46542184851301016,0.5687146272440142,0.4962643923322624,5
2025-07-09,XOM,0,0.4801119028140341,0.5166628981860275,0.5025874140071861,0.5409818403680846,0.510086013843833,5
2025-07-10,AAPL,1,0.5390430872948689,0.5068259704006296,0.45934016212058815,0.6798804942577756,0.5462724285184656,5
2025-07-10,CAT,1,0.49734488820645917,0.5320851447159629,0.5406203572323333,0.49418905980615524,0.5160598624902276,5
2025-07-10,DIS,1,0.5244003699967982,0.5878597498176215,0.5722857761541625,0.728154689954562,0.6031751464807861,5
2025-07-10,GE,0,0.4925635869449376,0.5380712971029599,0.5266425099335099,0.4858393011517436,0.5107791737832877,5
2025-07-10,GS,1,0.5297057180180923,0.5414465914648284,0.5551940373960995,0.2474682900788693,0.4684536592394724,5
2025-07-10,IBM,0,0.47052984360112937,0.4254733505278107,0.44402893091988543,0.3952689578125491,0.4338252707153437,5
2025-07-10,JPM,1,0.49145072944149476,0.46753211390111815,0.5029531048825184,0.21784404956281941,0.41994499944698765,5
2025-07-10,KO,0,0.42800165304009813,0.4022052087502909,0.412637481479186,0.26463988929008453,0.3768710581399149,5
2025-07-10,MSFT,0,0.5097120267034044,0.5344176554360764,0.5254448952369583,0.6811978497485724,0.5626931067812528,5
2025-07-10,UNH,0,0.5626591739381358,0.4779547295544083,0.459671894801885,0.05324947051360209,0.3883838172020078,5
2025-07-10,WMT,1,0.46902289420448917,0.4447509872111085,0.4571868735444129,0.43089272741730256,0.4504633705943283,5
2025-07-10,XOM,0,0.4703281883831047,0.49873034020495083,0.4943028959175698,0.5842832607364713,0.5119111713105241,5
2025-07-11,AAPL,1,0.5220650482847466,0.5348322860302309,0.5150134254381945,0.62095974947755,0.5482176273076805,5
2025-07-11,CAT,1,0.5161360711681087,0.5418768031428391,0.5551940373960995,0.28521581078849134,0.47460568062388464,5
2025-07-11,DIS,0,0.5095065400485611,0.5619318724636477,0.550175627102332,0.41680637329139186,0.5096051032264832,5
2025-07-11,GE,1,0.49182259232651016,0.517250707744898,0.5244016564843121,0.5422940058021939,0.5189422405894786,5
2025-07-11,GS,1,0.5289394703062492,0.5107524536196922,0.5493209345036854,0.24783769469959488,0.4592126382823054,5
2025-07-11,IBM,0,0.46683589283761956,0.4253402821421896,0.44402893091988543,0.3421156568381285,0.4195801906844558,5
2025-07-11,JPM,1,0.501750388805876,0.5003709886805123,0.5331653567923341,0.29579438121936885,0.4577702788745228,5
2025-07-11,KO,0,0.423931815109144,0.4034466613632056,0.412637481479186,0.21958683236281393,0.36490069757858734,5
2025-07-11,MSFT,0,0.5068565590971653,0.5020463118937791,0.5254448952369583,0.6369291266327641,0.5428192232151667,5
2025-07-11,UNH,0,0.5929942662423745,0.583135220844616,0.554170584923014,0.06258319518779881,0.4482208167994508,5
2025-07-11,WMT,1,0.4522399854635182,0.4687319985745863,0.47471236747943835,0.3296960688377061,0.4313451050888122,5
2025-07-11,XOM,0,0.4762735676998409,0.46986269712181217,0.4522243527856695,0.4675532708836497,0.46647847212274307,5
2025-07-14,AAPL,0,0.522744409587581,0.5184223869294605,0.5150134254381945,0.6614842656972744,0.5544161219131276,5
2025-07-14,CAT,1,0.5045925533031531,0.5438312295389156,0.5471504246775359,0.4108729005426372,0.5016117770155605,5
2025-07-14,DIS,0,0.49185312328566866,0.5604472438842815,0.5431543413997535,0.47036073807668405,0.5164538616615969,5
2025-07-14,GE,1,0.4926460017140218,0.5185488945491324,0.5244016564843121,0.4533650222552377,0.497240393750676,5
2025-07-14,GS,1,0.5163380140109727,0.5452433004597675,0.5493209345036854,0.2192194152215616,0.4575304160489968,5
2025-07-14,IBM,0,0.4679570744597283,0.4481879368388896,0.4522243527856695,0.41959916945244374,0.44699213338418275,5
2025-07-14,JPM,1,0.49492927676483267,0.5187111183282439,0.5321239775597804,0.2018509617782117,0.4369038336077672,5
2025-07-14,KO,0,0.4285517082769043,0.4209522052138496,0.4217358150746181,0.26783671995810765,0.38476911213086995,5
2025-07-14,MSFT,0,0.5150183605581107,0.5329056284923397,0.5254448952369583,0.7475727508983658,0.5802354087964436,5
2025-07-14,UNH,0,0.6205919435586476,0.5535829453719199,0.6221157575149542,0.04592849134545878,0.46055478444774506,5
2025-07-14,WMT,1,0.4696822210810702,0.4663133013091464,0.46542184851301016,0.32642507323115216,0.43196061103359473,5
2025-07-14,XOM,1,0.45010204710808355,0.44934916821393883,0.41702547266779905,0.46088505403747815,0.4443404355068249,5
2025-07-15,AAPL,0,0.5139230198447815,0.5123851679280975,0.5150134254381945,0.6451828784889385,0.546626122925003,5
2025-07-15,CAT,1,0.5122159829317656,0.5498199017949096,0.5551940373960995,0.35679478380933705,0.49350617648302797,5
2025-07-15,DIS,0,0.49924023022292596,0.565287457432005,0.5472818189608769,0.46337910174412,0.518797152089982,5
2025-07-15,GE,1,0.49759227585453897,0.5434086690422852,0.5446903656066444,0.4854003695871033,0.517772920022643,5
2025-07-15,GS,1,0.5181109390649478,0.5474273974011731,0.5493209345036854,0.23085421064468883,0.4614283704036238,5
2025-07-15,IBM,0,0.46535193600650027,0.45128960661803175,0.4522243527856695,0.44358436905707554,0.45311256611681927,5
2025-07-15,JPM,1,0.47371491555158246,0.424778251131284,0.4479607072954861,0.2880883289511373,0.40863555073237245,5
2025-07-15,KO,0,0.4291663092978054,0.39478451403625325,0.412637481479186,0.2380766021444371,0.36866622673942046,5
2025-07-15,MSFT,0,0.5085157842682416,0.5487172180456905,0.5254448952369583,0.6921142834519682,0.5686980452507147,5
2025-07-15,UNH,0,0.6105674119257353,0.5606798690607208,0.6458732659692958,0.09380390061226687,0.4777311118920047,5
2025-07-15,WMT,1,0.47368322098927845,0.46043954190019515,0.46542184851301016,0.40191009757068297,0.45036367724329174,5
2025-07-15,XOM,1,0.44730207022446355,0.44281222804092624,0.4217358150746181,0.4436286365969092,0.4388696874842293,5
2025-07-16,AAPL,0,0.512177168089872,0.5143363338222542,0.5054536295112498,0.5756943134960885,0.5269153612298662,5
2025-07-16,CAT,1,0.5008096853310989,0.5740630969576009,0.6241466661503655,0.46610098974338415,0.5412801095456123,5
2025-07-16,DIS,0,0.5068583423016085,0.5630347223695396,0.5408488047945657,0.6460832949495736,0.5642062911038218,5
2025-07-16,GE,1,0.4925122903833128,0.5449697211332047,0.5329151762441855,0.6100529793778996,0.5451125417846506,5
2025-07-16,GS,1,0.5009726761960921,0.556609787163432,0.5482850608085778,0.5599725431424296,0.5414600168276329,5
2025-07-16,IBM,0,0.4669290000284424,0.44346378202014736,0.4522243527856695,0.4373680410817221,0.4499962939789953,5
2025-07-16,JPM,1,0.48900945060499124,0.47555006746613593,0.4997023682976551,0.37774791202099345,0.4605024495974439,5
2025-07-16,KO,0,0.42788059366422687,0.38159851692577945,0.412637481479186,0.20128289544562913,0.35584987187870537,5
2025-07-16,MSFT,0,0.5100124539236753,0.5281757546862909,0.5254448952369583,0.6209738688829893,0.5461517431824784,5
2025-07-16,UNH,0,0.6192945514316287,0.5463480919155591,0.6458732659692958,0.066370193494671,0.46947152570278866,5
2025-07-16,WMT,1,0.4708798028073233,0.46744658894773305,0.46542184851301016,0.3820386766261464,0.4464467292235532,5
2025-07-16,XOM,1,0.44250081521874896,0.44031553960224973,0.4217358150746181,0.42986451113314383,0.43360417025719017,5
2025-07-17,AAPL,0,0.5104814968607344,0.5224820856590298,0.5054536295112498,0.5237997429274402,0.5155542387396136,5
2025-07-17,CAT,1,0.5096006864914417,0.5578802279600568,0.6241466661503655,0.3188949375574727,0.5026306295398342,5
2025-07-17,DIS,0,0.4998474381526002,0.5531061664521362,0.5398097714914037,0.501496307399002,0.5235649208737856,5
2025-07-17,GE,1,0.4762880273721807,0.5313712683377033,0.5329151762441855,0.5798174103689799,0.5300979705807624,5
2025-07-17,GS,1,0.51865441115527,0.5419414827072112,0.5482850608085778,0.23838519917349577,0.4618165384611386,5
2025-07-17,IBM,0,0.4619014367872817,0.4309286919997747,0.44402893091988543,0.5131193865144063,0.462494611555337,5
2025-07-17,JPM,0,0.4941291138537834,0.4546842330613129,0.44945794399822997,0.3024123054365753,0.4251708990874754,5
2025-07-17,KO,0,0.41901283420499247,0.3860354974944414,0.39569083691238494,0.38573867115866345,0.39661945994262054,5
2025-07-17,MSFT,1,0.4988895728045393,0.5534210413489195,0.5272490627252038,0.5209392060097249,0.5251247207220968,5
2025-07-17,UNH,0,0.6182312916839828,0.542239677191573,0.6458732659692958,0.08213830408824747,0.4721206347332748,5
2025-07-17,WMT,1,0.47095743607096874,0.466225232317664,0.46542184851301016,0.5410803467676384,0.48592121591732035,5
2025-07-17,XOM,1,0.4366961709491042,0.44007062262484825,0.4217358150746181,0.38786054612578424,0.42159078869358874,5
2025-07-18,AAPL,0,0.5065462508323904,0.5159963731867128,0.4936070933980028,0.5337457229033038,0.5124738600801024,5
2025-07-18,CAT,1,0.5122617788669739,0.5637142888781893,0.6241466661503655,0.32217529237025616,0.5055745065664462,5
2025-07-18,DIS,0,0.5005280884129799,0.5608965535548898,0.5408488047945657,0.5550753498584452,0.5393371991552202,5
2025-07-18,GE,1,0.5011245409525322,0.5318177435494585,0.5329151762441855,0.45259609016677677,0.5046133877282383,5
2025-07-18,GS,1,0.5225230756645648,0.5428271229038221,0.5493209345036854,0.21952123393865652,0.4585480917526822,5
2025-07-18,IBM,0,0.45495466186260464,0.4068964150071788,0.43485557491768995,0.38759940380199914,0.42107651389736817,5
2025-07-18,JPM,0,0.4787525770746007,0.46378824351388037,0.493643277989593,0.3284554318884897,0.44115988261664096,5
2025-07-18,KO,0,0.4320149056277811,0.39492035783129736,0.4046295354855474,0.22879120933254185,0.36508900206929196,5
2025-07-18,MSFT,1,0.4835584398587802,0.4427756894367124,0.573326736616979,0.4356920507778361,0.4838382291725769,5
2025-07-18,UNH,0,0.6009804015362548,0.5479135411172316,0.6458732659692958,0.5967133948245534,0.5978701508618339,5
2025-07-18,WMT,1,0.4585460652910646,0.46813423627195194,0.47471236747943835,0.4472870541585884,0.4621699308002608,5
2025-07-18,XOM,1,0.40050228414308403,0.41160888893029374,0.40002134928804006,0.36131227126841325,0.39336119840745776,5
2025-07-21,AAPL,0,0.5087787763766741,0.5386133360846923,0.4936070933980028,0.6362884555101601,0.5443219153423823,5
2025-07-21,CAT,1,0.5228310000118465,0.5512149507850876,0.6161540924292128,0.14916039815933163,0.4598401103463696,5
2025-07-21,DIS,0,0.5144899309392075,0.5578312935941008,0.5408488047945657,0.6543437780595832,0.5668784518468643,5
2025-07-21,GE,1,0.5119159355489705,0.5242772920258812,0.5339563367897471,0.3969380094549777,0.49177189345489414,5
2025-07-21,GS,0,0.5229838767734438,0.5345675160566923,0.4937144124255809,0.2688837798516368,0.4550373962768385,5
2025-07-21,IBM,0,0.4653271530610971,0.4503865251303303,0.4522243527856695,0.5555845442143214,0.48088064379785456,5
2025-07-21,JPM,0,0.49856792491016927,0.5255138086711006,0.5331653567923341,0.4144952014587806,0.49293557295809615,5
2025-07-21,KO,1,0.4308296780583058,0.3928588379560454,0.4046729495567905,0.2933257265095736,0.38042179802017884,5
2025-07-21,MSFT,1,0.49368039104083133,0.4535077225844768,0.5312819310502016,0.5856825803419365,0.5160381562543616,5
2025-07-21,UNH,0,0.5628087897290571,0.5318855483818482,0.49861628026718435,0.380179040514176,0.4933724147230664,5
2025-07-21,WMT,1,0.46438160280985663,0.4674778127002795,0.46542184851301016,0.4968602583633233,0.4735353805966174,5
2025-07-21,XOM,1,0.4378544149754878,0.4461276683139107,0.44331746343656125,0.2632141652770474,0.3976284280007518,5
2025-07-22,AAPL,0,0.5126429956419634,0.533604778093987,0.4936070933980028,0.6676207825390338,0.5518689124182468,5
2025-07-22,CAT,1,0.5156954468048552,0.5620272608534929,0.6251275175680243,0.26102364875481165,0.490968468495296,5
2025-07-22,DIS,0,0.5242123636641635,0.5387392126475766,0.4851766359552798,0.6500351301753914,0.5495408356106029,5
2025-07-22,GE,1,0.5087876693580752,0.5223902876877642,0.5254448952369583,0.3833547735046179,0.4849944064468539,5
2025-07-22,GS,1,0.5260189133836483,0.5072423664280242,0.48981162368369263,0.32234757981249285,0.4613551208269645,5
2025-07-22,IBM,0,0.455040671798278,0.4072147248008271,0.43485557491768995,0.3822107370658628,0.41983042714566443,5
2025-07-22,JPM,0,0.5071801359952454,0.5115165488415001,0.5331653567923341,0.5103609114221173,0.5155557382627992,5
2025-07-22,KO,1,0.4235919657256225,0.38902356473728217,0.4046729495567905,0.42395608464117207,0.41031114116521683,5
2025-07-22,MSFT,1,0.490831374890324,0.4571957698410506,0.5312819310502016,0.5366781548388133,0.5039968076550974,5
2025-07-22,UNH,0,0.554720711015136,0.513556572697191,0.49861628026718435,0.20323455986658537,0.4425320309615242,5
2025-07-22,WMT,1,0.47256977407172907,0.45916274654513495,0.46542184851301016,0.5132370177414294,0.4775978467178259,5
2025-07-22,XOM,0,0.4406381976376009,0.4576444044922449,0.45151041803825553,0.3195041108688143,0.41732428275922895,5
2025-07-23,AAPL,0,0.5062502594923994,0.5016201424386068,0.4936070933980028,0.6661074638235749,0.5418962397881459,5
2025-07-23,CAT,1,0.5122970225382403,0.5786787540321188,0.6241466661503655,0.47319677660028997,0.5470798048302536,5
2025-07-23,DIS,1,0.5287781728872517,0.5372989499658406,0.4851766359552798,0.5301020364217929,0.5203389488075413,5
2025-07-23,GE,1,0.4900932761232732,0.4613494594381337,0.4522243527856695,0.4002218897214928,0.4509722445171423,5
2025-07-23,GS,0,0.5250322165992055,0.5201498662432975,0.49266876901736784,0.30799072702802005,0.46146039472197276,5
2025-07-23,IBM,0,0.42932409253292275,0.40781438929443414,0.43485557491768995,0.3942717877201312,0.4165664611162945,5
2025-07-23,JPM,0,0.5090253294211058,0.5184383075143755,0.5343607538605444,0.506894792556199,0.5171797958380562,5
2025-07-23,KO,1,0.41345051671081245,0.41037633884405994,0.4084687539077624,0.3547775866307706,0.3967682990233513,5
2025-07-23,MSFT,1,0.4861641748134716,0.46166263515245876,0.5717748986575367,0.5323551443142084,0.5129892132344189,5
2025-07-23,UNH,0,0.579569068626911,0.520905379262289,0.4772803620823451,0.19588339794620344,0.44340955197943716,5
2025-07-23,WMT,1,0.46029861799024907,0.4652549661613805,0.47471236747943835,0.45379900845741766,0.4635162400221214,5
2025-07-23,XOM,0,0.44252791781234196,0.43812666197948874,0.4217358150746181,0.4126616184897956,0.4287630033390611,5
2025-07-24,AAPL,1,0.503388901807742,0.43985583838893333,0.4128327540814197,0.6566364120906752,0.5031784765921925,5
2025-07-24,CAT,0,0.5184513822562365,0.5665913302234886,0.6241466661503655,0.325840485469762,0.5087574660249632,5
2025-07-24,DIS,0,0.5317175755592317,0.5264103316438213,0.4851766359552798,0.6387279363194502,0.5455081198694458,5
2025-07-24,GE,1,0.4841974729609157,0.453838685665631,0.44402893091988543,0.5017446670951485,0.4709524391603952,5
2025-07-24,GS,1,0.5270377373257861,0.5145415026044364,0.48981162368369263,0.3495550752017798,0.4702364847039237,5
2025-07-24,IBM,0,0.40005941541102474,0.4384029750859068,0.442625143666103,0.6027050761657644,0.47094815258219974,5
2025-07-24,JPM,0,0.5039930229881294,0.5132071215251389,0.5331653567923341,0.5315613726862128,0.5204817184979539,5
2025-07-24,KO,1,0.4282233298870952,0.421333229032374,0.4255772551821721,0.3126440309984105,0.3969444612750129,5
2025-07-24,MSFT,1,0.48229656585645847,0.46224486771837503,0.5717748986575367,0.4904834162762438,0.5016999371271536,5
2025-07-24,UNH,0,0.5697262666584303,0.5593359456356559,0.6449158629772317,0.6295509615706096,0.6008822592104819,5
2025-07-24,WMT,1,0.4502173912404377,0.44505825617063266,0.4564716329446885,0.3225970424751674,0.41858608070773157,5
2025-07-24,XOM,0,0.4415452757258159,0.41897703645202294,0.4089916662367511,0.3530609470965109,0.40564373137777526,5
2025-07-25,AAPL,1,0.5050520508817389,0.43836462283108635,0.42088827867375417,0.705295437156036,0.5174000973856538,5
2025-07-25,CAT,0,0.5211531500096788,0.5693114066914611,0.6241466661503655,0.42699949143004484,0.5354026785703876,5
2025-07-25,DIS,0,0.5295364820279499,0.533239395318416,0.4851766359552798,0.6303541668640092,0.5445766700414137,5
2025-07-25,GE,1,0.48664341207396206,0.511527736372632,0.5025874140071861,0.49353424182981653,0.4985732010708992,5
2025-07-25,GS,1,0.527118092839458,0.5142103104161901,0.48981162368369263,0.36344834101514356,0.4736470919886211,5
2025-07-25,IBM,1,0.47046250028806597,0.5354896106122413,0.5408425339622467,0.4196634853129668,0.4916145325438802,5
2025-07-25,JPM,0,0.5079688886133381,0.5206482903755159,0.5331653567923341,0.5790300439459978,0.5352031449317965,5
2025-07-25,KO,1,0.43153665645635325,0.4205190253526655,0.4255772551821721,0.2987237738844275,0.3940891777189046,5
2025-07-25,MSFT,0,0.4727963418615678,0.44911522224124295,0.5626331671072059,0.4500912285470362,0.4836589899392632,5
2025-07-25,UNH,0,0.5798468421337136,0.5428996714944778,0.6458732659692958,0.4780997952981613,0.5616798937239121,5
2025-07-25,WMT,1,0.4563479413160081,0.47188229413888616,0.4647047540916947,0.2730432871587793,0.4164945691763421,5
2025-07-25,XOM,0,0.4504741636351163,0.43179962589950305,0.4217358150746181,0.3085989784932879,0.40315214577563135,5
2025-07-28,AAPL,1,0.5078564133879767,0.4374496062258051,0.42088827867375417,0.7403158387487073,0.5266275342590608,5
2025-07-28,CAT,0,0.5120325731617277,0.5803445169987482,0.6241466661503655,0.40178613743585434,0.5295774734366739,5
2025-07-28,DIS,0,0.5257953697558219,0.5196951019779529,0.4851766359552798,0.6641191361785203,0.5486965609668937,5
2025-07-28,GE,1,0.4848985737128645,0.4576813608978772,0.48966619863932265,0.486806669277875,0.47976320063198485,5
2025-07-28,GS,1,0.5294407988323937,0.5051165384709093,0.4851766359552798,0.5521692084197901,0.5179757954195933,5
2025-07-28,IBM,0,0.4824622638548686,0.533971467755101,0.5408425339622467,0.5945451297549533,0.5379553488317924,5
2025-07-28,JPM,0,0.5055073255857433,0.5266555575081854,0.5331653567923341,0.6423265085875235,0.5519136871184466,5
2025-07-28,KO,1,0.43253261352728994,0.43577049348568586,0.4255772551821721,0.33759581662500265,0.40786904470503765,5
2025-07-28,MSFT,0,0.48035094435237474,0.4638868048911789,0.5798689725991912,0.5742030451222577,0.5245774417412506,5
2025-07-28,UNH,1,0.5795512993167411,0.5432490108323048,0.6458732659692958,0.4308968782190552,0.5498926135843492,5
2025-07-28,WMT,1,0.45909792173629316,0.45721519584232206,0.4647047540916947,0.29841287053675114,0.4198576855517653,5
2025-07-28,XOM,0,0.4452142756262676,0.4403778067390025,0.4217358150746181,0.20517209158265334,0.37812499725563536,5
2025-07-29,AAPL,1,0.4953508311080256,0.4187795104067444,0.4128327540814197,0.3481554264954056,0.4187796305228988,5
2025-07-29,CAT,0,0.5126644631709589,0.5668314590538922,0.6241466661503655,0.3207523808608601,0.5060987423090193,5
2025-07-29,DIS,0,0.5236256775992746,0.5164572124998761,0.4851766359552798,0.5977729501501347,0.5307581190511413,5
2025-07-29,GE,1,0.4859904427955715,0.4444400601590644,0.4522243527856695,0.480107171302618,0.4656905067607308,5
2025-07-29,GS,1,0.5165501663246503,0.48783650858029803,0.4841317837817563,0.3622501172895294,0.4626921439940585,5
2025-07-29,IBM,0,0.48557915433418347,0.5351274571879913,0.5408425339622467,0.610473136120799,0.5430055704013051,5
2025-07-29,JPM,0,0.4981063311589229,0.5204867263993702,0.5331653567923341,0.558116993107586,0.5274688518645533,5
2025-07-29,KO,1,0.4273759906324807,0.4195869191997306,0.4174966853922999,0.2818680026245227,0.3865818994622585,5
2025-07-29,MSFT,0,0.47763667341229943,0.4605620153154599,0.5717748986575367,0.5396908612118217,0.5124161121492794,5
2025-07-29,UNH,1,0.5602945132258588,0.5627049999842002,0.5596150552211059,0.8249988521772162,0.6269033551520953,5
2025-07-29,WMT,1,0.4535738048035268,0.4549370925407238,0.4218992331025765,0.2667382577129908,0.3992870970399545,5
2025-07-29,XOM,0,0.43863206403585603,0.42654591163208677,0.41367565651255694,0.3576746665047425,0.4091320746713106,5
2025-07-30,AAPL,1,0.49631025497114145,0.44783413658486093,0.42088827867375417,0.5989135287002756,0.49098654973250805,5
2025-07-30,CAT,0,0.5016057060556223,0.5668946749230421,0.6151642159926547,0.40706447026182957,0.5226822668082871,5
2025-07-30,DIS,0,0.5241526872397588,0.5096999066016729,0.4851766359552798,0.46309023596584376,0.4955298664406388,5
2025-07-30,GE,1,0.4842319813755274,0.45108642754603895,0.4522243527856695,0.48243291875048244,0.4674939201144296,5
2025-07-30,GS,1,0.5182263226107945,0.5074286902819404,0.4851766359552798,0.550020835489949,0.5152131210844909,5
2025-07-30,IBM,0,0.4860458455357248,0.5425906355046034,0.5418812143863238,0.6979419691617751,0.5671149161471067,5
2025-07-30,JPM,0,0.4956147316491245,0.5127529387941134,0.5321239775597804,0.4370044845708061,0.4943740331434561,5
2025-07-30,KO,1,0.43714206823306734,0.4259777141586831,0.4255772551821721,0.2883845463969151,0.3942703959927094,5
2025-07-30,MSFT,0,0.46057247611032276,0.4447430349002081,0.5626331671072059,0.2893557242064376,0.4393261005810436,5
2025-07-30,UNH,1,0.5709557212860092,0.5562530982505606,0.5606457669347866,0.7850303993693567,0.6182212464601783,5
2025-07-30,WMT,1,0.4523851776187098,0.450482486636082,0.43000211126529514,0.2693837667375547,0.4005633855644104,5
2025-07-30,XOM,0,0.4464100491734346,0.4302266667548599,0.4217358150746181,0.3643399218403635,0.415678113210819,5
2025-07-31,AAPL,1,0.4650810933337597,0.3857283349153916,0.40383575649630066,0.3382342620248923,0.39821986169258605,5
2025-07-31,CAT,0,0.48571938299945966,0.5730812761612597,0.6241466661503655,0.4098741906196257,0.5232053789826776,5
2025-07-31,DIS,1,0.5178979203603551,0.5121159098115158,0.4851766359552798,0.44523482640161455,0.4901063231321913,5
2025-07-31,GE,0,0.4902476419905896,0.4971110240727854,0.5025874140071861,0.4415872082376121,0.4828833220770433,5
2025-07-31,GS,1,0.5077323392609159,0.4987308017749469,0.4841317837817563,0.41276532311097214,0.4758400619821478,5
2025-07-31,IBM,0,0.4834115211561086,0.5540538572104798,0.5408425339622467,0.5771861613677001,0.5388735184241338,5
2025-07-31,JPM,0,0.46594489435777764,0.5114225267592543,0.5321239775597804,0.26561626398941846,0.44377691566655764,5
2025-07-31,KO,1,0.4216376492516251,0.40737679079946165,0.4084687539077624,0.3109816443157392,0.38711620956864706,5
2025-07-31,MSFT,0,0.4224385866520045,0.522363762660896,0.5732350336485071,0.4674687364240703,0.4963765298463695,5
2025-07-31,UNH,1,0.5665713392182419,0.556346612451442,0.5596150552211059,0.7843080320460784,0.616710259734217,5
2025-07-31,WMT,0,0.4471185704610058,0.4368974599921259,0.4218992331025765,0.2877690682161529,0.39842108294296524,5
2025-07-31,XOM,1,0.4347872032219252,0.3931974054539125,0.4046729495567905,0.39276904766712334,0.4063566514749379,5
2025-08-01,AAPL,1,0.44668761060501483,0.41060756011029387,0.43485557491768995,0.40714801184216604,0.42482468936879114,5
2025-08-01,CAT,0,0.48366958610284766,0.5459926703505198,0.6070444174443418,0.2234795027604821,0.4650465441645479,5
2025-08-01,DIS,1,0.5164823911534581,0.4906882832826467,0.49111126496391033,0.3155680743387481,0.4534625034346908,5
2025-08-01,GE,0,0.49053890583150483,0.503162265906129,0.5064909404898994,0.28413139206151106,0.4460808760722611,5
2025-08-01,GS,1,0.4914263957875759,0.4903849480966656,0.4841317837817563,0.2198716665139405,0.42145369854498455,5
2025-08-01,IBM,0,0.4748617048719995,0.5491644333467268,0.5408425339622467,0.4901124216475736,0.5137452734571366,5
2025-08-01,JPM,1,0.4785172389860123,0.5036141569518569,0.5321239775597804,0.21187442698219944,0.4315324501199623,5
2025-08-01,KO,0,0.4248162083581689,0.41818144014018765,0.4174966853922999,0.28884106682578925,0.3873338501791114,5
2025-08-01,MSFT,0,0.4482357658001816,0.4205463720299337,0.5232395548307766,0.348551905297936,0.435143399489707,5
2025-08-01,UNH,1,0.573553778288025,0.5651477296417273,0.5596150552211059,0.9067756707976173,0.6512730584871189,5
2025-08-01,WMT,0,0.4423640900921962,0.42369516099491705,0.41284357354479584,0.2694235287047028,0.38708158833415296,5
2025-08-01,XOM,1,0.4305457614425354,0.3973932051144426,0.40002134928804006,0.3540234471272117,0.39549594074305744,5
2025-08-04,AAPL,1,0.4758766815898836,0.505423389344476,0.5255995269424363,0.328234681501354,0.45878356984453744,5
2025-08-04,CAT,0,0.4818914800122504,0.5540728972110455,0.6047088823261902,0.2572358234571422,0.474477270751657,5
2025-08-04,DIS,1,0.5194004855030642,0.5037115484569274,0.49111126496391033,0.5112230583977324,0.5063615893304085,5
2025-08-04,GE,0,0.49719743974946073,0.5303990362458868,0.5064909404898994,0.4088961937174714,0.48574590255067956,5
2025-08-04,GS,1,0.5150032519163668,0.5015613192687143,0.4851766359552798,0.6060284281279643,0.5269424088170813,5
2025-08-04,IBM,0,0.48731818321945786,0.5645199299211556,0.5408425339622467,0.6339028811357142,0.5566458820596436,5
2025-08-04,JPM,1,0.5019427059529985,0.5180907241993535,0.5331653567923341,0.44361895210263125,0.4992044347618294,5
2025-08-04,KO,0,0.4339955512240526,0.41652913807543557,0.4255772551821721,0.1962398691912112,0.3680854534182179,5
2025-08-04,MSFT,0,0.454977399679685,0.4520977498940839,0.5232395548307766,0.5871636641782747,0.504369592145705,5
2025-08-04,UNH,1,0.5895560699690247,0.5382746332809462,0.5606457669347866,0.8440632886482349,0.6331349397082481,5
2025-08-04,WMT,0,0.4383546783477644,0.429863583020966,0.417540511820116,0.3538135344239585,0.4098930769032012,5
2025-08-04,XOM,1,0.4229155952137251,0.4048828023912804,0.4046729495567905,0.4257794949240896,0.4145627105214714,5
2025-08-05,AAPL,1,0.49895663082483926,0.5017907997991655,0.5254448952369583,0.48106604472571685,0.5018145926466699,5
2025-08-05,CAT,1,0.4821878463727994,0.5601623253423382,0.6084353742992815,0.326452801420111,0.49430958685863247,5
2025-08-05,DIS,1,0.5030671277346317,0.5008031348920875,0.4900657981823407,0.42592426977938175,0.47996508264711035,5
2025-08-05,GE,0,0.4943569341820846,0.49733075244197417,0.5025874140071861,0.32208805090523296,0.4540907878841194,5
2025-08-05,GS,1,0.5119629172250844,0.5038320981605897,0.4851766359552798,0.4019476704989075,0.47572983045996536,5
2025-08-05,IBM,1,0.48753435650489874,0.5540807264613331,0.5408425339622467,0.613118626264006,0.5488940607981212,5
2025-08-05,JPM,0,0.5029231302476512,0.5251352014427908,0.5331653567923341,0.38789498390906024,0.4872796680979591,5
2025-08-05,KO,0,0.432509461517538,0.4224642342838688,0.4255772551821721,0.26632342052777136,0.38671859287783755,5
2025-08-05,MSFT,0,0.46556663672987203,0.4647509041180816,0.5232395548307766,0.43923010602845686,0.4731968004267968,5
2025-08-05,UNH,1,0.5885322544248273,0.5470262405902725,0.5606457669347866,0.5563435914204666,0.5631369633425882,5
2025-08-05,WMT,0,0.4388942865691654,0.42359815233010983,0.41284357354479584,0.2773049645228065,0.38816024424171935,5
2025-08-05,XOM,0,0.4177075670388088,0.40816532543716866,0.4046729495567905,0.37370002029350025,0.4010614655815671,5
2025-08-06,AAPL,1,0.46251142444304005,0.512519013925383,0.5244016564843121,0.3406008237600661,0.4600082296532003,5
2025-08-06,CAT,1,0.49925354502930813,0.542954169730085,0.6047088823261902,0.20948918628571442,0.4641014458428244,5
2025-08-06,DIS,1,0.4887291521593299,0.497952939557638,0.4900657981823407,0.4467922666176183,0.4808850391292317,5
2025-08-06,GE,0,0.49648949504596157,0.5110098197411854,0.5064909404898994,0.2883872805170373,0.4505943839485209,5
2025-08-06,GS,0,0.5211971983203657,0.5445447807274548,0.4851766359552798,0.4399139664337579,0.4977081453592146,5
2025-08-06,IBM,1,0.5001304915887207,0.5450701851406704,0.5418812143863238,0.5921344785181737,0.5448040924084722,5
2025-08-06,JPM,0,0.5054571627847891,0.5197498654903984,0.5331653567923341,0.2998786793794066,0.4645627661117321,5
2025-08-06,KO,0,0.4375846754988944,0.4183734974453707,0.4255772551821721,0.19985540954351344,0.3703477094174877,5
2025-08-06,MSFT,0,0.46137383730958687,0.4570353979191462,0.5232395548307766,0.40734704318985027,0.46224895831234,5
2025-08-06,UNH,1,0.5877246198821418,0.5474292392692133,0.5606457669347866,0.6220855490768478,0.5794712937907474,5
2025-08-06,WMT,0,0.44459953206951375,0.4333382114132752,0.41284357354479584,0.6496838486815935,0.48511629142729457,5
2025-08-06,XOM,1,0.4231615419274174,0.4149553276823834,0.41367565651255694,0.3245334266186977,0.39408148818526384,5
2025-08-07,AAPL,0,0.4813028990801133,0.5143471307629411,0.5255995269424363,0.2901721798675288,0.45285543416325486,5
2025-08-07,CAT,1,0.48536988997924124,0.5198931927456466,0.5457043154669139,0.15839662260361345,0.4273410051988538,5
2025-08-07,DIS,0,0.4870887076118487,0.5504453173689535,0.5139684665650566,0.4455445563095052,0.499261761963841,5
2025-08-07,GE,0,0.4968430408245502,0.5003670500552124,0.5025874140071861,0.3471553452169248,0.46173821252596836,5
2025-08-07,GS,0,0.5242561465249705,0.5255536610727767,0.4851766359552798,0.4384391955272843,0.4933564097700778,5
2025-08-07,IBM,1,0.4896650192898219,0.5537965251156979,0.5408425339622467,0.5207988575964411,0.5262757339910519,5
2025-08-07,JPM,1,0.5019960986978663,0.5154020964639926,0.5397111708532067,0.24627959888222797,0.4508472412243234,5
2025-08-07,KO,0,0.4287938361944111,0.4356760202159197,0.4174966853922999,0.23828027434189514,0.3800617040361315,5
2025-08-07,MSFT,0,0.4711145432081155,0.46936135674829044,0.582410847299334,0.2756142308677731,0.4496252445308783,5
2025-08-07,UNH,1,0.5919591994033738,0.5411268748160232,0.5784859057391285,0.39733333557891776,0.5272263288843608,5
2025-08-07,WMT,1,0.4689639047299182,0.467051904278413,0.43000211126529514,0.5212535508564075,0.47181786778250845,5
2025-08-07,XOM,1,0.42868033336925165,0.42850985288355964,0.4217358150746181,0.31574844446344646,0.398668611447719,5
2025-08-08,AAPL,0,0.4817503387810047,0.5108401760907225,0.5457043154669139,0.7090234130343039,0.5618295608432362,5
2025-08-08,CAT,1,0.49750870815765713,0.5207262258372536,0.5457043154669139,0.24416121134799199,0.4520251152024542,5
2025-08-08,DIS,1,0.49997102966397466,0.5518427674358702,0.5908502297636078,0.41559005545739136,0.514563520580211,5
2025-08-08,GE,0,0.4904624318268158,0.5039293319220544,0.5025874140071861,0.5022342868037727,0.49980336613995724,5
2025-08-08,GS,0,0.5163820933432225,0.538774610529267,0.4945775323832059,0.5478714900253143,0.5244014315702524,5
2025-08-08,IBM,1,0.4899937953335357,0.5902776651554805,0.5496873329817594,0.5819146240359452,0.5529683543766801,5
2025-08-08,JPM,0,0.5027126429033703,0.5358486282402409,0.5343607538605444,0.579895510883832,0.5382043839719969,5
2025-08-08,KO,1,0.44307599621238763,0.43163999065483216,0.4255772551821721,0.1797834292267574,0.3700191678190374,5
2025-08-08,MSFT,0,0.47322982997861257,0.47084630258922155,0.5904478840617385,0.3139584069199638,0.46212060588738413,5
2025-08-08,UNH,1,0.6013882460770609,0.5377317132811502,0.3424079145886077,0.21607736579034595,0.42440130993429115,5
2025-08-08,WMT,0,0.47305850332196564,0.5149178960671239,0.4800592317716441,0.6227325278300391,0.5226920397476932,5
2025-08-08,XOM,1,0.424230985988552,0.42703497727076367,0.4217358150746181,0.3098424530216996,0.39571105783890836,5
2025-08-11,AAPL,0,0.5167845463896086,0.503368764694958,0.5457043154669139,0.3780428308982765,0.48597511436243923,5
2025-08-11,CAT,1,0.49886236924448596,0.5266314831861523,0.5457043154669139,0.3042588509037563,0.4688642547003271,5
2025-08-11,DIS,1,0.504745873860261,0.5519796271331224,0.5908502297636078,0.4664326792274485,0.52850210249611,5
2025-08-11,GE,0,0.4919548801744921,0.46520990513858484,0.4522243527856695,0.3916822777984831,0.45026785397430735,5
2025-08-11,GS,1,0.516051300382393,0.5373742391415256,0.4945775323832059,0.49998782849307494,0.5119977251000499,5
2025-08-11,IBM,0,0.48633859203617086,0.5843255302045327,0.5496873329817594,0.6492185650683,0.5673925050726908,5
2025-08-11,JPM,1,0.5077074866448158,0.5207537127378364,0.5331653567923341,0.4914440219243803,0.5132676445248416,5
2025-08-11,KO,0,0.43973448656788855,0.44935649927585003,0.4255772551821721,0.16629599107559348,0.37024105802537605,5
2025-08-11,MSFT,0,0.46501709377926204,0.4558480404054019,0.573326736616979,0.25088664614767925,0.43626962923733054,5
2025-08-11,UNH,1,0.5962281841898723,0.5397492002986373,0.3424079145886077,0.24389189957761628,0.43056929966368335,5
2025-08-11,WMT,0,0.4713183294019299,0.5182303024022406,0.4950284131943186,0.6061777337819972,0.5226886946951216,5
2025-08-11,XOM,1,0.4255751440770737,0.41315220877057357,0.3910043727884628,0.31826224564013755,0.3869984928190619,5
2025-08-12,AAPL,0,0.5047137974333633,0.5036539985512565,0.4888981386294745,0.7191527549671997,0.5541046723953235,5
2025-08-12,CAT,1,0.49493477491258586,0.5229571789019172,0.5244016564843121,0.23272980245821354,0.4437558531892572,5
2025-08-12,DIS,1,0.5013265340890856,0.5391148739855018,0.5711733522870072,0.523487379608368,0.5337755349924906,5
2025-08-12,GE,0,0.4902439847551337,0.4521316036909968,0.4522243527856695,0.5766559335175716,0.4928139686873429,5
2025-08-12,GS,1,0.5085349891287234,0.503778776850536,0.4841317837817563,0.3935184752090139,0.4724910062425074,5
2025-08-12,IBM,1,0.4880897759049255,0.5883299499544465,0.5854541521427067,0.6740116415657751,0.5839713798919635,5
2025-08-12,JPM,1,0.4964840091657219,0.5208809958900619,0.5321239775597804,0.4525592221540027,0.5005120511923917,5
2025-08-12,KO,0,0.4483721463428218,0.4443823928693842,0.4255772551821721,0.21016576191107172,0.3821243890763625,5
2025-08-12,MSFT,0,0.46868899877196757,0.4563651600132517,0.5775133211124732,0.25788137752739826,0.4401122143562727,5
2025-08-12,UNH,0,0.6143404845398296,0.5560384481627775,0.34904606016072054,0.13753907019590914,0.4142410157648092,5
2025-08-12,WMT,0,0.4612399771393996,0.47329856271038706,0.4929227953745683,0.6650087140895198,0.5231175123284687,5
2025-08-12,XOM,1,0.4203449097667114,0.3936498873662439,0.3910043727884628,0.253045892306315,0.3645112655569333,5
2025-08-13,AAPL,0,0.5007199937679971,0.4998397785876362,0.4888981386294745,0.5419797939120518,0.5078594262242898,5
2025-08-13,CAT,1,0.48505861934363187,0.5261651094201001,0.5362046830787781,0.2146453206980152,0.44051843313513134,5
2025-08-13,DIS,1,0.5057013140794995,0.561506787317557,0.5908502297636078,0.509648323923332,0.5419266637709991,5
2025-08-13,GE,1,0.48167498230185857,0.4350876874566792,0.43485557491768995,0.36763992952422425,0.429814543550113,5
2025-08-13,GS,1,0.5243552132396131,0.49622320559041844,0.4851766359552798,0.4165776468772229,0.48058317541563356,5
2025-08-13,IBM,0,0.5114311961383946,0.5894705382976178,0.5969066827291795,0.6201816355163713,0.5794975131703908,5
2025-08-13,JPM,1,0.5012774736841116,0.5377419074225375,0.5467412148725155,0.4503857696895125,0.5090365914171693,5
2025-08-13,KO,0,0.4479409176811495,0.43554259624858255,0.4255772551821721,0.2483609454593098,0.38935542864280354,5
2025-08-13,MSFT,0,0.4648065771216373,0.45683968866740426,0.573326736616979,0.33042674966025776,0.4563499380165696,5
2025-08-13,UNH,0,0.5899682697930199,0.545887582306656,0.34904606016072054,0.11485872268665946,0.39994015873676403,5
2025-08-13,WMT,0,0.4738474690823814,0.4624999718982263,0.49235870664436693,0.3496810570498657,0.44459680116871003,5
2025-08-13,XOM,1,0.420578726291268,0.38589733585811664,0.37437988845812614,0.20503955978876137,0.34647387759906806,5
2025-08-14,AAPL,1,0.5108112378011068,0.49327351955902526,0.49820652510329944,0.42007683542710456,0.480592029472634,5
2025-08-14,CAT,1,0.4912760949163559,0.5215236354191606,0.5362046830787781,0.2423582225214988,0.44784065898394837,5
2025-08-14,DIS,0,0.5115055219399516,0.5536503474651168,0.5908502297636078,0.6440512103628977,0.5750143273828934,5
2025-08-14,GE,1,0.49176383096660936,0.47371617665168203,0.4522243527856695,0.42215083878319243,0.45996379979678836,5
2025-08-14,GS,1,0.5315541078646039,0.5067308840476872,0.4851766359552798,0.5064558156762704,0.5074793608859602,5
2025-08-14,IBM,0,0.5146607536352764,0.5811983140043033,0.5979128256325825,0.6344099330016022,0.5820454565684411,5
2025-08-14,JPM,1,0.5147336848452385,0.5329912126708694,0.5397111708532067,0.6827437648789901,0.5675449583120762,5
2025-08-14,KO,0,0.4486232786883078,0.4538731179541452,0.4255772551821721,0.4709307995133534,0.44975111283449465,5
2025-08-14,MSFT,0,0.4650407274174461,0.4583540263861102,0.573326736616979,0.3157910649162507,0.4531281388341965,5
2025-08-14,UNH,0,0.5867747029848784,0.5436931630952804,0.348096150101283,0.16851663372655223,0.4117701624769985,5
2025-08-14,WMT,0,0.491234536958974,0.5063313260016709,0.5099517887136321,0.46574869314216,0.49331658620410923,5
2025-08-14,XOM,1,0.43048463739470405,0.4136393355946293,0.3910043727884628,0.1706481592370978,0.3514441262537235,5
2025-08-15,AAPL,1,0.506552324965405,0.48405509140674924,0.4888981386294745,0.548140091235221,0.5069114115592124,5
2025-08-15,CAT,1,0.4945616056633446,0.5359376962657558,0.5362046830787781,0.4377295566043463,0.5011083854030562,5
2025-08-15,DIS,0,0.5068174532461296,0.5559180342481371,0.5908502297636078,0.582036633627354,0.5589055877213072,5
2025-08-15,GE,1,0.48950366991431027,0.4523303321157764,0.44402893091988543,0.2884539691874148,0.41857922553434673,5
2025-08-15,GS,1,0.5287450569735371,0.48963213885546253,0.4851766359552798,0.5329483825748081,0.509125553589772,5
2025-08-15,IBM,0,0.5207774163006912,0.5948157147267692,0.6070747230091375,0.5185415060562543,0.560302340023213,5
2025-08-15,JPM,1,0.5056529063201477,0.5337159119567081,0.5397111708532067,0.5845148841915495,0.540898718330403,5
2025-08-15,KO,0,0.4391307975120242,0.4451096303124684,0.4347497205850176,0.3012032623261415,0.4050483526839129,5
2025-08-15,MSFT,0,0.4547654921046723,0.46437810624918596,0.573326736616979,0.23603711572399255,0.4321268626737075,5
2025-08-15,UNH,0,0.5616165170733487,0.5727210272141329,0.4529101413274477,0.9612959270802941,0.6371359031738059,5
2025-08-15,WMT,0,0.48840329423498025,0.5152112172175027,0.5366986118919516,0.4818239677517214,0.505534272774039,5
2025-08-15,XOM,1,0.41908172902719826,0.38727300069040316,0.37437988845812614,0.2759062823096502,0.3641602251213445,5
2025-08-18,AAPL,1,0.5180312856048414,0.5128650307472522,0.5115035359488929,0.4536570703103225,0.49901423065282724,5
2025-08-18,CAT,0,0.49940181143912654,0.5401742316707642,0.5362046830787781,0.35545973419268284,0.4828101150953379,5
2025-08-18,DIS,0,0.5131267220499749,0.5646587515854764,0.5908502297636078,0.6750556172157883,0.5859228301537118,5
2025-08-18,GE,1,0.4957876920112995,0.4535865118890796,0.4522243527856695,0.2759861370351321,0.4193961734302952,5
2025-08-18,GS,0,0.5387931924012873,0.4564103995785628,0.4851766359552798,0.44135522391296794,0.48043386296202445,5
2025-08-18,IBM,1,0.5235383967513583,0.5975892235851656,0.6070747230091375,0.4528413668455679,0.5452609275478073,5
2025-08-18,JPM,1,0.5167549054026102,0.5320124409983491,0.5467412148725155,0.6900213113738936,0.571382468161842,5
2025-08-18,KO,0,0.43477591491955037,0.42841327112315764,0.4174966853922999,0.389262480419043,0.4174870879635127,5
2025-08-18,MSFT,0,0.4600744063254576,0.4364230943478094,0.4420945192495875,0.280039152014277,0.40465779298428284,5
2025-08-18,UNH,1,0.5792839383579752,0.5878235320649404,0.6650245877918408,0.905090348411807,0.6843056016566409,5
2025-08-18,WMT,0,0.4899054081868724,0.5109080579055518,0.533785955270766,0.49404777207750866,0.5071617983601747,5
2025-08-18,XOM,1,0.42602750254191163,0.4387841267703161,0.39999829126823366,0.3460500645255255,0.4027149962764967,5
2025-08-19,AAPL,1,0.5154112841992601,0.5327123097147208,0.5281399082284132,0.40130366793904626,0.49439179252036014,5
2025-08-19,CAT,0,0.49889159598439886,0.5357983781796454,0.5362046830787781,0.2178648672303337,0.447189881118289,5
2025-08-19,DIS,0,0.5142781594565526,0.5704693523469874,0.5908502297636078,0.6193593932376531,0.5737392837012003,5
2025-08-19,GE,1,0.49214580685194603,0.46938366400275006,0.4522243527856695,0.20081649103535276,0.40364257866892955,5
2025-08-19,GS,0,0.5295045370186455,0.4707545718647877,0.4851766359552798,0.3536388956556337,0.4597686601235867,5
2025-08-19,IBM,0,0.5255946322909095,0.5873343485425573,0.6070747230091375,0.42377123985129067,0.5359437359234738,5
2025-08-19,JPM,1,0.5152065731725333,0.54912053424685,0.5467412148725155,0.5045364904722129,0.5289012031910278,5
2025-08-19,KO,0,0.4409135120300901,0.44588112332470375,0.4174966853922999,0.3871830013753419,0.42286858053060894,5
2025-08-19,MSFT,0,0.4661957710049911,0.45146041017582894,0.4479607072954861,0.3416118088289978,0.426807174326326,5
2025-08-19,UNH,1,0.5847636099958631,0.5751264445996903,0.6674747267052787,0.4808381859310464,0.5770507418079696,5
2025-08-19,WMT,1,0.47361194069717527,0.4729858934364616,0.49235870664436693,0.4428155065776389,0.4704430118389107,5
2025-08-19,XOM,1,0.4232433421650461,0.415407906706471,0.39207189957445726,0.39230775324966677,0.4057577254239103,5
2025-08-20,AAPL,1,0.5085942374831953,0.513011093659919,0.47430734384738443,0.4678564411089958,0.49094227902487364,5
2025-08-20,CAT,0,0.4904901632609817,0.5296864693860386,0.5362046830787781,0.2619981659441814,0.45459487041749497,5
2025-08-20,DIS,0,0.5114973318951868,0.5643340886693629,0.5908502297636078,0.5138792157600155,0.5451402165220433,5
2025-08-20,GE,1,0.492451208252054,0.4487841755624342,0.4522243527856695,0.4183468034851313,0.4529516350213223,5
2025-08-20,GS,0,0.5292626344543013,0.47370913814019777,0.4851766359552798,0.333055541372443,0.4553009874805555,5
2025-08-20,IBM,1,0.5281292980467378,0.5951136996081888,0.6070747230091375,0.4614641299744837,0.547945462659637,5
2025-08-20,JPM,0,0.5114962518077664,0.5387911835415276,0.5467412148725155,0.6014579927477254,0.5496216607423837,5
2025-08-20,KO,0,0.43670573756141473,0.42722486942405286,0.4084687539077624,0.38861096712024096,0.41525258200336773,5
2025-08-20,MSFT,1,0.4591651960930404,0.44887462811399637,0.4479607072954861,0.24559392697514248,0.4003986146194163,5
2025-08-20,UNH,1,0.5882142719275888,0.5838588780451313,0.6684025792792851,0.6577061822894583,0.6245454778853659,5
2025-08-20,WMT,1,0.4717709471535394,0.4650250229581202,0.4971942519441239,0.586648045518442,0.5051595668935565,5
2025-08-20,XOM,0,0.4188626789615766,0.40457216959283604,0.383232046441321,0.5018806243451742,0.42713687983522697,5
2025-08-21,AAPL,1,0.5256756938075284,0.522526403103903,0.4872431675893882,0.5156755159954708,0.5127801951240726,6
2025-08-21,CAT,0,0.5083226346855464,0.5481409240426691,0.5407498821352991,0.627770134963739,0.5562458939568133,6
2025-08-21,DIS,0,0.5177406123656221,0.5463648208563188,0.5581748411392523,0.5453172377299752,0.5418993780227921,6
2025-08-21,GE,1,0.4998513846787948,0.4560828312477857,0.458698056046204,0.4429857575763946,0.4644045073872948,6
2025-08-21,GS,0,0.5537378915342072,0.486318655276074,0.5029050282596579,0.424427203394263,0.49184719461605053,6
2025-08-21,IBM,1,0.514155236990516,0.5716202161500548,0.5779375004725416,0.5054381313856706,0.5422877712496957,6
2025-08-21,JPM,1,0.5194468349450092,0.5574702817710196,0.544684410182364,0.48767117743588817,0.5273181760835702,6
2025-08-21,KO,0,0.4528740696455591,0.4324563746050408,0.47202693168386084,0.1960407963798428,0.3883495430785759,6
2025-08-21,MSFT,0,0.48252428540475983,0.4856700334910077,0.4815193969148604,0.2685548897504186,0.42956715139026164,6
2025-08-21,UNH,1,0.5692771652627399,0.616182940812952,0.6925020051343449,0.8620621169313247,0.6850060570353403,6
2025-08-21,WMT,1,0.4491088873087404,0.47965469575428965,0.41102919900800805,0.14342687888917352,0.37080491524005293,6
2025-08-21,XOM,0,0.4251371885691716,0.4357893677096425,0.4086353164789934,0.359583604581713,0.40728636933488016,6
2025-08-22,AAPL,1,0.5203126397566841,0.5318364255040808,0.4767327034979495,0.37290720756434803,0.47544724408076555,6
2025-08-22,CAT,0,0.5179682945989256,0.558773906365308,0.5519180879382121,0.20897987998987427,0.45941004222307996,6
2025-08-22,DIS,1,0.5224613762699993,0.5481339056318963,0.5581748411392523,0.49076182614859354,0.5298829872974353,6
2025-08-22,GE,1,0.4798605306706685,0.4287822660524873,0.44312226706613855,0.5585879768747831,0.4775882601660194,6
2025-08-22,GS,0,0.5610642206718218,0.512180996238702,0.49940684704135824,0.31797001223983445,0.47265551904792913,6
2025-08-22,IBM,1,0.5097987082271197,0.5666364710785559,0.577831198504479,0.6557251465812886,0.5774978810978608,6
2025-08-22,JPM,0,0.5171755382254736,0.5471215854145749,0.544119934827685,0.5010135199728569,0.5273576446101476,6
2025-08-22,KO,0,0.44354399623609236,0.42664558220942783,0.42130225626175605,0.3929104289553674,0.4211005659156609,6
2025-08-22,MSFT,0,0.47426515425904353,0.469418222406411,0.4780828763840647,0.31132825938660524,0.43327362810903114,6
2025-08-22,UNH,1,0.5798600192892344,0.6233649614250713,0.6865708648149751,0.9779973654275428,0.7169483027392058,6
2025-08-22,WMT,1,0.4607968322302369,0.4778030294447535,0.49560299378494566,0.2756612636428321,0.4274660297756921,6
2025-08-22,XOM,0,0.4293320405975123,0.4331413006679541,0.45904465898417296,0.26262120355300184,0.3960348009506603,6
2025-08-25,AAPL,1,0.5203745342166074,0.5272853528164768,0.4767327034979495,0.41027615860674005,0.4836671872844434,6
2025-08-25,CAT,1,0.5345628891280159,0.5701225554082286,0.5524808490507995,0.5239699553229961,0.54528406222751,6
2025-08-25,DIS,1,0.5273219767684498,0.5474355373796833,0.5581748411392523,0.5440762686747542,0.5442521559905349,6
2025-08-25,GE,0,0.4795742925256586,0.4381042891892852,0.44312226706613855,0.4897197608710584,0.4626301524130352,6
2025-08-25,GS,0,0.5648749134485221,0.5144326789851361,0.4999758091378875,0.37128121448832363,0.4876411540149673,6
2025-08-25,IBM,1,0.510242440688584,0.5683620603610294,0.577831198504479,0.7146981867699178,0.5927834715810025,6
2025-08-25,JPM,0,0.524612843188753,0.5429178123816147,0.544684410182364,0.5928109043769438,0.5512564925324189,6
2025-08-25,KO,0,0.45162197906265017,0.45769248547588937,0.4926309820418113,0.520098739780955,0.4805110465903265,6
2025-08-25,MSFT,0,0.4760579903611017,0.4801301607183473,0.4780828763840647,0.371222802251621,0.4513734574287837,6
2025-08-25,UNH,1,0.5842817865699007,0.5999648129408134,0.6832939408350757,0.8765358180859875,0.6860190896079443,6
2025-08-25,WMT,1,0.4749326600886985,0.4904237504616652,0.4723095956520819,0.36272605108688727,0.4500980143223332,6
2025-08-25,XOM,0,0.4351838863311467,0.42104082551524674,0.4086353164789934,0.10394709064974282,0.34220177974378246,6
2025-08-26,AAPL,1,0.505623380219152,0.5063751231670348,0.4732991598953131,0.5900280657682604,0.5188314322624401,6
2025-08-26,CAT,1,0.5277285152653262,0.5758297038416508,0.5519180879382121,0.4972797499875394,0.5381890142581821,6
2025-08-26,DIS,0,0.5263026178966594,0.5496782735373003,0.5581748411392523,0.5216050238799432,0.5389401891132888,6
2025-08-26,GE,0,0.47254566263161824,0.46601748630323064,0.44312226706613855,0.4492447354698127,0.4577325378677001,6
2025-08-26,GS,1,0.566098176005596,0.5075763435153282,0.4999758091378875,0.3362355423623328,0.47747146775528604,6
2025-08-26,IBM,1,0.5071192070195222,0.5776905848338315,0.5772759244157031,0.6895875732374896,0.5879183223766367,6
2025-08-26,JPM,0,0.5283547920614985,0.5446764918779083,0.544684410182364,0.4949125604001038,0.5281570636304687,6
2025-08-26,KO,0,0.4466365451059206,0.43108571901779846,0.4685969290890424,0.3606704491981641,0.42674741060273136,6
2025-08-26,MSFT,0,0.4578039705499013,0.44658768187807907,0.46807709613825366,0.32897630103798714,0.42536126240105526,6
2025-08-26,UNH,1,0.5938213486387276,0.6209587968722545,0.6925020051343449,0.99272618604462,0.7250020841724868,6
2025-08-26,WMT,1,0.46377370057496337,0.47824064455808185,0.49560299378494566,0.2991981045638825,0.43420386087046836,6
2025-08-26,XOM,0,0.4207453713177108,0.41318109735312064,0.4053123310115073,0.29963852346395925,0.3847193307865745,6
2025-08-27,AAPL,0,0.5171461588351562,0.5277160296772336,0.516118093494571,0.5459507637877515,0.5267327614486781,6
2025-08-27,CAT,1,0.5361928472746902,0.572984117996321,0.5524808490507995,0.5486437052678516,0.5525753798974156,6
2025-08-27,DIS,0,0.5310055602820031,0.5367509105350383,0.5581748411392523,0.551529708596796,0.5443652551382724,6
2025-08-27,GE,1,0.47883199020078676,0.4619147413489274,0.44312226706613855,0.37306112750459364,0.4392325315301116,6
2025-08-27,GS,1,0.5616204296176244,0.5118935549952355,0.4999758091378875,0.31751005732068,0.4727499627678568,6
2025-08-27,IBM,1,0.5135030747900766,0.5673960327084177,0.577831198504479,0.6690483479348976,0.5819446634844676,6
2025-08-27,JPM,0,0.5309236297877185,0.5393955019722332,0.544684410182364,0.5361139890632224,0.5377793827513845,6
2025-08-27,KO,0,0.4465450000405161,0.45063401798038993,0.47202693168386084,0.5364536914756665,0.4764149102951083,6
2025-08-27,MSFT,0,0.47370342989256625,0.46205598623564803,0.4715066698533789,0.491792544428467,0.47476465760251507,6
2025-08-27,UNH,1,0.6133258015286841,0.6029931532476689,0.6865708648149751,0.8334704058475534,0.6840900563597203,6
2025-08-27,WMT,1,0.4723596132553665,0.5220257661714625,0.506620485878608,0.371345144758357,0.4680877525159485,6
2025-08-27,XOM,0,0.4227859855265691,0.4140339491773776,0.4086353164789934,0.30923695869520645,0.3886730524695366,6
2025-08-28,AAPL,0,0.5151633823199713,0.545569815017338,0.5265017677256308,0.7841348392210137,0.5928424510709884,6
2025-08-28,CAT,1,0.5371096189224832,0.5640456898754105,0.5524808490507995,0.5459585539777463,0.54989867795661,6
2025-08-28,DIS,0,0.5275719502836919,0.5513710833202426,0.5581748411392523,0.5537270500425602,0.5477112311964367,6
2025-08-28,GE,0,0.47631610071995767,0.4642975827973671,0.44312226706613855,0.40419905962543745,0.44698375255222517,6
2025-08-28,GS,1,0.563014717588395,0.509461956359709,0.4999758091378875,0.30765005008454377,0.4700256332926338,6
2025-08-28,IBM,1,0.5159470244782213,0.5663480138373723,0.577831198504479,0.7235863779519716,0.595928153693011,6
2025-08-28,JPM,1,0.5282219281151813,0.5453629626223689,0.544684410182364,0.47502396133271096,0.5233233155631563,6
2025-08-28,KO,0,0.44017330940610155,0.43885300067493943,0.47202693168386084,0.3062407363305086,0.4143234945238526,6
2025-08-28,MSFT,0,0.47388644888964654,0.4538651997519166,0.4715066698533789,0.4074501067635456,0.45167710631462193,6
2025-08-28,UNH,1,0.610093999543431,0.6135281771259642,0.6865708648149751,0.873367936465024,0.6958902444873486,6
2025-08-28,WMT,1,0.45970889737018433,0.49098631969602896,0.49560299378494566,0.4596879704648267,0.4764965453289964,6
2025-08-28,XOM,0,0.42638422860643477,0.42750315746748335,0.4086353164789934,0.2753255339260642,0.38446205911974396,6
2025-08-29,AAPL,0,0.5166709636464436,0.5566395785109706,0.5314128258813621,0.6670208950175243,0.5679360657640751,6
2025-08-29,CAT,0,0.5316070364524801,0.5709731496779186,0.5519180879382121,0.7174067373303631,0.5929762528497434,6
2025-08-29,DIS,0,0.5309429840805859,0.5525174414328855,0.5581748411392523,0.5949940315740986,0.5591573245567056,6
2025-08-29,GE,0,0.4715466868261853,0.45629208677163346,0.44312226706613855,0.4008227595746629,0.4429459500596551,6
2025-08-29,GS,1,0.5684060207539795,0.5103356582988836,0.4999758091378875,0.3094679254959777,0.4720463534216821,6
2025-08-29,IBM,0,0.5179824475987856,0.5727686602759625,0.577831198504479,0.5726612417077971,0.560310887021756,6
2025-08-29,JPM,1,0.5282176257045617,0.5472574949318225,0.544684410182364,0.5564551420413607,0.5441536682150272,6
2025-08-29,KO,0,0.44047013423606857,0.43726302540481843,0.47202693168386084,0.38291580761721183,0.43316897473548993,6
2025-08-29,MSFT,1,0.4573729465149177,0.4322639297298738,0.44759403498771355,0.5287741680151474,0.4665012698119131,6
2025-08-29,UNH,1,0.6178848180448028,0.5441144294406828,0.6585924138897102,0.610654703804305,0.6078115912948752,6
2025-08-29,WMT,1,0.45965199381318833,0.49132811331955367,0.506620485878608,0.5088890854144589,0.49162241960645225,6
2025-08-29,XOM,1,0.4282510220296691,0.4255246058038874,0.4086353164789934,0.31750322174180473,0.3949785415135887,6
2025-09-02,AAPL,0,0.5177925855611906,0.5572181930189692,0.5222216397401458,0.5721720410345674,0.5423511148387182,6
2025-09-02,CAT,1,0.5455556796957838,0.5689361337364981,0.5524808490507995,0.7722590749908768,0.6098079343684896,6
2025-09-02,DIS,0,0.529703530080985,0.549639207139592,0.5581748411392523,0.6375238508545524,0.5687603573035954,6
2025-09-02,GE,1,0.4735448451399129,0.44961340829555124,0.44312226706613855,0.3034245242431339,0.41742626118618414,6
2025-09-02,GS,1,0.5640042806165514,0.5161104492201651,0.49940684704135824,0.2827215331393201,0.46556077750434866,6
2025-09-02,IBM,0,0.5152686896163197,0.5709590902269978,0.577831198504479,0.5403369290117892,0.5510989768398964,6
2025-09-02,JPM,1,0.521657921922565,0.5627683415633156,0.5495985076557592,0.5773530993486444,0.552844467622571,6
2025-09-02,KO,0,0.4174761038412457,0.4111193463211095,0.4637759265736775,0.3977806906760568,0.4225380168530224,6
2025-09-02,MSFT,1,0.46103056491214994,0.4352904611397741,0.4510007771100492,0.4798025302346514,0.4567810833491562,6
2025-09-02,UNH,1,0.6232208520421718,0.5515166537104497,0.6585924138897102,0.6729347947291171,0.6265661785928622,6
2025-09-02,WMT,0,0.45483759447381683,0.47274408446832306,0.506620485878608,0.524768995409883,0.48974279005765764,6
2025-09-02,XOM,0,0.426194844994484,0.44788005388695185,0.4086353164789934,0.49779156332390695,0.44512544467108406,6
2025-09-03,AAPL,0,0.5124359575141919,0.5418286764608162,0.527982831266128,0.4249776840498637,0.5018062873227499,6
2025-09-03,CAT,1,0.5487570040483912,0.5543352591740744,0.5524808490507995,0.8266752267439487,0.6205620847543035,6
2025-09-03,DIS,0,0.5236765728311114,0.5537456274902188,0.5581748411392523,0.6068495468314969,0.5606116470730198,6
2025-09-03,GE,1,0.46726262115334066,0.43874715775990786,0.4383471596441025,0.5039545909322245,0.4620778823723939,6
2025-09-03,GS,1,0.5676262496096658,0.49668448791276126,0.4893439657868261,0.569772376575098,0.5308567699710878,6
2025-09-03,IBM,0,0.5171257688459827,0.5740036815866506,0.577831198504479,0.5074581891702774,0.5441047095268474,6
2025-09-03,JPM,1,0.519682458176984,0.5447815591744657,0.5495985076557592,0.43173371530773036,0.5114490600787348,6
2025-09-03,KO,0,0.4071111572098046,0.4143618205733617,0.4637759265736775,0.31921017823402215,0.4011147706477165,6
2025-09-03,MSFT,1,0.45519873118151605,0.42402462391175577,0.4510007771100492,0.3716670293062237,0.42547279037738617,6
2025-09-03,UNH,0,0.6220150454995212,0.5521250860372432,0.6585924138897102,0.6546819315720224,0.6218536192496242,6
2025-09-03,WMT,0,0.44900081332532665,0.4641631222498397,0.49283471831342307,0.5151953721538198,0.4802985065106023,6
2025-09-03,XOM,1,0.4291677724237231,0.42421494829951356,0.4086353164789934,0.37356045439355545,0.4088946228989464,6
2025-09-04,AAPL,1,0.5203369806772962,0.5396469274282469,0.5314128258813621,0.5766004404387802,0.5419992936064213,6
2025-09-04,CAT,1,0.548075638034234,0.5678040481719429,0.5524808490507995,0.8002836087460953,0.6171610360007679,6
2025-09-04,DIS,0,0.5254903302914756,0.5551725932265558,0.5581748411392523,0.6673543634248231,0.5765480320205267,6
2025-09-04,GE,0,0.47617781649749497,0.43542159772480743,0.4383471596441025,0.5390270626255769,0.47224340912299545,6
2025-09-04,GS,1,0.5725769717507374,0.5142293076259472,0.4999758091378875,0.26091646419848835,0.4619246381782651,6
2025-09-04,IBM,0,0.5167126733164735,0.5848629300797168,0.577831198504479,0.41805515855715664,0.5243654901144564,6
2025-09-04,JPM,1,0.5211527620616966,0.5473298775338342,0.5495985076557592,0.5135691056609953,0.5329125632280713,6
2025-09-04,KO,0,0.429781146730986,0.40762878199037444,0.4179490645259697,0.43181817565671327,0.42179429222601084,6
2025-09-04,MSFT,0,0.45813073877682203,0.4425739977136673,0.4510007771100492,0.4316136195354518,0.4458297832839976,6
2025-09-04,UNH,0,0.615133334830732,0.5463217435872002,0.6406248802515078,0.6479373966465858,0.6125043388290065,6
2025-09-04,WMT,1,0.45736051662022126,0.47900280627632635,0.49627644827075756,0.5403544923383604,0.4932485658764164,6
2025-09-04,XOM,1,0.43243251996875887,0.4298956850622685,0.4086353164789934,0.2239382000769802,0.37372543039675027,6
2025-09-05,AAPL,1,0.5017450699513597,0.5544412193227077,0.517371649867902,0.6034743383673808,0.5442580693773376,6
2025-09-05,CAT,1,0.5429634601138241,0.5725897273610183,0.5524808490507995,0.6876604570614826,0.5889236233967812,6
2025-09-05,DIS,0,0.5233279830450875,0.5590938803785727,0.5581748411392523,0.6618846119950255,0.5756203291394845,6
2025-09-05,GE,1,0.47941824712844106,0.41539787936565153,0.44312226706613855,0.46399356519135493,0.4504829896878965,6
2025-09-05,GS,1,0.5764990757642854,0.5221261953237103,0.5524814459952052,0.3628778662654069,0.503496145837152,6
2025-09-05,IBM,1,0.516689450038169,0.5688222408532891,0.577831198504479,0.3466028828815247,0.5024864430693654,6
2025-09-05,JPM,1,0.5315827990195455,0.5243014615507577,0.5023360815752523,0.3723027389592098,0.4826307702761914,6
2025-09-05,KO,0,0.41745871570177434,0.41173054110188395,0.4179490645259697,0.39256342113509013,0.4099254356161795,6
2025-09-05,MSFT,0,0.45296917766721195,0.42261661143712653,0.4397273701504097,0.6667010145799483,0.49550354345867414,6
2025-09-05,UNH,0,0.6011679229154755,0.5534741207899978,0.6585924138897102,0.8579414064632971,0.6677939660146202,6
2025-09-05,WMT,0,0.4446700909166565,0.44205768891011105,0.4746489934980648,0.2699143657563584,0.40782278477029765,6
2025-09-05,XOM,0,0.44153142885163316,0.4339350345690877,0.4541238699759294,0.6016830797562436,0.4828183532882235,6
2025-09-08,AAPL,1,0.4948200083811547,0.4932965750618413,0.4875190406350151,0.5016837549381226,0.4943298447540334,6
2025-09-08,CAT,1,0.5401763531440348,0.5727608427478914,0.5524808490507995,0.5399083581073719,0.5513316007625244,6
2025-09-08,DIS,0,0.5245768632790764,0.5719321254487056,0.5581748411392523,0.7147937007632424,0.5923693826575691,6
2025-09-08,GE,1,0.4760810576965905,0.42279094706034365,0.44312226706613855,0.5156862778635547,0.46442013742165683,6
2025-09-08,GS,1,0.5850959486197769,0.5390272390736875,0.575402293499599,0.3341208405913772,0.5084115804461101,6
2025-09-08,IBM,1,0.51534174165118,0.5864619508887866,0.5772759244157031,0.31746569550316417,0.4991363281147084,6
2025-09-08,JPM,1,0.5360783066836399,0.5239173062559336,0.5029050282596579,0.5106235557750398,0.5183810492435679,6
2025-09-08,KO,0,0.4121529880201116,0.3979216525249085,0.38862750277668495,0.5799457776911652,0.44466198025321757,6
2025-09-08,MSFT,0,0.47305379736370673,0.45127231193498674,0.44312226706613855,0.5523146216555304,0.4799407495050906,6
2025-09-08,UNH,0,0.6015951820225149,0.5504723522668219,0.6753603831364544,0.9182054049213545,0.6864083305867865,6
2025-09-08,WMT,0,0.45273362240016757,0.47546616500308125,0.4746489934980648,0.3389978965269235,0.43546166935705927,6
2025-09-08,XOM,0,0.4376251969565415,0.43638936045728116,0.4038514828520115,0.5782897922533051,0.4640389581297848,6
2025-09-09,AAPL,1,0.468353155774454,0.427082708055877,0.45753858567518085,0.3761641250155257,0.43228464363025937,6
2025-09-09,CAT,1,0.5334626893703318,0.5625808915172616,0.5524808490507995,0.6112044816253043,0.5649322278909243,6
2025-09-09,DIS,0,0.5209359367673742,0.5668199151903963,0.5569898337325178,0.6061387845870725,0.5627211175693403,6
2025-09-09,GE,1,0.4771288324353946,0.4539887397753555,0.4609578579540522,0.528819272773576,0.48022367573459457,6
2025-09-09,GS,1,0.5777066257679219,0.5499191065996595,0.5839846969343644,0.47001095581532826,0.5454053462793185,6
2025-09-09,IBM,1,0.5210648657325788,0.5809534905805434,0.577831198504479,0.5808585681190178,0.5651770307341547,6
2025-09-09,JPM,1,0.5398031786462166,0.5208219705859471,0.5029050282596579,0.5772635929492114,0.5351984426102583,6
2025-09-09,KO,0,0.4263646402766501,0.4008932612282923,0.3919038432821126,0.4914809511113789,0.42766067397460844,6
2025-09-09,MSFT,0,0.4729876850009768,0.4543988689375305,0.44312226706613855,0.5975814730755692,0.49202257352005374,6
2025-09-09,UNH,0,0.6008772772408887,0.5492463746818755,0.5493449759302383,0.7704877876564007,0.6174891038773508,6
2025-09-09,WMT,0,0.4537719399584967,0.4744252470092241,0.4746489934980648,0.35461680114164584,0.4393657454018579,6
2025-09-09,XOM,0,0.43906081223873294,0.4300396769829045,0.4038514828520115,0.5350406241075876,0.4519981490453091,6
2025-09-10,AAPL,1,0.4705108877535376,0.46044391743522955,0.45753858567518085,0.26619903596327715,0.4136731067068063,6
2025-09-10,CAT,1,0.5299952491799653,0.5724177897158464,0.5524808490507995,0.6174130371260844,0.5680767312681739,6
2025-09-10,DIS,0,0.5155949707787918,0.5446502676787015,0.5569898337325178,0.5276335172059606,0.536217147348993,6
2025-09-10,GE,1,0.48548895567711475,0.4835775579467315,0.4609578579540522,0.5163665355071293,0.486597726771257,6
2025-09-10,GS,1,0.5858375799502739,0.55293168628531,0.5839846969343644,0.3734014471018008,0.5240388525679373,6
2025-09-10,IBM,1,0.5212071629495734,0.5828168321677921,0.5794658160749279,0.6732143367754075,0.5891760369919252,6
2025-09-10,JPM,0,0.5397691915806467,0.5233417693207303,0.5029050282596579,0.5352167264540432,0.5253081789037696,6
2025-09-10,KO,0,0.4207500671259603,0.40031143466642927,0.3919038432821126,0.4660144014584602,0.4197449366332406,6
2025-09-10,MSFT,0,0.4654204318360747,0.43359162231872467,0.4397273701504097,0.46757744165968235,0.45157921649122285,6
2025-09-10,UNH,1,0.6257386079114841,0.5364720575577425,0.5891645583994752,0.9156321303165096,0.6667518385463028,6
2025-09-10,WMT,0,0.44887872280952407,0.4708998444094196,0.49283471831342307,0.3395063160277107,0.4380299003900194,6
2025-09-10,XOM,0,0.4348828645069074,0.4021329258919993,0.4038514828520115,0.36044916216564393,0.4003291088541405,6
2025-09-11,AAPL,1,0.4908641990182964,0.48166544661291716,0.4609578579540522,0.31768241724311597,0.4377924802070955,6
2025-09-11,CAT,1,0.5280761527313538,0.5773570849066454,0.5519180879382121,0.6218219600448954,0.5697933214052766,6
2025-09-11,DIS,0,0.5136306252919596,0.556293014090057,0.5569898337325178,0.5142118361454637,0.5352813273149994,6
2025-09-11,GE,1,0.4761172899406336,0.49270540924497996,0.4609578579540522,0.5955541975945506,0.5063336886835541,6
2025-09-11,GS,0,0.5762370630182264,0.5303927354600475,0.5812916809949692,0.22533209373249638,0.47831339330143485,6
2025-09-11,IBM,1,0.5228593273712212,0.57187278145971,0.5800203063588926,0.7041304809764252,0.5947207240415622,6
2025-09-11,JPM,1,0.5434024241435602,0.510038886674876,0.5029050282596579,0.504607371510244,0.5152384276470845,6
2025-09-11,KO,0,0.42113157686253294,0.3951513128225036,0.3919038432821126,0.44275693712886527,0.4127359175240036,6
2025-09-11,MSFT,0,0.46391487231745093,0.437783415805054,0.44312226706613855,0.46660728944168517,0.4528569611575821,6
2025-09-11,UNH,1,0.6193620956917869,0.5397838134608397,0.5891645583994752,0.7513878985365346,0.6249245915221592,6
2025-09-11,WMT,0,0.4637314237102627,0.4741765071932507,0.45599107654093507,0.32612988594995446,0.4300072233486007,6
2025-09-11,XOM,0,0.43764050715029534,0.4164063739813481,0.4038514828520115,0.13553518883762466,0.3483583882053199,6
2025-09-12,AAPL,1,0.48632978518905257,0.46962681586735827,0.45753858567518085,0.42399566511246883,0.4593727129610151,6
2025-09-12,CAT,0,0.5315697291482646,0.5712749204055758,0.5524808490507995,0.6082463476567123,0.5658929615653381,6
2025-09-12,DIS,0,0.5056731513196929,0.5579285003224859,0.5522044290005151,0.4954547165463295,0.5278151992972558,6
2025-09-12,GE,1,0.4672725367339871,0.4880702175190951,0.46588949766669857,0.675114020943695,0.5240865682158689,6
2025-09-12,GS,0,0.5884519585400158,0.5014948760728088,0.5818455010883873,0.2738050376088473,0.4863993433275147,6
2025-09-12,IBM,1,0.5201973383944933,0.5752985078747412,0.577831198504479,0.6384904356256939,0.5779543700998518,6
2025-09-12,JPM,1,0.5440025368509092,0.5111283068589871,0.5029050282596579,0.3646809142254491,0.4806791965487508,6
2025-09-12,KO,0,0.4183448292086035,0.3937495894684113,0.3958985868382007,0.4648345448728233,0.4182068875970097,6
2025-09-12,MSFT,0,0.4596755391369655,0.4330185284067139,0.4397273701504097,0.2786927221925446,0.4027785399716584,6
2025-09-12,UNH,1,0.6198028490694206,0.5367890274274993,0.5688391771942407,0.8626854845071178,0.6470291345495697,6
2025-09-12,WMT,0,0.46883154025496276,0.48254141242330106,0.4346045204969268,0.47220561923099386,0.4645457731015461,6
2025-09-12,XOM,1,0.43288964946945147,0.41902078480445215,0.4038514828520115,0.08915703857312118,0.33622973892475905,6
2025-09-15,AAPL,1,0.4902633752584299,0.49126859219866337,0.4609578579540522,0.5047990264747393,0.48682221297147116,6
2025-09-15,CAT,0,0.5312475377668812,0.5748062385014714,0.5524808490507995,0.6303857624158137,0.5722300969337414,6
2025-09-15,DIS,0,0.5100874368631535,0.5605473520043216,0.5533919731491213,0.467814300230407,0.5229602655617508,6
2025-09-15,GE,0,0.46563241701756697,0.4840818378010111,0.46588949766669857,0.7154181796844502,0.5327554830424317,6
2025-09-15,GS,0,0.5851003968065661,0.5263114566275642,0.5818455010883873,0.24904869077641267,0.48557651132473256,6
2025-09-15,IBM,1,0.5242043996624727,0.5661302475122698,0.5730983739197901,0.5892877662787399,0.5631801968433181,6
2025-09-15,JPM,1,0.5400470140180246,0.5058743151136655,0.5029050282596579,0.2595904376470903,0.4521041987596096,6
2025-09-15,KO,0,0.41575021462383654,0.4066083894131949,0.3919038432821126,0.47228241504854657,0.42163621559192266,6
2025-09-15,MSFT,0,0.468522548529784,0.44474420293993155,0.44312226706613855,0.3904971777963149,0.4367215490830422,6
2025-09-15,UNH,1,0.6239945717263272,0.5341873096143158,0.5688391771942407,0.7989013656504522,0.631480606046334,6
2025-09-15,WMT,1,0.4708751579743705,0.47469025114095287,0.4346045204969268,0.4534085398206358,0.4583946173582215,6
2025-09-15,XOM,1,0.43917780121148586,0.4188398040340832,0.4038514828520115,0.18707490444173247,0.3622359981348282,6
2025-09-16,AAPL,0,0.479440207474721,0.454700749191235,0.45753858567518085,0.4348978569450746,0.45664434982155283,6
2025-09-16,CAT,0,0.528042364038291,0.5441991306144155,0.5419426053880301,0.6636096707350537,0.5694484426939476,6
2025-09-16,DIS,1,0.5088286369690279,0.5595712053377657,0.5522044290005151,0.4835764691911336,0.5260451851246106,6
2025-09-16,GE,0,0.46668727331824494,0.5134479408882185,0.49694996388724116,0.8291738003821417,0.5765647446189616,6
2025-09-16,GS,0,0.5798097379094661,0.5379727035671152,0.5714623843074889,0.3199592695563199,0.5023010238350976,6
2025-09-16,IBM,1,0.5253836686941531,0.5599142112203671,0.5730983739197901,0.4201850214894155,0.5196453188309315,6
2025-09-16,JPM,1,0.5259583459161019,0.5238341420098785,0.5023360815752523,0.45278108742408085,0.5012274142313284,6
2025-09-16,KO,0,0.41159096191898165,0.39564022979527136,0.38862750277668495,0.4828285791463773,0.4196718184093288,6
2025-09-16,MSFT,0,0.4657877248691255,0.4349321650343934,0.44312226706613855,0.38813073326733233,0.43299322255924744,6
2025-09-16,UNH,1,0.6103871522250728,0.5281380759656735,0.3655234038130988,0.6086389302808158,0.5281718905711652,6
2025-09-16,WMT,1,0.4672407859926693,0.4616916001607687,0.4346045204969268,0.44729405853709225,0.4527077412968643,6
2025-09-16,XOM,1,0.43502726077802123,0.4215966512730084,0.4005410503226129,0.41556425439249134,0.41818230419153346,6
2025-09-17,AAPL,0,0.4817434678085717,0.4740049581141929,0.4609578579540522,0.5580548266359336,0.4936902776281876,6
2025-09-17,CAT,1,0.5091661176713805,0.5666815303089928,0.5541378840185249,0.6601435927358681,0.5725322811836916,6
2025-09-17,DIS,1,0.5042249337679272,0.5569755897775062,0.5522044290005151,0.6061330448449298,0.5548844993477196,6
2025-09-17,GE,0,0.4705717447367192,0.48054994186990185,0.48268018901537274,0.3434984966101941,0.44432509305804696,6
2025-09-17,GS,0,0.575001316837302,0.5520525318884729,0.5603672800827322,0.28061772199111434,0.4920097126999054,6
2025-09-17,IBM,1,0.5237906446787437,0.5642047190947543,0.5730983739197901,0.6831225450894842,0.5860540706956932,6
2025-09-17,JPM,1,0.5336555693845856,0.5228498926451123,0.5023360815752523,0.3345625472500323,0.47335102271374563,6
2025-09-17,KO,0,0.41809261697313116,0.3937514946338175,0.3958985868382007,0.46121368945401514,0.4172390969747911,6
2025-09-17,MSFT,1,0.4710956638070237,0.43695486496422975,0.44312226706613855,0.4154976060321802,0.44166760046739306,6
2025-09-17,UNH,0,0.6128565779516165,0.5307985865748114,0.43528137791682875,0.5618785813544392,0.535203780949424,6
2025-09-17,WMT,1,0.4510497689383464,0.45775882249189515,0.4312243481325543,0.3930605201501314,0.4332733649282318,6
2025-09-17,XOM,0,0.44667383244478653,0.45486078296617904,0.48064238992314107,0.24247633868054208,0.40616333600366217,6
2025-09-18,AAPL,1,0.48390572036970897,0.48815666589633244,0.4609578579540522,0.6220937571596604,0.5137785003449384,6
2025-09-18,CAT,1,0.5192227512262167,0.5588666382682871,0.5643942856347333,0.6296446128220525,0.5680320719878225,6
2025-09-18,DIS,0,0.5007218437508724,0.5594071154484732,0.5564281903525191,0.5056073291056714,0.530541119664384,6
2025-09-18,GE,1,0.4767261720120906,0.5170161095778741,0.500164446670169,0.576380764935068,0.5175718732988005,6
2025-09-18,GS,0,0.5824401946385603,0.5536019862920213,0.5646642493543044,0.3529567640138317,0.5134157985746794,6
2025-09-18,IBM,1,0.523299139433231,0.5813699496459107,0.5895711191354535,0.6363288819100756,0.5826422725311677,6
2025-09-18,JPM,0,0.536564518637095,0.5267126710347209,0.5023360815752523,0.4193943711798644,0.4962519106067332,6
2025-09-18,KO,1,0.4080781207028498,0.4071459196004669,0.38862750277668495,0.40771976345371275,0.4028928266334286,6
2025-09-18,MSFT,1,0.46735450087677777,0.42308454723835265,0.44312226706613855,0.3676007559899548,0.42529051779280597,6
2025-09-18,UNH,0,0.6125559832812764,0.534513411841357,0.3655234038130988,0.535641480221748,0.51205856978937,6
2025-09-18,WMT,0,0.46543292246882184,0.46395269281985285,0.4346045204969268,0.4112381076307885,0.4438070608540975,6
2025-09-18,XOM,0,0.44400320689004347,0.4223166681310172,0.4541238699759294,0.3353482401532092,0.41394799628754986,6
2025-09-19,AAPL,0,0.44592075727812386,0.48736311867816084,0.47013084760357504,0.5095127236416704,0.4782318618003826,6
2025-09-19,CAT,1,0.5096993777979106,0.5539361485999401,0.5643942856347333,0.6852626049034644,0.5783231042340121,6
2025-09-19,DIS,0,0.4661406307789478,0.549495254138374,0.5330441903544393,0.5427984113285321,0.5228696216500732,6
2025-09-19,GE,1,0.46232686121114785,0.5215039428953627,0.5016499150640102,0.7121206343672793,0.54940033838445,6
2025-09-19,GS,0,0.5492394744425246,0.570483248267136,0.5641047212628348,0.7288123263589281,0.603159942582856,6
2025-09-19,IBM,1,0.5077329160100216,0.5918733871105538,0.5895711191354535,0.559752678011109,0.5622325250667844,6
2025-09-19,JPM,0,0.49331828588902327,0.5198325202827336,0.486115561679831,0.7894502738929684,0.572179160436139,6
2025-09-19,KO,1,0.38331723140078805,0.4331030537255212,0.33627757301610817,0.49087883366627455,0.410894172952173,6
2025-09-19,MSFT,1,0.437723037754236,0.4137206492446698,0.4397273701504097,0.301557874399606,0.3981822328872303,6
2025-09-19,UNH,1,0.6131956755611679,0.5356295586547767,0.3655234038130988,0.6654591153938496,0.5449519383557233,6
2025-09-19,WMT,0,0.4380089902611062,0.46104409028154425,0.4312243481325543,0.4896259778198339,0.4549758516237597,6
2025-09-19,XOM,0,0.4005001821130375,0.3927623178842911,0.34169495291506385,0.23132632888598673,0.3415709454495948,6
2025-09-22,AAPL,1,0.4825833294565444,0.5513293652187169,0.527982831266128,0.6919709906006766,0.5634666291355165,6
2025-09-22,CAT,1,0.5298611895974034,0.5506536220144974,0.5643942856347333,0.5180266641271528,0.5407339403434467,6
2025-09-22,DIS,0,0.48789329077995275,0.5744604380137336,0.5564281903525191,0.5943351714003874,0.5532792726366482,6
2025-09-22,GE,0,0.46875582755541806,0.5256114247169689,0.5130571065494625,0.5248643903046928,0.5080721872816356,6
2025-09-22,GS,0,0.5882284601351213,0.5291305209128374,0.5646642493543044,0.3923264189728823,0.5185874123437864,6
2025-09-22,IBM,1,0.5208878463275293,0.5877226263269768,0.5895711191354535,0.46356572030185134,0.5404368280229528,6
2025-09-22,JPM,0,0.5393834721707284,0.5185245972609287,0.5029050282596579,0.5805343600624899,0.5353368644384513,6
2025-09-22,KO,1,0.40453955647964107,0.44782602515697423,0.3479915711952701,0.29105020429702816,0.3728518392822284,6
2025-09-22,MSFT,1,0.4696317072895476,0.4447335797267328,0.4510007771100492,0.3531755890745691,0.4296354133002247,6
2025-09-22,UNH,1,0.6238012647300336,0.5279691883316263,0.3655234038130988,0.6716980349954406,0.5472479729675498,6
2025-09-22,WMT,0,0.4556435781650961,0.4419703750936753,0.4311137160016163,0.25525976674973005,0.39599685900252946,6
2025-09-22,XOM,0,0.44692385018465935,0.4269839996347689,0.4541238699759294,0.4991864629997291,0.4568045456987717,6
2025-09-23,AAPL,1,0.500187989509077,0.5495107098391346,0.5230680876608748,0.4925839613033603,0.5163376870781117,6
2025-09-23,CAT,1,0.5084814365776421,0.5389693072963785,0.5413775929576535,0.6522298548087129,0.5602645479100967,6
2025-09-23,DIS,0,0.48251398789230404,0.5398584314414235,0.5206122676102811,0.4160137617958,0.48974961218495217,6
2025-09-23,GE,1,0.4744589466960186,0.5320155439950182,0.5130571065494625,0.4632824955693965,0.4957035232024739,6
2025-09-23,GS,0,0.5616738694418787,0.62547198421079,0.6021568131000504,0.39790002378840833,0.5468006726352819,6
2025-09-23,IBM,1,0.5167872679170042,0.5886427132733183,0.5848753543865822,0.4455253157276052,0.5339576628261276,6
2025-09-23,JPM,0,0.530706585518409,0.5374538311930861,0.544119934827685,0.50831942098275,0.5301499431304826,6
2025-09-23,KO,0,0.4053908889716471,0.4057762336788809,0.40106315590311925,0.27572017805054927,0.3719876141510491,6
2025-09-23,MSFT,1,0.4665647614272151,0.4445139987069792,0.4510007771100492,0.4378564634674372,0.4499840001779202,6
2025-09-23,UNH,1,0.6179918534696356,0.5488363741137281,0.33273611073041476,0.8102543471740945,0.5774546713719683,6
2025-09-23,WMT,0,0.4551328822422349,0.4455902425175494,0.4311137160016163,0.22439691532722222,0.3890584390221557,6
2025-09-23,XOM,0,0.435922857802064,0.41098144833147876,0.4111075733061248,0.5327907711042393,0.44770066263597674,6
2025-09-24,AAPL,1,0.5090765112159972,0.5520546425903528,0.5265017677256308,0.7620176230127114,0.587412636136173,6
2025-09-24,CAT,1,0.521753750117573,0.5526242577424971,0.5436064267164142,0.617223616749242,0.5588020128314316,6
2025-09-24,DIS,0,0.49387899479918834,0.5499010877333383,0.5211802361661438,0.45107030116177915,0.5040076549651125,6
2025-09-24,GE,0,0.47494055214240405,0.5436370886667649,0.5096167380996308,0.6102985378502465,0.5346232291897616,6
2025-09-24,GS,0,0.5744483131568421,0.5940174523211681,0.6085582364637253,0.5572888038043606,0.5835782014365241,6
2025-09-24,IBM,1,0.5274761681188928,0.5779145739043214,0.5901217099271573,0.6254708566689741,0.5802458271548364,6
2025-09-24,JPM,0,0.5340963057952354,0.5461823789061192,0.544684410182364,0.6293223472285303,0.5635713605280622,6
2025-09-24,KO,0,0.40329306632332457,0.44495526312119127,0.3758913097999909,0.3376787908125639,0.39045460751426764,6
2025-09-24,MSFT,1,0.47348419929007024,0.45443193625295947,0.4510007771100492,0.5538132714833113,0.48318254603409755,6
2025-09-24,UNH,1,0.6193108598134837,0.5406104439205364,0.33273611073041476,0.87140505290996,0.5910156168435987,6
2025-09-24,WMT,0,0.4576260608458881,0.44349217384049444,0.4311137160016163,0.212614153169362,0.38621152596434016,6
2025-09-24,XOM,1,0.454096333067938,0.4281373693362097,0.4144449593209048,0.49422143095603255,0.4477250231702713,6
2025-09-25,AAPL,1,0.5072655492368505,0.5427747091273061,0.527982831266128,0.4690404267027699,0.5117658790832635,6
2025-09-25,CAT,1,0.51967536971971,0.5317977643795783,0.5166881238824106,0.29169916743762553,0.46496510635483107,6
2025-09-25,DIS,0,0.49547439751821004,0.5274945054032638,0.5211802361661438,0.43094867600829767,0.4937744537739789,6
2025-09-25,GE,0,0.4739277537389062,0.4851883392027304,0.4977295181133334,0.23198015726256993,0.422206442079385,6
2025-09-25,GS,0,0.569449338066059,0.5715631520876803,0.5897561607877059,0.6344353307011021,0.5913009954106367,6
2025-09-25,IBM,1,0.5156984788412189,0.5906765116719568,0.5895711191354535,0.47271032295770027,0.5421641081515823,6
2025-09-25,JPM,0,0.5301848991212528,0.5507991066119334,0.544684410182364,0.6198083851181801,0.5613692002584326,6
2025-09-25,KO,0,0.40552886508647346,0.45285042533063563,0.3479915711952701,0.3393721196878522,0.38643574532505787,6
2025-09-25,MSFT,1,0.4691554211959431,0.45446621715034796,0.4510007771100492,0.5125466559628611,0.47179226785480033,6
2025-09-25,UNH,1,0.6236787981440289,0.5428024372505029,0.4001834666899879,0.8549828884401767,0.6054118976311742,6
2025-09-25,WMT,0,0.4590703912697195,0.43401611954691405,0.4144449593209048,0.2615496345958801,0.3922702761833546,6
2025-09-25,XOM,1,0.45046272939165005,0.41752708784854053,0.4311137160016163,0.4104194443715918,0.42738074440334967,6
2025-09-26,AAPL,0,0.5130073982396162,0.533299165744298,0.5265017677256308,0.7924134340187006,0.5913054414320613,6
2025-09-26,CAT,1,0.5251684917140967,0.5300458882300055,0.517256430618539,0.2960248253175884,0.4671239089700574,6
2025-09-26,DIS,0,0.49437612005338344,0.5324177599388369,0.5211802361661438,0.4763410287989555,0.5060787862393299,6
2025-09-26,GE,0,0.47624141487605204,0.4869962876760143,0.4954845732802837,0.20354135085165978,0.41556590667100246,6
2025-09-26,GS,0,0.5710849934290595,0.5856422231243722,0.6022452579691124,0.5911569494774003,0.5875323559999861,6
2025-09-26,IBM,1,0.5250333296772213,0.5912383271456579,0.5895711191354535,0.47375874548394165,0.5449003803605686,6
2025-09-26,JPM,0,0.5320695597416712,0.549071042682348,0.544684410182364,0.6266146647182338,0.5631099193311542,6
2025-09-26,KO,1,0.3989146090451971,0.4361970331995795,0.2590286553701994,0.3694084220208883,0.36588717990896613,6
2025-09-26,MSFT,1,0.47016728456500795,0.45769501254669975,0.4510007771100492,0.5439448132042284,0.4807019718564963,6
2025-09-26,UNH,1,0.6210662066269604,0.5389485964745847,0.4001834666899879,0.7981349708517324,0.5895833101608163,6
2025-09-26,WMT,0,0.4580866576643176,0.4306774228209944,0.4144449593209048,0.19948317526313286,0.3756730537673374,6
2025-09-26,XOM,1,0.4440559617112259,0.41528884665168164,0.4111075733061248,0.3288093363618817,0.3998154295077285,6
2025-09-29,AAPL,0,0.5150565512579944,0.5431947613708213,0.516118093494571,0.49191131737650295,0.5165701808749724,6
2025-09-29,CAT,1,0.5207341571271447,0.5399157622202347,0.5189303238489791,0.35518062127521527,0.4836902161178934,6
2025-09-29,DIS,0,0.4853070521424067,0.4651446838729892,0.4667655627097809,0.623058333124383,0.5100689079623899,6
2025-09-29,GE,1,0.473616698090778,0.4817755786830348,0.46888647376337517,0.24400786270840244,0.41707165331139756,6
2025-09-29,GS,0,0.572958336907278,0.5394670547588956,0.5897561607877059,0.5989002438071994,0.5752704490652697,6
2025-09-29,IBM,0,0.5349474064522588,0.5835299318404193,0.5700546585508485,0.343223907219255,0.5079389760156954,6
2025-09-29,JPM,0,0.5336026684023623,0.5388155240603864,0.5029050282596579,0.5654176343091103,0.5351852137578792,6
2025-09-29,KO,1,0.4029098600846656,0.41679071691135217,0.32179558912847545,0.34883629955035383,0.3725831164187117,6
2025-09-29,MSFT,1,0.4671774872527092,0.4455265760828121,0.4510007771100492,0.43318825057413013,0.44922327275492513,6
2025-09-29,UNH,1,0.6263497310422429,0.5360843566523952,0.4001834666899879,0.8441753370065035,0.6016982228477823,6
2025-09-29,WMT,1,0.45347726638118097,0.4281482320755541,0.4144449593209048,0.35500495325923087,0.4127688527592177,6
2025-09-29,XOM,0,0.45450813548472957,0.4227347509684532,0.44759403498771355,0.4020487443106588,0.4317214164378888,6
2025-09-30,AAPL,0,0.5144116063130626,0.5391128768645692,0.516118093494571,0.5526126583291845,0.5305638087503468,6
2025-09-30,CAT,1,0.5208097601534779,0.5420732277989021,0.5250471127453422,0.6584931203392073,0.5616058052592323,6
2025-09-30,DIS,0,0.483877179391054,0.47998747287645116,0.4667655627097809,0.594269320793264,0.5062248839426375,6
2025-09-30,GE,1,0.48271115904456624,0.49802964369550934,0.4977295181133334,0.16794400775639431,0.4116035821524508,6
2025-09-30,GS,0,0.5518927446062671,0.5724270544921469,0.5892054207769759,0.3583841345266549,0.5179773386005112,6
2025-09-30,IBM,0,0.5379060027538253,0.5785833306285946,0.5700546585508485,0.38965243566226176,0.5190491068988825,6
2025-09-30,JPM,1,0.5172711603044867,0.5447887165478121,0.5023360815752523,0.39904167507274996,0.4908594083750753,6
2025-09-30,KO,1,0.4017929402084612,0.44836139913917383,0.26074867800428875,0.3544730681853088,0.3663440213843081,6
2025-09-30,MSFT,0,0.4657944335212263,0.43406655532630445,0.4510007771100492,0.3476758971385265,0.4246344157740266,6
2025-09-30,UNH,1,0.6205735440034557,0.5424706106450493,0.4001834666899879,0.679290100741946,0.5606294305201097,6
2025-09-30,WMT,1,0.4534544962574059,0.4244698247003037,0.4144449593209048,0.2691467722029123,0.3903790131203817,6
2025-09-30,XOM,0,0.45607678300510496,0.45072848339389743,0.44759403498771355,0.4572436483801269,0.45291073744171073,6
2025-10-01,AAPL,0,0.513560013164671,0.5236175951124843,0.5158878198067726,0.6463435663590368,0.5498522486107412,6
2025-10-01,CAT,1,0.5161735025028342,0.5743403773498044,0.5632100731378763,0.540822993547395,0.5486367366344774,6
2025-10-01,DIS,1,0.48655836122937784,0.493431227465134,0.4881138072740897,0.4657551961985614,0.4834646480417908,6
2025-10-01,GE,1,0.48063885530962047,0.5128689664146004,0.4977295181133334,0.16705828314107626,0.41457390574465763,6
2025-10-01,GS,0,0.5642009834628058,0.6060709684678497,0.6033892639855246,0.6067811597385465,0.5951105939136817,6
2025-10-01,IBM,0,0.5391563281665143,0.5698877130449055,0.5494557816134465,0.4134172188219462,0.5179792604117032,6
2025-10-01,JPM,0,0.5324863494131381,0.5240277145118396,0.5023360815752523,0.4752679044274947,0.5085295124819312,6
2025-10-01,KO,1,0.400220359804695,0.39533028147048094,0.32179558912847545,0.3038917995997924,0.355309507500861,6
2025-10-01,MSFT,0,0.46257847684490333,0.42900891347589554,0.44759403498771355,0.3612841410443899,0.42511639158822556,6
2025-10-01,UNH,1,0.6126450165820414,0.5438754435779469,0.33273611073041476,0.7657503758031583,0.5637517366733904,6
2025-10-01,WMT,1,0.4501817731229099,0.4215309922482605,0.4111075733061248,0.36627421728607124,0.4122736389908416,6
2025-10-01,XOM,0,0.462424765028031,0.4652297377798494,0.44759403498771355,0.5726794237572624,0.4869819903882141,6
2025-10-02,AAPL,0,0.5101808439305563,0.4965087579540016,0.5032451254515027,0.36417007992501155,0.46852620181526805,6
2025-10-02,CAT,1,0.52215429526007,0.5727892269382779,0.5643914546185247,0.569879934030244,0.5573037277117792,6
2025-10-02,DIS,1,0.4894860980697439,0.4833798891450094,0.47231078666989174,0.4761780094365281,0.4803386958302933,6
2025-10-02,GE,1,0.48526898299751237,0.5069960523857387,0.4977295181133334,0.10069362311974688,0.39767204415408286,6
2025-10-02,GS,0,0.5710804602409147,0.5943894676425698,0.6039337706748363,0.6761975018344185,0.6114003000981849,6
2025-10-02,IBM,0,0.5421804419358405,0.5591959183327503,0.5706123626833769,0.42865247280394203,0.5251602989389774,6
2025-10-02,JPM,1,0.5395388047632984,0.5151924290553613,0.5029050282596579,0.5874262052416918,0.5362656168300024,6
2025-10-02,KO,1,0.4012719875946831,0.4094357615285353,0.30677523466147416,0.3322392879838415,0.3624305679421336,6
2025-10-02,MSFT,0,0.4612726484358037,0.42827576309362386,0.44759403498771355,0.34710812872740276,0.42106264381113595,6
2025-10-02,UNH,0,0.6159638994924438,0.5470688122481342,0.33273611073041476,0.8851264870629315,0.595223827383481,6
2025-10-02,WMT,1,0.44650313736065783,0.42891250779691437,0.40975149664094057,0.38430020614071303,0.4173668369848065,6
2025-10-02,XOM,0,0.4678906886220871,0.4592248899505654,0.4510007771100492,0.5236772626041618,0.4754484045717159,6
2025-10-03,AAPL,0,0.5005548736434844,0.4815574326970039,0.4766239951121086,0.4849339456681342,0.48591756178018275,6
2025-10-03,CAT,1,0.5152490375166817,0.5694256158696394,0.5322344237469046,0.7472480396640167,0.5910392791993107,6
2025-10-03,DIS,1,0.49065839889035884,0.4790578797665385,0.47231078666989174,0.4526934769150512,0.47368013556046007,6
2025-10-03,GE,1,0.47635166274837376,0.479100163572061,0.46888647376337517,0.2236937489615037,0.4120080122613284,6
2025-10-03,GS,0,0.5640808712625688,0.6109269973662697,0.6132724178984058,0.7408467173747278,0.6322817509754931,6
2025-10-03,IBM,0,0.5431554113604411,0.5612857479490319,0.5706123626833769,0.40864780835896747,0.5209253325879544,6
2025-10-03,JPM,0,0.5390033245989443,0.5183426518048176,0.5029050282596579,0.4813125328971892,0.5103908843901523,6
2025-10-03,KO,1,0.4072934677371241,0.384533632267006,0.32179558912847545,0.2246452660971319,0.33456698880743435,6
2025-10-03,MSFT,0,0.46834312516370685,0.4390191062933181,0.4510007771100492,0.3488607823021192,0.42680594771729835,6
2025-10-03,UNH,0,0.6113861539382547,0.558704685470113,0.33273611073041476,0.8389109116836418,0.5854344654556061,6
2025-10-03,WMT,1,0.45255228992882046,0.4397571640182444,0.40975149664094057,0.44830869697381054,0.437592411890454,6
2025-10-03,XOM,1,0.4730850743348579,0.4651986336466266,0.4510007771100492,0.44068803102412857,0.4574931290289156,6
2025-10-06,AAPL,1,0.5022313570748432,0.4872622093540775,0.4766239951121086,0.43203994901573234,0.4745393776391904,6
2025-10-06,CAT,1,0.5232155298469392,0.5637033774419351,0.5491183229279626,0.4282277902523753,0.5160662551173031,6
2025-10-06,DIS,0,0.49457295640603666,0.4704186355373331,0.45389190823017,0.44871935342410635,0.4669007133994115,6
2025-10-06,GE,1,0.47430536652028715,0.46539499236906845,0.46888647376337517,0.13100392626519666,0.38489768972948185,6
2025-10-06,GS,0,0.5584183073091664,0.6138201138842264,0.6069863676738686,0.6714962495852719,0.6126802596131333,6
2025-10-06,IBM,0,0.5459437943634904,0.5628430693060616,0.5706123626833769,0.5238611154309851,0.5508150854459786,6
2025-10-06,JPM,0,0.5115196108464948,0.5596569908473932,0.5920622252729956,0.5685911300580806,0.5579574892562411,6
2025-10-06,KO,1,0.4030125443180386,0.395293905516902,0.32179558912847545,0.2922220569211999,0.353081023971154,6
2025-10-06,MSFT,0,0.46373025150951225,0.44659268362424076,0.44759403498771355,0.4114485360384805,0.4423413765399868,6
2025-10-06,UNH,0,0.6213462462817126,0.5513299201016475,0.4001834666899879,0.787469375587705,0.5900822521652632,6
2025-10-06,WMT,1,0.44584813553709984,0.43570631483276845,0.42636893562599354,0.4201818626448295,0.4320263121601728,6
2025-10-06,XOM,1,0.47959684758399956,0.45050078161377893,0.44312226706613855,0.27663036952376346,0.41246256644692014,6
2025-10-07,AAPL,1,0.5078984146738422,0.5172165042511511,0.5032451254515027,0.23530459650763216,0.440916160221032,6
2025-10-07,CAT,1,0.5337934574697164,0.5547127019641498,0.5544723441110707,0.6391787401562963,0.5705393109253083,6
2025-10-07,DIS,0,0.49381881337475936,0.4598348064628782,0.4463426756400568,0.42257893997211404,0.4556438088624521,6
2025-10-07,GE,1,0.4776656915834887,0.4964030835195891,0.4977295181133334,0.11851178322476057,0.397577519110293,6
2025-10-07,GS,0,0.5606448716961943,0.6018275314234007,0.6069863676738686,0.7390949184934442,0.6271384223217269,6
2025-10-07,IBM,1,0.5281603497115693,0.5927454136038038,0.5700546585508485,0.5250459800764621,0.5540016004856709,6
2025-10-07,JPM,0,0.5101309480283455,0.567854055855937,0.5915124368001782,0.6358791929470443,0.5763441584078762,6
2025-10-07,KO,1,0.40773423094796,0.38952422796700326,0.3132996760081005,0.13606405358451418,0.31165554712689447,6
2025-10-07,MSFT,0,0.472408383878623,0.4363091258512295,0.4510007771100492,0.24609331458437206,0.40145290035606845,6
2025-10-07,UNH,0,0.6191110531400278,0.5550621411605298,0.4001834666899879,0.782225032416987,0.5891454233518831,6
2025-10-07,WMT,1,0.4387350169951886,0.4263344168140148,0.4359843110803427,0.42492639657397,0.431495035365879,6
2025-10-07,XOM,0,0.477882185544445,0.44243857060065156,0.44312226706613855,0.2944599336732556,0.4144757392211227,6
2025-10-08,AAPL,1,0.5071892117473796,0.5178102950185595,0.5158878198067726,0.23050145434508124,0.4428471952294482,6
2025-10-08,CAT,0,0.5162079554216736,0.565007929981051,0.5314086085210399,0.6010966459601895,0.5534302849709886,6
2025-10-08,DIS,1,0.48895108670575793,0.47975253402992035,0.46260332889164124,0.44730133661745236,0.469652071561193,6
2025-10-08,GE,1,0.4767682556148532,0.4964030835195891,0.4977295181133334,0.12431343829111001,0.39880357388472143,6
2025-10-08,GS,0,0.544054497964187,0.6186874450625541,0.6563897334470679,0.41431146700921373,0.5583607858707557,6
2025-10-08,IBM,1,0.5366434684553953,0.5792013669941833,0.5700546585508485,0.42221724071515276,0.527029183678895,6
2025-10-08,JPM,0,0.5122460821500907,0.5655488657982982,0.5920622252729956,0.313084816708368,0.49573549748243817,6
2025-10-08,KO,1,0.40971948363382643,0.3996106791500959,0.3132996760081005,0.23163129355030138,0.33856528308558104,6
2025-10-08,MSFT,0,0.4744030490040695,0.4391761313028527,0.4510007771100492,0.26930545026808483,0.40847135192126405,6
2025-10-08,UNH,1,0.5999117403800813,0.5979641123300443,0.4145301630244723,0.8634208786112784,0.6189567235864691,6
2025-10-08,WMT,0,0.4429415668650781,0.4200807262519094,0.41926602553984454,0.41940518383606945,0.4254233756232254,6
2025-10-08,XOM,0,0.4747868427006604,0.43852176278146715,0.44312226706613855,0.3123097270361693,0.4171851498961089,6
2025-10-09,AAPL,1,0.5107795679431375,0.5238991553896114,0.5208087701358715,0.2126784930497562,0.44204149662959413,6
2025-10-09,CAT,0,0.5254380980829871,0.5416200554452748,0.5314086085210399,0.5530503762693426,0.5378792845796612,6
2025-10-09,DIS,1,0.4891781013543254,0.46955020328945735,0.46260332889164124,0.4692041516255288,0.4726339462902382,6
2025-10-09,GE,0,0.46510170104757803,0.45720220567100806,0.46888647376337517,0.34579798976520526,0.4342470925617916,6
2025-10-09,GS,0,0.5451105313853609,0.5559793960696469,0.494300812555817,0.330769561819361,0.4815400754575465,6
2025-10-09,IBM,1,0.5363555776536256,0.5846829054205046,0.5706123626833769,0.39266116831264813,0.5210780035175389,6
2025-10-09,JPM,0,0.5053998185588323,0.567793296593189,0.5920622252729956,0.34991819505683575,0.5037933838704631,6
2025-10-09,KO,1,0.4086796676876625,0.38493906247080256,0.3174825884827832,0.13108222468984604,0.31054588583277354,6
2025-10-09,MSFT,1,0.4687366290852649,0.43197197506024354,0.4510007771100492,0.3104590521574073,0.41554210835324124,6
2025-10-09,UNH,0,0.6034719079550099,0.5978597986494131,0.4458180780981984,0.8796483316646911,0.6316995290918281,6
2025-10-09,WMT,0,0.43791182855389466,0.4191873465846677,0.41591739251210824,0.3301529964079008,0.40079239101464287,6
2025-10-09,XOM,1,0.4754767645140388,0.42699418596877836,0.44312226706613855,0.3605081209762299,0.42652533463129644,6
2025-10-10,AAPL,1,0.5166525567448716,0.5308541244709377,0.5266117463079164,0.3182235157080327,0.4730854858079396,6
2025-10-10,CAT,0,0.5171290518831773,0.5433755838203622,0.5293086864791854,0.6333732322737213,0.5557966386141115,6
2025-10-10,DIS,1,0.476446882605829,0.4404896096493311,0.45918224832024446,0.4717459372080425,0.4619661694458618,6
2025-10-10,GE,1,0.4906257935428471,0.4935192455694978,0.4609578579540522,0.2361573328687671,0.42031505748379105,6
2025-10-10,GS,0,0.5190954754628019,0.5379772469452877,0.5072937948496942,0.43601850443899925,0.5000962554241958,6
2025-10-10,IBM,1,0.5480821806084619,0.5405881009225955,0.5581748411392523,0.40659427707009405,0.513359849935101,6
2025-10-10,JPM,0,0.49204199640138185,0.5766676996037776,0.478424847178416,0.38932119801173254,0.484113935298827,6
2025-10-10,KO,1,0.39819168020618473,0.3775568527421807,0.33059195362037913,0.34583006506755926,0.3630426379090759,6
2025-10-10,MSFT,0,0.4743154832713545,0.4246350459172337,0.4397273701504097,0.22898199524393284,0.3919149736457327,6
2025-10-10,UNH,0,0.5911584604648048,0.5908639321406158,0.38909063730794996,0.7380791895387792,0.5772980548630374,6
2025-10-10,WMT,0,0.42741758828687954,0.43028760768940044,0.4944615615352237,0.3534213336937553,0.42639702280131475,6
2025-10-10,XOM,1,0.47964656221898455,0.4477859861127305,0.44312226706613855,0.4784801103241048,0.46225873143048957,6
2025-10-13,AAPL,1,0.5217708593962016,0.5278066580612212,0.527179062356124,0.2892165130146929,0.46649327320705997,6
2025-10-13,CAT,0,0.5374963004802531,0.5410817903785163,0.5544723441110707,0.6314834231846971,0.5661334645386342,6
2025-10-13,DIS,0,0.4844265697014933,0.44721293914725796,0.46260332889164124,0.51856405557268,0.4782017233282681,6
2025-10-13,GE,0,0.5058780163033575,0.5034637642983566,0.4815193969148604,0.27475047013354265,0.44140291191252923,6
2025-10-13,GS,1,0.528324969837064,0.541240300491513,0.4887752758742587,0.5237617438514173,0.5205255725135632,6
2025-10-13,IBM,1,0.5443684002100906,0.5525776653405229,0.560388330048067,0.5640169273214403,0.5553378307300302,6
2025-10-13,JPM,0,0.49850901125925556,0.5654939621140707,0.5490350805422337,0.5108946654442111,0.5309831798399428,6
2025-10-13,KO,1,0.4040920930512033,0.3850090360631218,0.3174825884827832,0.11796178610267705,0.30613637592494636,6
2025-10-13,MSFT,1,0.4843382266022754,0.4570243379727966,0.44312226706613855,0.4175237116963484,0.45050213583438975,6
2025-10-13,UNH,0,0.5882652325269888,0.5834801810569028,0.5895717333750252,0.7178414528761247,0.6197896499587604,6
2025-10-13,WMT,0,0.4356043879233035,0.4620852937546228,0.49790349896779634,0.4190895985368677,0.4536706947956476,6
2025-10-13,XOM,1,0.4900588939426665,0.45152303780324266,0.44312226706613855,0.4895347000082687,0.4685597247050791,6
2025-10-14,AAPL,1,0.5191784893666948,0.5146470529438454,0.5250127609555133,0.31225114551039457,0.467772362194112,6
2025-10-14,CAT,0,0.5211658801521638,0.537892621746446,0.5431766088086022,0.553371172529338,0.5389015708091376,6
2025-10-14,DIS,0,0.4853407190285928,0.44756349308894183,0.4701940212529478,0.4814329061614891,0.47113278488299287,6
2025-10-14,GE,1,0.5025597505027893,0.4894133213556291,0.4609578579540522,0.2528305233747534,0.426440363296806,6
2025-10-14,GS,1,0.5006232039239134,0.5244432064642306,0.5416848253823078,0.47532396410505123,0.5105187999688757,6
2025-10-14,IBM,1,0.5457269526287649,0.5512165782512326,0.5581748411392523,0.6687617635905503,0.5809700339024501,6
2025-10-14,JPM,0,0.48314730764929015,0.5633917026743589,0.542928099443041,0.3821463253734869,0.49290335878504427,6
2025-10-14,KO,0,0.4070867670450212,0.38451386329172993,0.3174825884827832,0.17800641808292586,0.32177240922561506,6
2025-10-14,MSFT,1,0.4797210583750055,0.4503610536149559,0.44312226706613855,0.5645812980336927,0.48444641927244814,6
2025-10-14,UNH,0,0.5890009885972204,0.5853792650245591,0.5895717333750252,0.7756255153721322,0.6348943755922342,6
2025-10-14,WMT,0,0.43639742500622025,0.41384169801373794,0.4111075733061248,0.2368235860517604,0.3745425705944609,6
2025-10-14,XOM,1,0.48820636704826925,0.450053093701791,0.44312226706613855,0.47466482648781566,0.46401163857600364,6
2025-10-15,AAPL,1,0.5196735546773189,0.5150550803844817,0.5250127609555133,0.32143825527589753,0.4702949128233028,6
2025-10-15,CAT,0,0.542975726298773,0.5568597909144894,0.5431766088086022,0.4340483592891922,0.5192651213277643,6
2025-10-15,DIS,0,0.487332682014793,0.4696044267931773,0.4701940212529478,0.47034840176427695,0.4743698829562988,6
2025-10-15,GE,0,0.49532171295826455,0.46418538677058574,0.4609578579540522,0.3700679161542724,0.4476332184592937,6
2025-10-15,GS,1,0.519732730259355,0.5265964544802658,0.5023360815752523,0.4852143013905253,0.5084698919263496,6
2025-10-15,IBM,1,0.5453137893752888,0.5514916882444794,0.560388330048067,0.4545444011048087,0.527934552193161,6
2025-10-15,JPM,1,0.4989408835854653,0.5521999217771456,0.542928099443041,0.4340464428779145,0.5070288369208916,6
2025-10-15,KO,0,0.4110080342848245,0.38594884614990355,0.3174825884827832,0.06823238929062667,0.2956679645520345,6
2025-10-15,MSFT,1,0.47913980237175224,0.4537292418621333,0.44312226706613855,0.526786209977203,0.4756943803193068,6
2025-10-15,UNH,0,0.5925925579163577,0.5806176140729457,0.5895717333750252,0.9075665147901435,0.667587105038618,6
2025-10-15,WMT,0,0.45170966363222753,0.4071690319068189,0.4111075733061248,0.4223731246268071,0.42308984836799457,6
2025-10-15,XOM,1,0.47905472000823035,0.444922168714982,0.44312226706613855,0.5436696990447121,0.4776922137085157,6
2025-10-16,AAPL,1,0.5165796546569081,0.5353592839740318,0.527179062356124,0.3378634041194474,0.4792453512766278,6
2025-10-16,CAT,1,0.5301304783555744,0.5418819875079068,0.541984383160597,0.5785176457298663,0.5481286236884861,6
2025-10-16,DIS,0,0.48689394018259347,0.4481881366772775,0.4750226384293124,0.48133093466941934,0.47285891248965073,6
2025-10-16,GE,1,0.4952260042784201,0.452217429629854,0.4609578579540522,0.31204070795207817,0.4301104999536011,6
2025-10-16,GS,1,0.5209645169696264,0.5259698632441507,0.5023360815752523,0.5347797080970068,0.5210125424715091,6
2025-10-16,IBM,1,0.5498293643527012,0.5492110690713885,0.5581748411392523,0.5256168936145434,0.5457080420444714,6
2025-10-16,JPM,0,0.5118566372628963,0.5484118137854089,0.544119934827685,0.4072775607486343,0.5029164866561561,6
2025-10-16,KO,0,0.3969292651341046,0.3866434750680606,0.3174825884827832,0.22228436862184062,0.33083492432669726,6
2025-10-16,MSFT,1,0.4763127622459934,0.45283184099903373,0.44312226706613855,0.55156977003278,0.4809591600859864,6
2025-10-16,UNH,0,0.588293562970732,0.5720475448638175,0.5895717333750252,0.866836464033389,0.654187326310741,6
2025-10-16,WMT,0,0.46512200580800084,0.4531810346873336,0.44759403498771355,0.38878146907231914,0.4386696361388418,6
2025-10-16,XOM,0,0.4739994772116043,0.4539383770573508,0.44312226706613855,0.5897950402767459,0.49021379040295987,6
2025-10-17,AAPL,1,0.5132642033197362,0.5373358729743074,0.527179062356124,0.6214995515647067,0.5498196725537187,6
2025-10-17,CAT,1,0.5261989300277636,0.5557878779131207,0.5398908199678183,0.5185571194444276,0.5351086868382826,6
2025-10-17,DIS,0,0.48172733568701726,0.43776529353700805,0.47159031116344446,0.4779896633745818,0.4672681509405129,6
2025-10-17,GE,1,0.46916114554760907,0.44801970316506273,0.4624650285390886,0.5909380138249894,0.4926459727691874,6
2025-10-17,GS,1,0.5179665555233572,0.5315064167752729,0.49957355596786973,0.5033985300747046,0.5131112645853011,6
2025-10-17,IBM,1,0.5381623287209107,0.5445217224523591,0.5576135068727911,0.4840033652497391,0.5310752308239499,6
2025-10-17,JPM,1,0.5097912319885761,0.547121459817789,0.544119934827685,0.5284984225369905,0.5323827622927602,6
2025-10-17,KO,0,0.4018117399970785,0.39024446881255404,0.3174825884827832,0.2457434167815999,0.33882055351850393,6
2025-10-17,MSFT,0,0.4701270231960336,0.42502429956378807,0.44312226706613855,0.37194369462310267,0.4275543211122657,6
2025-10-17,UNH,0,0.583968352977848,0.5957958262016881,0.6261255695919002,0.9192105082017547,0.6812750642432978,6
2025-10-17,WMT,0,0.47093004201420535,0.474492012210795,0.4510007771100492,0.5215358978063006,0.4794896822853375,6
2025-10-17,XOM,0,0.4735568142765387,0.4320335686148515,0.44312226706613855,0.5451688778194425,0.47347038194424274,6
2025-10-20,AAPL,1,0.5043879612590044,0.5444291226775377,0.544119934827685,0.6652482202215073,0.5645463097464336,6
2025-10-20,CAT,1,0.5335714495777223,0.5633691808518732,0.5404561092703737,0.7796465328978713,0.6042608181494601,6
2025-10-20,DIS,1,0.4909969399091299,0.4563338714288281,0.4750226384293124,0.5127607681086445,0.48377855446897866,6
2025-10-20,GE,1,0.4585290391093051,0.4386971407004811,0.4624650285390886,0.46303699026162115,0.455682049652624,6
2025-10-20,GS,1,0.5355523692003163,0.5129250910295812,0.5001425182353719,0.45492602118946157,0.5008864999136827,6
2025-10-20,IBM,0,0.5407446648764904,0.5427001384329178,0.5581748411392523,0.5581705154111173,0.5499475399649445,6
2025-10-20,JPM,1,0.5257601997221905,0.5639954770184664,0.5552113456826177,0.618823498798424,0.5659476303054247,6
2025-10-20,KO,0,0.39796779292315176,0.40943647248615883,0.4662302557332473,0.38022624911828246,0.4134651925652101,6
2025-10-20,MSFT,0,0.4707059250341538,0.43769286932188606,0.44312226706613855,0.42772693380330645,0.44481199880637123,6
2025-10-20,UNH,0,0.5876225956138336,0.5835538483253977,0.593246496397215,0.916019023564996,0.6701104909753606,6
2025-10-20,WMT,0,0.47228212433524164,0.44223086857203675,0.4510007771100492,0.38186354743736217,0.43684432936367246,6
2025-10-20,XOM,0,0.48265276293251635,0.4383375198346461,0.44312226706613855,0.5803228752513082,0.4861088562711523,6
2025-10-21,AAPL,1,0.5084756026248979,0.5684365611878952,0.5544221083902724,0.44802370746417947,0.5198394949168113,7
2025-10-21,CAT,1,0.5401680375799688,0.5571580041182994,0.5251766257258179,0.5789856477848511,0.5503720788022343,7
2025-10-21,DIS,1,0.49271074304958573,0.45531568115729987,0.4619177532763048,0.4306887289652948,0.4601582266121213,7
2025-10-21,GE,1,0.4394381823475739,0.4348974767162065,0.467508528964338,0.3693957642525692,0.4278099880701719,7
2025-10-21,GS,1,0.5245678019155525,0.5088998810181301,0.5119595400438555,0.6389766763172079,0.5461009748236865,7
2025-10-21,IBM,0,0.5394311228377263,0.5188880600136987,0.5095754222358041,0.6004134156586706,0.542077005186475,7
2025-10-21,JPM,1,0.5242704404455553,0.5811767194150175,0.5649234279556968,0.6814268244396194,0.5879493530639722,7
2025-10-21,KO,0,0.4116963415661866,0.4431744806233315,0.5044901654670716,0.21820189876299526,0.3943907216048962,7
2025-10-21,MSFT,0,0.46804741319873344,0.4487546128289034,0.45124097905686633,0.37379591361735914,0.4354597296754656,7
2025-10-21,UNH,0,0.5750049494545234,0.5336033879884354,0.5154826990256959,0.4410138672115126,0.5162762259200419,7
2025-10-21,WMT,0,0.4831637486842655,0.4801297179236735,0.47475703185413515,0.5616023377996294,0.4999132090654259,7
2025-10-21,XOM,0,0.48345432259414844,0.460156248831468,0.4515362713504889,0.6197547318016797,0.5037253936444462,7
2025-10-22,AAPL,1,0.5147569542731109,0.5629310561828919,0.5544221083902724,0.5127458772639462,0.5362139990275553,7
2025-10-22,CAT,1,0.5292320323742877,0.5794163561795329,0.5368960233316334,0.4155257856284512,0.5152675493784764,7
2025-10-22,DIS,1,0.4970538640777269,0.4562010035865548,0.4619177532763048,0.3990193587865032,0.45354799493177245,7
2025-10-22,GE,0,0.474100269878259,0.46933865228059124,0.4881332753721357,0.4692405956532396,0.4752031982960564,7
2025-10-22,GS,1,0.5274038005796732,0.5011912257580187,0.5116561023604276,0.6863214862004431,0.5566431537246406,7
2025-10-22,IBM,0,0.49040495931914935,0.526097290029823,0.5231076736031284,0.3627021518849382,0.47557801870925975,7
2025-10-22,JPM,1,0.5261079944023322,0.5816211302039365,0.5649234279556968,0.5719317530439805,0.5611460764014866,7
2025-10-22,KO,0,0.440190530845757,0.44083438665300817,0.4886867653631629,0.5129798849233206,0.4706728919463121,7
2025-10-22,MSFT,0,0.46509361178767566,0.4251641517838566,0.44325648032193415,0.2554685110660155,0.3972456887398705,7
2025-10-22,UNH,0,0.562474548864906,0.5393992458609979,0.5201437671156491,0.45633579035905386,0.5195883380501517,7
2025-10-22,WMT,0,0.48412259472765373,0.49034821420888725,0.47475703185413515,0.5088320048812901,0.48951496141799156,7
2025-10-22,XOM,1,0.47136601475967943,0.45282860720683604,0.45124097905686633,0.45138384676993093,0.45670486194832816,7
2025-10-23,AAPL,1,0.5206946938471645,0.5567074527115536,0.5544221083902724,0.4384180115716411,0.5175605666301579,7
2025-10-23,CAT,0,0.5479361174503994,0.572878152226917,0.5458013263426056,0.33481682206012064,0.5003581045200106,7
2025-10-23,DIS,1,0.49435346774411726,0.47751999252310445,0.49429806021598455,0.3941371031871145,0.46507715591758014,7
2025-10-23,GE,0,0.5079889334716312,0.5171459548665351,0.5007680561567661,0.6085173930888325,0.5336050843959412,7
2025-10-23,GS,1,0.5348845536798256,0.5085345239729081,0.5119595400438555,0.6562550401986685,0.5529084144738144,7
2025-10-23,IBM,1,0.472761141550179,0.5191776200523123,0.597364799039929,0.384352277578451,0.4934139595552178,7
2025-10-23,JPM,1,0.5312745512124503,0.588566159290733,0.5649234279556968,0.7173283604878684,0.6005231247366871,7
2025-10-23,KO,1,0.45010844493200336,0.470437862652083,0.4930532865261212,0.44398729505498485,0.4643967222912981,7
2025-10-23,MSFT,0,0.47023635991568924,0.43775456220205344,0.45124097905686633,0.37435243472856433,0.4333960839757933,7
2025-10-23,UNH,0,0.5612348987048978,0.5370432876663849,0.5154826990256959,0.4886104690931731,0.5255928386225379,7
2025-10-23,WMT,0,0.48183390988677255,0.48704110062472356,0.47010422935120466,0.4580792926725831,0.47426463313382095,7
2025-10-23,XOM,0,0.4686028963429198,0.4265993952012856,0.44005761554867384,0.34437638588615527,0.4199090732447586,7
2025-10-24,AAPL,0,0.5151120812020978,0.5611837529804423,0.5544221083902724,0.49135178951738656,0.5305174330225497,7
2025-10-24,CAT,0,0.5446914927150052,0.584386373512832,0.5458013263426056,0.5442827785121819,0.5547904927706562,7
2025-10-24,DIS,0,0.492354015238085,0.46054262043753863,0.44610318290050366,0.45982845305069053,0.46470706790670446,7
2025-10-24,GE,0,0.49885280665670123,0.49511702319056666,0.48989386196392504,0.4314265474367239,0.4788225598119792,7
2025-10-24,GS,1,0.5558244457692167,0.5092889813306011,0.5129747248872845,0.18260920075478546,0.44017433818547197,7
2025-10-24,IBM,1,0.5093180691705221,0.5129018405877324,0.5675222622539055,0.18153593578230806,0.442819526948617,7
2025-10-24,JPM,1,0.5369712220277484,0.5869867047248312,0.5603296550797621,0.7029334480840823,0.596805257479106,7
2025-10-24,KO,1,0.44480385445666754,0.4395637391667734,0.47025082932035644,0.4557943503135126,0.4526031933143275,7
2025-10-24,MSFT,0,0.4685863329241619,0.4415189751521346,0.45124097905686633,0.2986416948481356,0.4149969954953246,7
2025-10-24,UNH,0,0.5581973961598239,0.5386535248199503,0.5154826990256959,0.5316000112337705,0.5359834078098101,7
2025-10-24,WMT,1,0.48029197455098493,0.4836531725593681,0.4397434294674517,0.6633332982799599,0.5167554687144412,7
2025-10-24,XOM,1,0.4767214860541176,0.45393853175930515,0.47010422935120466,0.5724332573300154,0.4932993761236607,7
2025-10-27,AAPL,0,0.520570976202936,0.5558872836091738,0.5544221083902724,0.5489139582861162,0.5449485816221247,7
2025-10-27,CAT,0,0.5419502679364347,0.5683987373082369,0.5458013263426056,0.52027343735978,0.5441059422367643,7
2025-10-27,DIS,0,0.4939595410179555,0.4653948010751733,0.44610318290050366,0.5236875452068224,0.48228626755011367,7
2025-10-27,GE,0,0.5165759868170352,0.5111860704222145,0.489452035461429,0.7081937060157243,0.5563519496791007,7
2025-10-27,GS,1,0.5681218913418321,0.5077396317165158,0.5132781226423078,0.3304542707808473,0.47989847912037575,7
2025-10-27,IBM,1,0.5352096544217382,0.5245500554428293,0.5760068311206399,0.34330073399921096,0.49476681874610456,7
2025-10-27,JPM,1,0.5439815822663021,0.587087280361719,0.5603296550797621,0.7840989285389279,0.6188743615616777,7
2025-10-27,KO,1,0.45190786573596653,0.45788991636627757,0.47025082932035644,0.40617190980243445,0.4465551303062587,7
2025-10-27,MSFT,0,0.46896016302181004,0.44188640391808187,0.44325648032193415,0.35897604097294183,0.428269772058692,7
2025-10-27,UNH,0,0.5451155090110581,0.5162731835604116,0.5101249512734092,0.7021604660541416,0.5684185274747551,7
2025-10-27,WMT,1,0.46782259984513774,0.4780927427034095,0.4212585329386,0.3665160205757396,0.4334224740157217,7
2025-10-27,XOM,1,0.4715236163072504,0.4681254729290981,0.47879299490745114,0.44513177992407943,0.4658934660169698,7
2025-10-28,AAPL,0,0.5215505973931766,0.556515060469733,0.5544221083902724,0.5265916483486317,0.5397698536504534,7
2025-10-28,CAT,0,0.5357031217764213,0.5807203125122931,0.5455002501994769,0.5723194921326525,0.558560794155211,7
2025-10-28,DIS,0,0.4898060404672944,0.4685294927649637,0.45072049182508184,0.4152615032940845,0.4560793820878561,7
2025-10-28,GE,1,0.530174292028209,0.5359224252670267,0.5007680561567661,0.7662371806614132,0.5832754885283538,7
2025-10-28,GS,1,0.571408176677847,0.5037783256361743,0.5132781226423078,0.33454399762894843,0.4807521556463194,7
2025-10-28,IBM,1,0.5471474821824244,0.5266572747063079,0.5732383694814653,0.31537356088933294,0.4906041718148826,7
2025-10-28,JPM,1,0.5395401695652698,0.5836831910110081,0.5603296550797621,0.6461698933033805,0.5824307272398551,7
2025-10-28,KO,1,0.45531662673738443,0.47345682013510554,0.482963827041502,0.41839020062737303,0.45753186863534123,7
2025-10-28,MSFT,0,0.45715347003274515,0.4131496219465478,0.44005761554867384,0.42895993917737735,0.434830161676336,7
2025-10-28,UNH,0,0.5324544180993322,0.5121639339367173,0.5069907333545125,0.5018876352595376,0.5133741801625249,7
2025-10-28,WMT,0,0.47245143222605895,0.5138135985619521,0.4322764745886993,0.5904519730243784,0.5022483696002722,7
2025-10-28,XOM,1,0.4661477390080628,0.47318370910199353,0.4927332874702626,0.4598668143077758,0.47298288747202366,7
2025-10-29,AAPL,0,0.514756074038879,0.5668394473969761,0.5541220784352651,0.5725117080120384,0.5520573269707896,7
2025-10-29,CAT,1,0.5508794036583955,0.5363380640922663,0.4204277701676684,0.14089918856566716,0.4121361066209993,7
2025-10-29,DIS,1,0.4906371347419468,0.4682520237698416,0.45072049182508184,0.38992198657833094,0.4498829092288003,7
2025-10-29,GE,0,0.5113757828218312,0.519737798529711,0.49269402260222517,0.6763006127569822,0.5500270541776874,7
2025-10-29,GS,1,0.5562900258891665,0.5150625180902774,0.5129747248872845,0.1557859331951208,0.43502830051546226,7
2025-10-29,IBM,1,0.5481349375320834,0.5611074697124749,0.5650387571265357,0.5867009044192907,0.5652455171975962,7
2025-10-29,JPM,0,0.5336162375959584,0.59227857148972,0.5603296550797621,0.5369006188622264,0.5557812707569167,7
2025-10-29,KO,1,0.4437778976110152,0.4623490807668464,0.5315710086598618,0.699428695848299,0.5342816707215057,7
2025-10-29,MSFT,0,0.45695769708841333,0.42063006899840366,0.4558842999622784,0.4092075392715024,0.4356699013301495,7
2025-10-29,UNH,0,0.5241138144293257,0.523744212387915,0.5119595400438555,0.6345668304276116,0.5485960993221769,7
2025-10-29,WMT,0,0.4763169797004231,0.5160689838007495,0.4322764745886993,0.6255150503395456,0.5125443721073544,7
2025-10-29,XOM,1,0.4637823249838182,0.47094312976396724,0.47879299490745114,0.43970870463893746,0.4633067885735435,7
2025-10-30,AAPL,0,0.5003078206018545,0.5726632970018792,0.5541220784352651,0.6113677588205195,0.5596152387148796,7
2025-10-30,CAT,0,0.5803809780698255,0.5508824364037233,0.5421197033212007,0.812786111142102,0.6215423072342128,7
2025-10-30,DIS,1,0.4862699262813494,0.44837253126713394,0.44273777243630935,0.3906652058970646,0.4420113589704643,7
2025-10-30,GE,0,0.5212343237275037,0.5183903318213836,0.49269402260222517,0.5735814992036076,0.52647504433868,7
2025-10-30,GS,1,0.566949997354273,0.5174251888661066,0.5132781226423078,0.24112191682272052,0.459693806421352,7
2025-10-30,IBM,0,0.5452020913600605,0.543643713059165,0.5571324354177596,0.44729623376780353,0.5233186184011972,7
2025-10-30,JPM,1,0.5325119327189585,0.5914864585880892,0.5603296550797621,0.5072777506734613,0.5479014492650678,7
2025-10-30,KO,1,0.4541828008529468,0.47459020145171865,0.49771988097095216,0.6293448281478065,0.513959427855856,7
2025-10-30,MSFT,0,0.4680306313170506,0.42141336188090195,0.4558842999622784,0.3549492557978898,0.4250693872395302,7
2025-10-30,UNH,1,0.5123597890686825,0.5680154621043877,0.5590290292730963,0.5830258757766861,0.5556075390557131,7
2025-10-30,WMT,0,0.4810031752086558,0.5126865551102212,0.4817786175473044,0.46629252924564746,0.4854402192779572,7
2025-10-30,XOM,1,0.4598741137439647,0.4472302711185619,0.47215853222442605,0.2564733233492675,0.4089340601090551,7
2025-10-31,AAPL,1,0.4960962385997744,0.5623274967268178,0.5541220784352651,0.6696539245158769,0.5705499345694336,7
2025-10-31,CAT,0,0.5682831183571305,0.57581706278941,0.5946866110238288,0.7248195910887664,0.615901595814784,7
2025-10-31,DIS,0,0.4773304594799531,0.41579225693857025,0.44005761554867384,0.33925553128516595,0.4181089658130908,7
2025-10-31,GE,0,0.51442600453503,0.5062508680182776,0.489452035461429,0.510123476398251,0.505063096103247,7
2025-10-31,GS,1,0.5744441632800383,0.5077448679774774,0.5132781226423078,0.5902032520592326,0.546417601489764,7
2025-10-31,IBM,0,0.5453654572445935,0.5434542689016804,0.5098421985947246,0.5870795190698453,0.546435360952711,7
2025-10-31,JPM,0,0.5300339508676181,0.5933204589065836,0.5603296550797621,0.6206283647523804,0.576078107401586,7
2025-10-31,KO,1,0.44789480872827303,0.4577738503062143,0.47272785217567886,0.6337620517848712,0.5030396407487594,7
2025-10-31,MSFT,1,0.4798130071378005,0.4293375539883426,0.4636857970838884,0.3417605275032703,0.42864922142832546,7
2025-10-31,UNH,1,0.516486263756008,0.5461641783349124,0.5119595400438555,0.48435978893132486,0.5147424427665251,7
2025-10-31,WMT,0,0.47160286997012835,0.5025518840607612,0.4785407030124675,0.31779197818288096,0.44262185880655947,7
2025-10-31,XOM,1,0.4596536107010362,0.44546246167500686,0.47215853222442605,0.37627065305598606,0.4383863144141138,7
2025-11-03,AAPL,1,0.5117572330774258,0.5635733019031504,0.5590290292730963,0.6019661500876978,0.5590814285853426,7
2025-11-03,CAT,0,0.5675128655849445,0.5865510639413821,0.6017387951967803,0.7312201905292002,0.6217557288130768,7
2025-11-03,DIS,0,0.47607510331535274,0.42984711591390823,0.4478681491031752,0.37183672222018066,0.4314067726381542,7
2025-11-03,GE,0,0.5187123379755866,0.5440122429947201,0.505434868359614,0.5627876004947585,0.5327367624561699,7
2025-11-03,GS,1,0.564428751355575,0.5243116118532554,0.5179405658379709,0.5996438750455919,0.5515812010230983,7
2025-11-03,IBM,0,0.5539677580569531,0.546675031308962,0.5101456843036549,0.5612379770274357,0.5430066126742514,7
2025-11-03,JPM,0,0.5270363694231133,0.5873323802126005,0.5290570580708917,0.5738764032098619,0.5543255527291168,7
2025-11-03,KO,1,0.45316244314349236,0.47592509038258485,0.5104373627100254,0.448347005158216,0.4719679753485797,7
2025-11-03,MSFT,1,0.4934474587100935,0.4411259983873966,0.4478111759087009,0.3096054000401499,0.4229975082615852,7
2025-11-03,UNH,0,0.5205190466379704,0.4979148231323638,0.5147890461498454,0.3813914314480498,0.4786535868420574,7
2025-11-03,WMT,1,0.47481597139478043,0.49791463524229257,0.4817786175473044,0.5491347925701903,0.5009110041886419,7
2025-11-03,XOM,1,0.46895964903518966,0.4833600367699355,0.4834533344895787,0.490030370698204,0.481450847748227,7
2025-11-04,AAPL,1,0.508812883121435,0.5641719132057594,0.5544221083902724,0.6092571862358077,0.5591660227383186,7
2025-11-04,CAT,0,0.5638866661871953,0.6183216267678235,0.5946866110238288,0.7436055262839915,0.6301251075657098,7
2025-11-04,DIS,0,0.47749826459820993,0.4483305196763897,0.4478681491031752,0.40979866018220984,0.4458738983899962,7
2025-11-04,GE,0,0.5174057474204455,0.5188856558574801,0.49411776734833285,0.5462009756694353,0.5191525365739234,7
2025-11-04,GS,0,0.5525173425568625,0.5333424366770874,0.5176373431353556,0.41946486873302363,0.5057404977755823,7
2025-11-04,IBM,0,0.5513738799691124,0.5408268805771035,0.5098421985947246,0.5524218426646421,0.5386162004513957,7
2025-11-04,JPM,0,0.5281087336919955,0.569098497433047,0.5271058048997811,0.6237408324551437,0.5620134671199918,7
2025-11-04,KO,1,0.45686937792905297,0.4797520759362729,0.4956763516295843,0.42053975429126267,0.46320938994654326,7
2025-11-04,MSFT,1,0.4867764309173997,0.4632759099590912,0.4478681491031752,0.2707659408301617,0.417171607702457,7
2025-11-04,UNH,1,0.5250837978854699,0.5138432114683265,0.5147890461498454,0.47822440256341464,0.5079851145167641,7
2025-11-04,WMT,1,0.4721380697404771,0.5097542952650275,0.45468339466475294,0.6539538364234317,0.5226323990234223,7
2025-11-04,XOM,1,0.4548281465906658,0.4498328672752015,0.47215853222442605,0.40230302337783763,0.44478064236703274,7
2025-11-05,AAPL,1,0.5184733163339768,0.5580536634586316,0.5590290292730963,0.5622046870378499,0.5494401740258885,7
2025-11-05,CAT,1,0.5804610692200666,0.622898619427793,0.5947905345978435,0.8361705002870499,0.6585801808831881,7
2025-11-05,DIS,0,0.4811139596472883,0.4529771069148284,0.45124097905686633,0.5328040083791888,0.47953401349954294,7
2025-11-05,GE,0,0.5083664778963645,0.5227390660363861,0.49411776734833285,0.38314010267338366,0.47709085348861674,7
2025-11-05,GS,0,0.5552584042675387,0.5253656589706057,0.5132781226423078,0.3967851562432481,0.49767183553092503,7
2025-11-05,IBM,0,0.5518535991450467,0.5392493177802764,0.5101456843036549,0.5645735795656027,0.5414555451986451,7
2025-11-05,JPM,0,0.5280900731432501,0.5712776176396712,0.5271058048997811,0.629630637690062,0.564026033343191,7
2025-11-05,KO,1,0.45267807144295535,0.474032098689613,0.4956763516295843,0.3860909224149077,0.4521193610442651,7
2025-11-05,MSFT,1,0.4855526151426623,0.4518822147776874,0.4446625843195951,0.2305579715149234,0.40316384643871706,7
2025-11-05,UNH,0,0.5190958698038167,0.5073443510557091,0.5147890461498454,0.45003523760023306,0.49781612615240106,7
2025-11-05,WMT,1,0.4689154948113373,0.5096034618383674,0.45468339466475294,0.6850332180196262,0.5295588923335209,7
2025-11-05,XOM,1,0.46598084639656995,0.4839801338536277,0.4834533344895787,0.4734421137745514,0.476714107128582,7
2025-11-06,AAPL,1,0.5101577621462056,0.5613770428435834,0.5587296324182682,0.6061313587399736,0.5590989490370076,7
2025-11-06,CAT,1,0.5763759712138573,0.6200808883529725,0.6018421212064708,0.8953159225715067,0.6734037258362018,7
2025-11-06,DIS,0,0.468772605809669,0.43189357692352803,0.4446625843195951,0.3720584243085478,0.42934679784033497,7
2025-11-06,GE,1,0.5153477951887073,0.5335230856294769,0.4973605527483544,0.6142244537835417,0.5401139718375201,7
2025-11-06,GS,0,0.5605893383536551,0.5307188074089148,0.5179405658379709,0.6235632849507045,0.5582029991378112,7
2025-11-06,IBM,0,0.5512650269442776,0.5399903174778947,0.505176259501494,0.591710710921805,0.5470355787113679,7
2025-11-06,JPM,0,0.5267505989302902,0.566161844786411,0.5271058048997811,0.5328995064478347,0.5382294387660793,7
2025-11-06,KO,1,0.4470664046568929,0.4458019826659492,0.4876042301683822,0.4379941526306144,0.45461669253045967,7
2025-11-06,MSFT,0,0.4830752187875488,0.45644104623529086,0.48732726411027594,0.35689620107424336,0.44593493255183975,7
2025-11-06,UNH,0,0.5150462581264609,0.5374149262700684,0.5147890461498454,0.5085026885263223,0.5189382297681743,7
2025-11-06,WMT,1,0.46604202673903655,0.4801602229377983,0.4212585329386,0.6155217430448146,0.49574563141506234,7
2025-11-06,XOM,1,0.46151149296391086,0.4620549523298143,0.4753926318757732,0.44082365839439414,0.4599456838909731,7
2025-11-07,AAPL,1,0.509596950088105,0.5575904321988784,0.5590290292730963,0.5844339549419388,0.5526625916255046,7
2025-11-07,CAT,1,0.5685208457301817,0.6286045274551059,0.6018421212064708,0.9039915205125839,0.6757397537260856,7
2025-11-07,DIS,0,0.4766744538795986,0.4331874166716623,0.4446625843195951,0.29453137582015265,0.41226395767275215,7
2025-11-07,GE,0,0.5049621872460867,0.5095966462975369,0.49411776734833285,0.3220701919377808,0.4576866982074343,7
2025-11-07,GS,0,0.5525060974012866,0.5282467442822883,0.5176373431353556,0.4087942039212469,0.5017960971850444,7
2025-11-07,IBM,0,0.5518274079351337,0.5454068133581087,0.5098421985947246,0.5530498616244703,0.5400315703781093,7
2025-11-07,JPM,1,0.5270746118065495,0.5654556558334267,0.5271058048997811,0.5250721516237236,0.5361770560408702,7
2025-11-07,KO,1,0.4339406921108738,0.4304279538349947,0.4797027920686934,0.4163227361225471,0.44009854353427724,7
2025-11-07,MSFT,0,0.4879223388329088,0.4592506732215895,0.4275068464755433,0.36799078378906225,0.435667660579776,7
2025-11-07,UNH,0,0.5168460303785435,0.5423624477138665,0.5147890461498454,0.438776408572531,0.5031934832036966,7
2025-11-07,WMT,1,0.4644518253441573,0.4602161348325762,0.43888125553765656,0.41050774411959545,0.44351423995849637,7
2025-11-07,XOM,1,0.46606943794783084,0.44919416318139394,0.467508528964338,0.4852407775111954,0.4670032269011895,7
2025-11-10,AAPL,1,0.5016586078862707,0.577531414835537,0.6313269617941958,0.5874620411305344,0.5744947564116345,7
2025-11-10,CAT,1,0.5762847876584557,0.6074780637363152,0.5865993281083446,0.9553312060380423,0.6814233463852895,7
2025-11-10,DIS,1,0.4776233786219103,0.4217251787624897,0.4446625843195951,0.29798013844621374,0.4104978200375522,7
2025-11-10,GE,0,0.5054326199984136,0.49696077158891916,0.4867101841297206,0.3745666461377084,0.46591755546369046,7
2025-11-10,GS,0,0.5537563079901886,0.5127678196329971,0.5072942784046222,0.49452572999421646,0.517086034005506,7
2025-11-10,IBM,0,0.5663301400665023,0.5149445782654514,0.5267034120923211,0.5908087448411562,0.5496967188163577,7
2025-11-10,JPM,0,0.531067376305142,0.5569690135651844,0.5271058048997811,0.6443649060916072,0.5648767752154287,7
2025-11-10,KO,1,0.44866000588494637,0.45283738047596983,0.4829412874071728,0.3644931061186932,0.4372329449716955,7
2025-11-10,MSFT,0,0.48973403827089673,0.44117277745569206,0.43953969570665385,0.27858295891096224,0.41225736758605125,7
2025-11-10,UNH,1,0.5085464353892286,0.523618030826677,0.5147890461498454,0.49450854187155924,0.5103655135593276,7
2025-11-10,WMT,1,0.469775296515313,0.4713968875745224,0.4466343189498008,0.5328370886256188,0.4801608979163138,7
2025-11-10,XOM,0,0.47150040604480886,0.4718168035523325,0.470739182984474,0.5647543999936194,0.49470269814380874,7
2025-11-11,AAPL,1,0.5060268192263382,0.5825283949867832,0.5810555381327442,0.6686058389095935,0.5845541478138647,7
2025-11-11,CAT,1,0.5619175958903404,0.5740947594521558,0.5796572704730074,0.9043354011868516,0.6550012567505888,7
2025-11-11,DIS,0,0.48457038002903935,0.4254192651257972,0.44005761554867384,0.43503618051931037,0.4462708603057052,7
2025-11-11,GE,0,0.49986925498312573,0.48092878516174686,0.4947817968087356,0.3764286684403989,0.4630021263485018,7
2025-11-11,GS,1,0.5471459405106821,0.5135818634499,0.5072942784046222,0.5224224928103788,0.5226111437938957,7
2025-11-11,IBM,1,0.5607996694139079,0.5212886221214269,0.5267034120923211,0.6354725685813513,0.5610660680522518,7
2025-11-11,JPM,0,0.5182347586600068,0.5250510298857194,0.5211333578946147,0.5708779944128293,0.5338242852132925,7
2025-11-11,KO,1,0.4539384436488536,0.44084982228652947,0.4797027920686934,0.5330868929563133,0.47689448774009746,7
2025-11-11,MSFT,0,0.49939689968386064,0.4751296693056831,0.45072049182508184,0.5445127763548339,0.49243995929236484,7
2025-11-11,UNH,0,0.5096869401409028,0.5205021448992306,0.5147890461498454,0.46305468265988275,0.5020082034624654,7
2025-11-11,WMT,1,0.4747447579969435,0.4970255243586149,0.48518241329279743,0.515932603270819,0.49322132472979374,7
2025-11-11,XOM,0,0.4643681661703123,0.4642947219329777,0.467508528964338,0.6340354943444797,0.5075517278530269,7
2025-11-12,AAPL,1,0.5037766902645203,0.5882628104064154,0.5807598808444072,0.6893135653149854,0.590528236707582,7
2025-11-12,CAT,1,0.5435439235625267,0.5788962218089385,0.5708938915923709,0.9299649908649253,0.6558247569571903,7
2025-11-12,DIS,0,0.4697192813689608,0.4138112627702514,0.4558842999622784,0.34233774933059397,0.4204381483580211,7
2025-11-12,GE,0,0.48629467636910834,0.45721378162636295,0.4834700470070575,0.4565893823428753,0.470891971836351,7
2025-11-12,GS,1,0.5414972798825313,0.5150113641675199,0.5195667215448464,0.5118969307782107,0.521993074093277,7
2025-11-12,IBM,1,0.5550831122476511,0.534981012713415,0.5264006612724543,0.6094417168174433,0.5564766257627409,7
2025-11-12,JPM,0,0.5008410705911285,0.5292257942273892,0.5208302855259854,0.48657624634330526,0.5093683491719522,7
2025-11-12,KO,0,0.45461989051930435,0.4601950484727916,0.4910101870885234,0.3050846418175197,0.42772744197453477,7
2025-11-12,MSFT,0,0.4882329923601686,0.42861669996989615,0.4380802930234108,0.28687082521926116,0.41045020264318416,7
2025-11-12,UNH,1,0.513591883357084,0.5230760359664064,0.5101249512734092,0.5596955537346884,0.526622106082897,7
2025-11-12,WMT,1,0.4462947719582877,0.45013774671383205,0.47010422935120466,0.3344441320717413,0.42524522002376647,7
2025-11-12,XOM,0,0.4714468316857814,0.4694440812544657,0.470739182984474,0.5319224248125008,0.48588813018430543,7
2025-11-13,AAPL,1,0.48679315996644035,0.5432137338827755,0.5263135101041062,0.6145837314042703,0.542726033839398,7
2025-11-13,CAT,1,0.5385503497589448,0.5919397809321881,0.5631177678100838,0.6873789705063935,0.5952467172519026,7
2025-11-13,DIS,0,0.5078589820307647,0.5236020549420396,0.4460663451142697,0.5346524318461837,0.5030449534833145,7
2025-11-13,GE,0,0.4871051155718956,0.49198373790183625,0.4881332753721357,0.32857944846148385,0.44895039432683786,7
2025-11-13,GS,1,0.5633536251420319,0.5075235557113443,0.5084604911211191,0.6781621384320239,0.5643749526016298,7
2025-11-13,IBM,1,0.5578057435931398,0.5463459987954379,0.5178621635523116,0.5171499111371509,0.5347909542695101,7
2025-11-13,JPM,0,0.5268224736948969,0.5835393957581958,0.5646249163191173,0.38706648091673923,0.5155133166722373,7
2025-11-13,KO,0,0.4591606218566479,0.4574019784248324,0.4910101870885234,0.4255671371753858,0.45828498113634736,7
2025-11-13,MSFT,0,0.4871145618576132,0.4266079233756167,0.42512776676554703,0.3088840856337891,0.41193358440814154,7
2025-11-13,UNH,1,0.5003221628552503,0.5603702072721145,0.5634948238645126,0.43267859226830563,0.5142164465650457,7
2025-11-13,WMT,1,0.42985875728001166,0.404965197560625,0.4285696868384085,0.3196164392774769,0.39575252023913055,7
2025-11-13,XOM,0,0.4510554394904658,0.45989710557531077,0.4558874296366748,0.6164003957623649,0.49581009261620407,7
2025-11-14,AAPL,1,0.48827038103545517,0.5537758885282813,0.5381697303861821,0.6239454072181847,0.5510403517920258,7
2025-11-14,CAT,1,0.5398698952965213,0.5858275683045029,0.5631177678100838,0.7812609890713219,0.6175190551206075,7
2025-11-14,DIS,0,0.5531769775765193,0.5582842765609622,0.57524827680479,0.8788298231679579,0.6413848385275573,7
2025-11-14,GE,0,0.49852534307257385,0.5210141383378806,0.49944863322602756,0.5229548215327401,0.5104857340423055,7
2025-11-14,GS,1,0.5666437856366093,0.511061299467408,0.5084604911211191,0.5328942145525641,0.5297649476944251,7
2025-11-14,IBM,1,0.5620221346940822,0.5358729227280408,0.5268108969283674,0.5963958204442183,0.5552754436986771,7
2025-11-14,JPM,1,0.5244010254276006,0.5725965611126537,0.5646249163191173,0.308004506771309,0.49240675240767007,7
2025-11-14,KO,0,0.4606756672626963,0.4576549277042387,0.4910101870885234,0.39957086706238276,0.4522279122794603,7
2025-11-14,MSFT,0,0.4836845365684951,0.4298567964966044,0.42512776676554703,0.26947767789430044,0.40203669443123674,7
2025-11-14,UNH,1,0.5053529862480755,0.5482778749637682,0.561277796242516,0.5488219443231777,0.5409326504443843,7
2025-11-14,WMT,0,0.42184631421278834,0.41302410120687477,0.43314743376809606,0.3129077820284046,0.3952314078040409,7
2025-11-14,XOM,0,0.4512697183233602,0.4466278507213919,0.4782274396756338,0.5510513562870601,0.48179409125186157,7
2025-11-17,AAPL,1,0.49123654451527426,0.4960442917574567,0.491374934477203,0.48335781410018236,0.4905033962125291,7
2025-11-17,CAT,1,0.549801441056253,0.5905268407892574,0.5634165137854733,0.6515948314172109,0.5888349067620486,7
2025-11-17,DIS,0,0.5513077670729256,0.5561604690641986,0.57524827680479,0.8940398058769427,0.6441890797047142,7
2025-11-17,GE,0,0.5034529327874036,0.5447273906131636,0.49944863322602756,0.5204591571194795,0.5170220284365186,7
2025-11-17,GS,1,0.5792198069348611,0.516175967472747,0.5134287012060337,0.5941342553430445,0.5507396827391716,7
2025-11-17,IBM,0,0.5630657561720399,0.5370850285354125,0.5101456843036549,0.6981770713122541,0.5771183850808403,7
2025-11-17,JPM,1,0.5324266575305429,0.5887575401346019,0.5649234279556968,0.36407825518340087,0.5125464702010606,7
2025-11-17,KO,0,0.456648422852199,0.45560335678937297,0.4876042301683822,0.44301071166319417,0.46071668036828706,7
2025-11-17,MSFT,1,0.49570889320456396,0.4663025981358776,0.4283011168390355,0.5845032206686017,0.49370395721201976,7
2025-11-17,UNH,0,0.5043298710591474,0.5562786366925591,0.561277796242516,0.5763721701823596,0.5495646185441455,7
2025-11-17,WMT,1,0.4287213474735124,0.41750325162296986,0.40210175248042107,0.25393580338796645,0.37556553874121745,7
2025-11-17,XOM,0,0.4574189183097156,0.448176506795867,0.49111363729370094,0.32813092623380463,0.431209997158272,7
2025-11-18,AAPL,1,0.46921164351468,0.5072707866200228,0.4296932705757542,0.353530819842021,0.4399266301381195,7
2025-11-18,CAT,1,0.5473168709514237,0.5928890846382432,0.5634165137854733,0.616253867168973,0.5799690841360283,7
2025-11-18,DIS,0,0.544821800237818,0.5391364363943427,0.57524827680479,0.800356927495156,0.6148908602330266,7
2025-11-18,GE,0,0.49681031593692687,0.5349445728779065,0.49131735168727136,0.4658452178917943,0.4972293645984747,7
2025-11-18,GS,1,0.5745812708813309,0.5236870473285401,0.5134287012060337,0.7249575485448911,0.584163641990199,7
2025-11-18,IBM,0,0.5632192122444526,0.49132274105208706,0.5101456843036549,0.6685853009363945,0.5583182346341473,7
2025-11-18,JPM,1,0.525062717631841,0.5862648284738734,0.5649234279556968,0.39457413336582403,0.5177062768568088,7
2025-11-18,KO,0,0.46016004587115905,0.46971496356515585,0.4956763516295843,0.3174026647023462,0.43573850644206136,7
2025-11-18,MSFT,1,0.4877572489961833,0.44486777708161673,0.42969639481251765,0.5264956266860134,0.4722042618940827,7
2025-11-18,UNH,0,0.499748094803535,0.5793698071261958,0.5680810180052396,0.7587634124506225,0.6014905830963982,7
2025-11-18,WMT,1,0.43131741959551206,0.41728650941995077,0.43314743376809606,0.29272926677777017,0.39362015739033224,7
2025-11-18,XOM,0,0.4575458153078212,0.43629730883901646,0.4605218104975876,0.2746370071225988,0.407250485441756,7
2025-11-19,AAPL,0,0.4733074641863276,0.531100151233706,0.43762549631998743,0.36036225848949693,0.45059884255737953,7
2025-11-19,CAT,1,0.5494047711887725,0.5911395635897778,0.5634165137854733,0.6707358142655305,0.5936741657073886,7
2025-11-19,DIS,0,0.5373969845155656,0.534210823001736,0.57524827680479,0.6409507212115171,0.5719517013834021,7
2025-11-19,GE,0,0.5067554348492336,0.5481299067285401,0.505434868359614,0.578779354808598,0.5347748911864965,7
2025-11-19,GS,1,0.5805018153392316,0.529463042346604,0.5134287012060337,0.7413240802418352,0.5911794097834261,7
2025-11-19,IBM,0,0.5672288372153601,0.48706705049325916,0.4889549670563516,0.6614848758851626,0.5511839326625334,7
2025-11-19,JPM,1,0.5358214879968908,0.5586117387781805,0.5590290292730963,0.5098133585888429,0.5408189036592526,7
2025-11-19,KO,0,0.43972179421774626,0.4178497063746942,0.4057972812120458,0.260658963156674,0.3810069362402901,7
2025-11-19,MSFT,0,0.5032298136457859,0.4692868570124274,0.4533886899824237,0.4668888015361813,0.4731985405442046,7
2025-11-19,UNH,1,0.5074105805905045,0.5773289240310203,0.5227093748894683,0.8470698736885168,0.6136296882998775,7
2025-11-19,WMT,1,0.4175800835386765,0.40718062564417784,0.4090786745543583,0.45879540081259557,0.4231586961374521,7
2025-11-19,XOM,1,0.46316837581073417,0.4506332758301664,0.49111363729370094,0.24733938629516009,0.4130636688074404,7
2025-11-20,AAPL,0,0.47329792023247413,0.5026161816643441,0.4296932705757542,0.3310063664820656,0.4341534347386595,7
2025-11-20,CAT,1,0.5303849865079969,0.5702790471711368,0.5631177678100838,0.9028125355343058,0.6416485842558809,7
2025-11-20,DIS,1,0.529331698293735,0.5622151981487644,0.57524827680479,0.45102043703581834,0.529453902570777,7
2025-11-20,GE,0,0.5175389003673013,0.5318159630127604,0.4697029545003189,0.5017971179653651,0.5052137339614364,7
2025-11-20,GS,1,0.5592389401503889,0.5280458646460288,0.5131253082793994,0.3313182353048269,0.482932087095161,7
2025-11-20,IBM,0,0.5552709555458467,0.5028975630849412,0.48865151230146486,0.5204178671441332,0.5168094745190964,7
2025-11-20,JPM,1,0.5295866109524625,0.5765213829092211,0.5649234279556968,0.43446421430148824,0.5263739090297171,7
2025-11-20,KO,0,0.4353165771284318,0.43805474327886573,0.42485210768643217,0.25610828930039836,0.388582929348532,7
2025-11-20,MSFT,0,0.49982444303204193,0.4818874088808621,0.4692929932281872,0.4100107200879779,0.46525389130726724,7
2025-11-20,UNH,0,0.5086054798912906,0.5891787775407425,0.5696136689442441,0.8253795049795801,0.6231943578389644,7
2025-11-20,WMT,1,0.40691956375076227,0.4366952857313457,0.38469982161208144,0.19472918713738346,0.35576096455789324,7
2025-11-20,XOM,1,0.4554466411768294,0.4492522171385748,0.4637462314172152,0.3625075867947997,0.4327381691318548,7
2025-11-21,AAPL,0,0.47431549135162004,0.515710710617161,0.5395162735555863,0.5422835226811386,0.5179564995513765,7
2025-11-21,CAT,1,0.5298855396863761,0.5718016877748875,0.5631177678100838,0.9200789370226983,0.6462209830735115,7
2025-11-21,DIS,1,0.5327673985378529,0.5614239513261831,0.57524827680479,0.3427689359704118,0.5030521406598094,7
2025-11-21,GE,0,0.47990182270117804,0.475652653769883,0.43953969570665385,0.5406809301784837,0.48394377558904966,7
2025-11-21,GS,1,0.5598514271014152,0.5237084682716246,0.5131253082793994,0.3914990317806685,0.49704605885827696,7
2025-11-21,IBM,0,0.5597090061653979,0.49775564540365913,0.48865151230146486,0.36617829145568165,0.47807361383155084,7
2025-11-21,JPM,1,0.5128790128826479,0.5741172085368494,0.5646249163191173,0.24990306603372067,0.47538105094308386,7
2025-11-21,KO,0,0.42005575652236193,0.4390867990018915,0.4171397097901155,0.3474657226913364,0.4059369970014263,7
2025-11-21,MSFT,0,0.4932145261068482,0.45451981795846097,0.4684046586286609,0.37689299055130066,0.44825799831131774,7
2025-11-21,UNH,0,0.5107183774669217,0.5428972370539453,0.5158006285756435,0.634284180868763,0.5509251059913184,7
2025-11-21,WMT,1,0.4227350778947345,0.47514453162284453,0.4646683056259608,0.23676737284642776,0.39982882199749187,7
2025-11-21,XOM,1,0.4496070765236079,0.44971417358557214,0.4605218104975876,0.37993227619839826,0.4349438342012915,7
2025-11-24,AAPL,0,0.4707569504181262,0.5429594357147046,0.5377990018918426,0.6219719186532564,0.5433718266694825,7
2025-11-24,CAT,1,0.5147884575607756,0.5716555403226232,0.5585198289499415,0.8121957884384835,0.6142899038179559,7
2025-11-24,DIS,0,0.5242679334642428,0.55404479355411,0.57524827680479,0.5168959911014096,0.5426142487311381,7
2025-11-24,GE,0,0.45678307150674796,0.4608000447600628,0.4252351546193147,0.2576723432057448,0.40012265352296755,7
2025-11-24,GS,1,0.5410238825126197,0.5085364633178565,0.5069907333545125,0.32246874385081264,0.4697549557589504,7
2025-11-24,IBM,1,0.5271472217196751,0.5084595980189299,0.4921672984166085,0.6678468678346744,0.548905246497472,7
2025-11-24,JPM,1,0.5049159203224199,0.5460468554405152,0.5274392091681908,0.2810126944870325,0.4648536698545396,7
2025-11-24,KO,0,0.40156489316240596,0.4404154034317015,0.4171397097901155,0.26471732386168056,0.38095933256147585,7
2025-11-24,MSFT,1,0.4884025312337998,0.47572639351766793,0.4684046586286609,0.724658164733958,0.5392979370285216,7
2025-11-24,UNH,0,0.5064637073640729,0.5500377769459269,0.5158006285756435,0.647831753879702,0.5550334666913364,7
2025-11-24,WMT,1,0.42546660082505305,0.4763359008538021,0.4646683056259608,0.315747072583837,0.4205544699721632,7
2025-11-24,XOM,0,0.44432177931194333,0.4452126758711419,0.4605218104975876,0.4001580922477068,0.43755358948209494,7
2025-11-25,AAPL,0,0.47201755454204003,0.5457509517783063,0.5365652846626298,0.38530219395563703,0.48490899623465333,7
2025-11-25,CAT,1,0.5276640940257824,0.5807442625432893,0.5585198289499415,0.8380313369207695,0.6262398806099456,7
2025-11-25,DIS,1,0.5319325630679809,0.5518895011275131,0.5824011755214087,0.2403257841414806,0.4766372559645958,7
2025-11-25,GE,0,0.47379512606503565,0.44527297178432146,0.43953969570665385,0.6456224683050759,0.5010575654652717,7
2025-11-25,GS,1,0.543246089828745,0.5099743861754267,0.5069907333545125,0.29749656930109036,0.4644269446649436,7
2025-11-25,IBM,1,0.5288328994960529,0.5012190261369307,0.48610446784390693,0.6431576735986186,0.5398285167688773,7
2025-11-25,JPM,0,0.5136999907344905,0.554407275096865,0.5541220784352651,0.5423273669444894,0.5411391778027774,7
2025-11-25,KO,0,0.4387685689958717,0.42554441258008974,0.4171397097901155,0.3165570008798434,0.3995024230614801,7
2025-11-25,MSFT,0,0.4879140149594386,0.44962548284467874,0.4533886899824237,0.5620149901163392,0.4882357944757201,7
2025-11-25,UNH,0,0.5141498854859136,0.5225945875457202,0.5106534160832908,0.44030682685738587,0.49692617899307756,7
2025-11-25,WMT,1,0.46185710128666824,0.477415626153021,0.5101053320050344,0.4737982586167606,0.48079407951537106,7
2025-11-25,XOM,1,0.45147484607975896,0.4625581086217447,0.43357782934191397,0.30938942232418487,0.4142500515919006,7
2025-11-26,AAPL,0,0.4793933043577073,0.5342667117998294,0.4947817968087356,0.2982569431538142,0.4516746890300216,7
2025-11-26,CAT,1,0.5404307008644013,0.5708715340851158,0.571191369311034,0.8121682283587265,0.6236654581548193,7
2025-11-26,DIS,1,0.529791478410169,0.5393309850553785,0.5600314105680765,0.24849716883237516,0.46941276071649973,7
2025-11-26,GE,0,0.4839067231398475,0.4558122603726268,0.44273777243630935,0.5928712999376992,0.4938320139716207,7
2025-11-26,GS,1,0.552946594974772,0.5340306158917147,0.5132781226423078,0.3102217966920048,0.4776192825501998,7
2025-11-26,IBM,1,0.5269427426463823,0.4814169412372936,0.48610446784390693,0.5901407863688617,0.5211512345241112,7
2025-11-26,JPM,0,0.5220356106652079,0.5564627297397157,0.5422872812180588,0.5341533885848079,0.5387347525519476,7
2025-11-26,KO,0,0.44866511447750057,0.44705873171882765,0.42818602739248657,0.15010480770368226,0.3685036703231242,7
2025-11-26,MSFT,1,0.48799809133409244,0.44544775813944304,0.4692929932281872,0.5893822863270798,0.4980302822572006,7
2025-11-26,UNH,0,0.5138656796689375,0.5190125972598613,0.5106534160832908,0.3216282200954708,0.4662899782768901,7
2025-11-26,WMT,0,0.47014364106535683,0.4874518467101427,0.505962888963285,0.5886057334225402,0.5130410275403312,7
2025-11-26,XOM,1,0.45607809456568216,0.4675762503106706,0.44152624780434147,0.4038219236391137,0.442250629079952,7
2025-11-28,AAPL,0,0.48544102951872736,0.5132380468011293,0.4950798762763204,0.18882591100711527,0.4206462159008231,7
2025-11-28,CAT,1,0.5070876479574823,0.5331970780692712,0.5277847893434204,0.132329671831307,0.42509979680037024,7
2025-11-28,DIS,1,0.536331242471823,0.5444539362600961,0.5554266337437592,0.25346708560284487,0.4724197245196308,7
2025-11-28,GE,0,0.49043329232987415,0.44659002712977536,0.4463978480403656,0.12885002966605794,0.3780677992915183,7
2025-11-28,GS,1,0.5672451694037864,0.460836486374247,0.5107766690720056,0.17010044810032865,0.4272396932375919,7
2025-11-28,IBM,1,0.5329316683849371,0.47007824360819006,0.4729257623779984,0.4538741893684918,0.4824524659349043,7
2025-11-28,JPM,0,0.5385718570666889,0.5636649292655009,0.5606234039440987,0.577378949074412,0.5600597848376752,7
2025-11-28,KO,0,0.4525494707273255,0.4277679774295639,0.42847801276995723,0.08571321436481802,0.34862716882291617,7
2025-11-28,MSFT,0,0.5042940023985258,0.4858367696068092,0.47592349551667545,0.8435798794050733,0.577408536731771,7
2025-11-28,UNH,1,0.5215005663260522,0.4870852195998494,0.46235315098471713,0.5229427174710916,0.49847041359542765,7
2025-11-28,WMT,0,0.48967388073073026,0.5208482231638492,0.5338590699960065,0.6317142344916337,0.5440238520955549,7
2025-11-28,XOM,1,0.46392891228321737,0.461833332166962,0.4418203012224227,0.3783332820213622,0.43647895692349103,7
2025-12-01,AAPL,0,0.47118918763453216,0.504068454185823,0.4867101841297206,0.446742615008675,0.4771776102396877,7
2025-12-01,CAT,0,0.5018334581923622,0.5660168767857563,0.529438674152672,0.4787568014777547,0.5190114526521363,7
2025-12-01,DIS,1,0.5198907843638101,0.5269937648073907,0.5237985779162907,0.4938789725806078,0.5161405249170248,7
2025-12-01,GE,1,0.49863701902091506,0.5156380751980589,0.4999520490120836,0.6324132760599434,0.5366601048227503,7
2025-12-01,GS,1,0.5481944582298162,0.5272997173077244,0.5193373642917484,0.379036330113954,0.49346696748581076,7
2025-12-01,IBM,0,0.5283475515880923,0.5122782185301696,0.48610446784390693,0.6829993943552546,0.5524324080793559,7
2025-12-01,JPM,0,0.5246703628503239,0.587027192437119,0.5603296550797621,0.530362662121403,0.5505974681221519,7
2025-12-01,KO,0,0.44672860743952264,0.4373619669905985,0.42485210768643217,0.11582994647188763,0.35619315714711025,7
2025-12-01,MSFT,0,0.4886916654978957,0.45020955390142003,0.4646463686836572,0.23731134530436016,0.41021473334683334,7
2025-12-01,UNH,1,0.522989382192446,0.5235604596801509,0.5111370234165,0.7035243084916587,0.5653027934451889,7
2025-12-01,WMT,1,0.47821178971521916,0.5133871016373782,0.49707892519216185,0.5457276099360939,0.5086013566202132,7
2025-12-01,XOM,1,0.4477020285281215,0.45697873475756745,0.44152624780434147,0.522862840603757,0.46726746292344684,7
2025-12-02,AAPL,0,0.47025404359200035,0.49502532572701075,0.4834700470070575,0.6432274634291145,0.5229942199387958,7
2025-12-02,CAT,0,0.49736354102479313,0.5625781535082689,0.522235361318353,0.4849489292989628,0.5167814962875945,7
2025-12-02,DIS,1,0.522787503624804,0.5265996736301471,0.5241014883199872,0.30841282637232703,0.4704753729868163,7
2025-12-02,GE,1,0.4989481390690333,0.5203711435798939,0.5046189432731781,0.5833496740394114,0.5268219749903792,7
2025-12-02,GS,1,0.5485748704422185,0.5320171833797858,0.5193373642917484,0.37465750449727364,0.49364673065275666,7
2025-12-02,IBM,0,0.5279687200061229,0.5193169385475899,0.49713732154768997,0.7325103858406529,0.569233341485514,7
2025-12-02,JPM,1,0.5248590441160642,0.5817682607171808,0.5603296550797621,0.5155582049743314,0.5456287912218346,7
2025-12-02,KO,0,0.4398791389335439,0.4363691565805971,0.4216854630315227,0.1710882056984587,0.3672554910610306,7
2025-12-02,MSFT,0,0.4957467752946247,0.46145110950318424,0.47592349551667545,0.3664276658114088,0.44988726153147324,7
2025-12-02,UNH,1,0.5217674033610934,0.5354986550614539,0.5111370234165,0.6867257783608323,0.5637822150499698,7
2025-12-02,WMT,1,0.47569198939252744,0.5056243176230077,0.507026367180337,0.5962716686774167,0.5211535857183223,7
2025-12-02,XOM,0,0.4459411106917817,0.4440819879674193,0.43357782934191397,0.4854927875710038,0.4522734288930297,7
2025-12-03,AAPL,0,0.47557493592001493,0.4946838590051216,0.4867101841297206,0.5640159137868417,0.5052462232104247,7
2025-12-03,CAT,0,0.5043322743359703,0.5663918175201106,0.5225383596861918,0.5656063929769678,0.5397172111298101,7
2025-12-03,DIS,1,0.5208362000555519,0.5269071130259673,0.5241014883199872,0.39873680445737036,0.49264540146471913,7
2025-12-03,GE,1,0.4945242196212164,0.485835862136319,0.44273777243630935,0.5371286223556677,0.49005661913737814,7
2025-12-03,GS,1,0.5541026890517783,0.5088151611230401,0.5084604911211191,0.595957305500195,0.5418339116990332,7
2025-12-03,IBM,0,0.5286359052234103,0.5235670877260633,0.49076896347939325,0.6892707713320746,0.5580606819402354,7
2025-12-03,JPM,1,0.5252302797037569,0.5797100186584137,0.5600304462947953,0.47487380227995385,0.5349611367342298,7
2025-12-03,KO,1,0.44752489707586535,0.4357882901505696,0.4216854630315227,0.11298645437326245,0.354496276157805,7
2025-12-03,MSFT,0,0.4772300131482378,0.46084995501375287,0.4533886899824237,0.33022830964689964,0.4304242419478285,7
2025-12-03,UNH,1,0.5397484222058914,0.5203312100217634,0.5106534160832908,0.7656187653389722,0.5840879534124794,7
2025-12-03,WMT,0,0.4724144147639099,0.5257270456177549,0.5062351901795785,0.5434449226012135,0.5119553932906142,7
2025-12-03,XOM,0,0.453237957021794,0.4421276652410948,0.4558874296366748,0.4762607534883194,0.45687845134697075,7
2025-12-04,AAPL,0,0.47818278720485524,0.4750133117061882,0.4867101841297206,0.584667222583519,0.5061433764060708,7
2025-12-04,CAT,0,0.515248163537128,0.5793874804730661,0.5668219461524392,0.6368709596203482,0.5745821374457454,7
2025-12-04,DIS,1,0.5196080029720597,0.5318759357183274,0.5551267374388098,0.40492931509532704,0.5028849978061309,7
2025-12-04,GE,1,0.4979346432665714,0.47856580338700666,0.44273777243630935,0.5388975627793443,0.4895339454673079,7
2025-12-04,GS,0,0.5643135830762701,0.509521119570487,0.5196405100339035,0.46029807723110916,0.5134433224779424,7
2025-12-04,IBM,0,0.5389732010915254,0.5092721336641739,0.49247083377393547,0.4649142157572156,0.5014075960717126,7
2025-12-04,JPM,1,0.5202535171685052,0.570579771044628,0.5600304462947953,0.43561878984896674,0.5216206310892237,7
2025-12-04,KO,1,0.4432588039770542,0.436742438425805,0.4216854630315227,0.1085225708026441,0.3525523190592565,7
2025-12-04,MSFT,0,0.4906636559771459,0.4862033865574313,0.4566054387190817,0.71973904647104,0.5383028819311747,7
2025-12-04,UNH,1,0.5514075379061093,0.5122853646802291,0.5106534160832908,0.7076309304287355,0.5704943122745911,7
2025-12-04,WMT,1,0.470819331929001,0.5228350912687685,0.5120441949295081,0.453166256317753,0.48971621861125764,7
2025-12-04,XOM,0,0.4552807083078978,0.4345821094697991,0.4289989762169639,0.42881894224613026,0.4369201840601977,7
2025-12-05,AAPL,0,0.4792805108874876,0.46949477834364356,0.491374934477203,0.5145547568627732,0.48867624514277685,7
2025-12-05,CAT,0,0.5081377280211803,0.5696746966839549,0.5544221083902724,0.6332254714495511,0.5663650011362398,7
2025-12-05,DIS,1,0.5199195775686151,0.5331685654938993,0.5241014883199872,0.3139246880843241,0.4727785798667064,7
2025-12-05,GE,1,0.5045598948581825,0.49129616874889914,0.4692929932281872,0.40108219379769905,0.4665578126582419,7
2025-12-05,GS,0,0.5563608274715603,0.510643155076396,0.5084604911211191,0.6520815853405552,0.5568865147524077,7
2025-12-05,IBM,0,0.5358950366081017,0.506136040936194,0.49076896347939325,0.5461566958619466,0.5197391842214089,7
2025-12-05,JPM,1,0.531300471676192,0.5655765118525061,0.5603296550797621,0.6701827095555153,0.5818473370409938,7
2025-12-05,KO,1,0.451595997539251,0.44990590959378196,0.4327627798612092,0.25649698134981125,0.3976904170860134,7
2025-12-05,MSFT,1,0.49138032802224213,0.49471474005183025,0.4566054387190817,0.722339783176871,0.5412600724925063,7
2025-12-05,UNH,0,0.5555074253628879,0.511866841016733,0.5106534160832908,0.6136463801488962,0.5479185156529519,7
2025-12-05,WMT,1,0.47409754869497955,0.5133824657026136,0.47701152156714643,0.4716552092560611,0.48403668630520014,7
2025-12-05,XOM,0,0.4596908599863903,0.4488346242457933,0.4369282044724338,0.35849255304175076,0.425986560436592,7
2025-12-08,AAPL,0,0.4912601856322215,0.5019695605592025,0.49944863322602756,0.5462957426416879,0.5097435305147848,7
2025-12-08,CAT,0,0.5163747421769118,0.5674056995398137,0.5544221083902724,0.4870222479233701,0.5313061995075921,7
2025-12-08,DIS,1,0.5234772378128676,0.5361389652124507,0.5551267374388098,0.40530512634897414,0.5050120167032756,7
2025-12-08,GE,1,0.5116403987813412,0.533605276319666,0.5271134124387017,0.5908001419531772,0.5407898073732216,7
2025-12-08,GS,1,0.553711029455789,0.5239478718261663,0.5296751744550031,0.48626868104775944,0.5234006891961794,7
2025-12-08,IBM,0,0.527104334964968,0.5162544656704923,0.48610446784390693,0.7507235621847891,0.570046707666039,7
2025-12-08,JPM,1,0.524040663669595,0.565719061545008,0.5290570580708917,0.5689990125381351,0.5469539489559074,7
2025-12-08,KO,1,0.4408298512928252,0.43287661424648627,0.4216854630315227,0.15679754040772687,0.36304736724464026,7
2025-12-08,MSFT,1,0.49528314825386094,0.461334698657147,0.4519774502481445,0.5220830790455339,0.4826695940511716,7
2025-12-08,UNH,0,0.5475213316073793,0.49003172690201263,0.46651514913291653,0.4938079516798332,0.4994690398305354,7
2025-12-08,WMT,0,0.4778780664386053,0.5116931992684899,0.49614119095723586,0.5768108282084983,0.5156308212182074,7
2025-12-08,XOM,0,0.45275137048637526,0.43719200601507585,0.43039481610045593,0.3808385914113669,0.4252941960033184,7
2025-12-09,AAPL,0,0.49506551587861153,0.49932253213933997,0.49944863322602756,0.3559686530985455,0.4624513335856311,7
2025-12-09,CAT,0,0.5216970665115784,0.549832533011241,0.5544221083902724,0.47436839790228746,0.5250800264538449,7
2025-12-09,DIS,1,0.5291587043257359,0.5430652112573096,0.5554266337437592,0.32735135755350814,0.4887504767200782,7
2025-12-09,GE,1,0.514557776843342,0.5689603589542872,0.5345756994668596,0.6325547661367412,0.5626621503503075,7
2025-12-09,GS,1,0.5536354665668471,0.5228888854887151,0.5296751744550031,0.44889507904614706,0.5137736513891782,7
2025-12-09,IBM,0,0.5290371820307923,0.51454918047584,0.48610446784390693,0.5640134727569288,0.523426075776867,7
2025-12-09,JPM,1,0.5116277097049674,0.6248183232810268,0.5862909056455564,0.5545402493588586,0.5693192969976023,7
2025-12-09,KO,0,0.43902177218939115,0.4314486124089352,0.4327627798612092,0.4744187132327843,0.44441296942307995,7
2025-12-09,MSFT,1,0.5043275451778779,0.49529874847607785,0.4599892495912531,0.8768625443945892,0.5841195219099495,7
2025-12-09,UNH,0,0.5472933765562967,0.49260880846057703,0.46651514913291653,0.5605799665944607,0.5167493251860628,7
2025-12-09,WMT,0,0.474203635800376,0.5179576591732442,0.5011608077917147,0.5123673361643991,0.5014223597324335,7
2025-12-09,XOM,1,0.42473085469772487,0.43704095782153674,0.43151698786334663,0.30787138788465307,0.4002900470668153,7
2025-12-10,AAPL,0,0.4931044013782327,0.4912686202711229,0.49944863322602756,0.5694624931344501,0.5133210370024583,7
2025-12-10,CAT,0,0.5160783318973623,0.5820378220875468,0.5541220784352651,0.6103891020059975,0.565656833606543,7
2025-12-10,DIS,1,0.5241804219707288,0.5319791115485775,0.5551267374388098,0.5138532549738067,0.5312848814829807,7
2025-12-10,GE,1,0.49306606741946957,0.5642530032756875,0.5342735316253269,0.6187850653713409,0.5525944169229562,7
2025-12-10,GS,1,0.5516998865981998,0.5320689136306187,0.5296751744550031,0.5579124172407692,0.5428390979811477,7
2025-12-10,IBM,0,0.5282997317953863,0.518022393141604,0.48610446784390693,0.5971939907806176,0.5324051458903787,7
2025-12-10,JPM,1,0.519178985495856,0.6066017559937875,0.5756912636995564,0.6677501843774059,0.5923055473916514,7
2025-12-10,KO,0,0.41206311157495973,0.41378590506147744,0.4216854630315227,0.3290959351657449,0.39415760370842623,7
2025-12-10,MSFT,1,0.4709579168603761,0.46416016483741573,0.4684046586286609,0.2858532538296134,0.42234399853901655,7
2025-12-10,UNH,0,0.5507473924714338,0.4995164690608038,0.515317260015957,0.547199356525997,0.5281951195185479,7
2025-12-10,WMT,0,0.47216813232186455,0.5102108425674852,0.529967769443986,0.6138687913385729,0.5315538839179772,7
2025-12-10,XOM,1,0.4382516298813349,0.429710711553213,0.42582430682707645,0.4583658438007718,0.438038123015599,7
2025-12-11,AAPL,0,0.4810394124808756,0.49230775486570344,0.49944863322602756,0.5524922440529991,0.5063220111564014,7
2025-12-11,CAT,1,0.518850126318998,0.5743630220907684,0.5750132264707646,0.6362462744338603,0.5761181623285978,7
2025-12-11,DIS,1,0.5196584583877144,0.5340836309542876,0.5551267374388098,0.4769163798028161,0.521446301645907,7
2025-12-11,GE,1,0.5033409715569946,0.5658652043138426,0.5342735316253269,0.40358390197179966,0.5017659023669909,7
2025-12-11,GS,1,0.548114583583381,0.506721872981141,0.5296751744550031,0.4343057327363665,0.5047043409389729,7
2025-12-11,IBM,0,0.5220907562623841,0.5171131500658726,0.48610446784390693,0.6144636078641983,0.5349429955090904,7
2025-12-11,JPM,1,0.5510326474222891,0.5983922487377971,0.5679035215354686,0.6226208418225779,0.5849873148795331,7
2025-12-11,KO,0,0.4154125319098545,0.42118391671960137,0.4216854630315227,0.4125185660859887,0.41770011943674185,7
2025-12-11,MSFT,1,0.48586931811894796,0.4650177666445745,0.4637591436471862,0.5009899810499446,0.47890905236516335,7
2025-12-11,UNH,0,0.5469325986625866,0.5170922798827436,0.5106534160832908,0.593877137696793,0.5421388580813535,7
2025-12-11,WMT,0,0.4781041558294278,0.5126273639751042,0.5402547876074449,0.5829572954246321,0.5284859007091522,7
2025-12-11,XOM,0,0.44152236564324976,0.4368341188661232,0.42582430682707645,0.36361162834196437,0.41694810491960344,7
2025-12-12,AAPL,0,0.47800388800023064,0.4910547143419402,0.49944863322602756,0.5293380271816971,0.4994613156874739,7
2025-12-12,CAT,1,0.5031533726095879,0.5653588053928112,0.5581874047803436,0.4301966097852342,0.5142240481419943,7
2025-12-12,DIS,0,0.5166197585300878,0.5348389536585438,0.5551267374388098,0.38246044608690494,0.4972614739285866,7
2025-12-12,GE,1,0.505669115878358,0.5478291497266198,0.5408581403640697,0.5254785281699756,0.5299587335347558,7
2025-12-12,GS,1,0.5426565910325715,0.513881301646919,0.5084604911211191,0.6712289396277699,0.5590568308570949,7
2025-12-12,IBM,1,0.5199648824099957,0.5150586343260642,0.48610446784390693,0.5930821877630479,0.5285525430857536,7
2025-12-12,JPM,1,0.5457445634771328,0.6056360289996954,0.5711248709704859,0.6836481896297578,0.6015384132692679,7
2025-12-12,KO,0,0.4289915327150815,0.42751035508091106,0.4171397097901155,0.36768158457357963,0.41033079553992197,7
2025-12-12,MSFT,0,0.4882214146401776,0.49902508470435125,0.47163602036411073,0.7531994039212371,0.5530204809074692,7
2025-12-12,UNH,0,0.5378875550605842,0.5201375254541543,0.5106534160832908,0.6959662226874707,0.5661611798213749,7
2025-12-12,WMT,0,0.48154716895350097,0.5223202793962642,0.5053041474722147,0.503483335167826,0.5031637327474515,7
2025-12-12,XOM,1,0.4403024733172958,0.4439420653761693,0.4289989762169639,0.3924711792706848,0.4264286735452784,7
2025-12-15,AAPL,0,0.47587441026282884,0.4692870453232077,0.4881332753721357,0.48004194009902124,0.4783341677642984,7
2025-12-15,CAT,0,0.5136912813244419,0.5651339566141608,0.5650014083731699,0.3509299711849933,0.49868915437419153,7
2025-12-15,DIS,1,0.5145736488562124,0.5507437792930477,0.5569186972623437,0.4260285106980784,0.5120661590274206,7
2025-12-15,GE,1,0.5170688871258105,0.5274764595034602,0.5379369735925585,0.6202108191091387,0.550673284832742,7
2025-12-15,GS,0,0.5497579086667281,0.5198301493414386,0.528209991606252,0.5576885984300992,0.5388716620111296,7
2025-12-15,IBM,1,0.5173817712117864,0.5245582552659345,0.49076896347939325,0.5496146266652476,0.5205809041555904,7
2025-12-15,JPM,1,0.5354455848769593,0.5980026292495325,0.5662980850590879,0.6273292473420351,0.5817688866319037,7
2025-12-15,KO,0,0.42951839006823483,0.42284615125076713,0.4171397097901155,0.3917282873439863,0.4153081346132759,7
2025-12-15,MSFT,0,0.48739675895404216,0.4984890959506469,0.47163602036411073,0.6866179425696154,0.5360349544596038,7
2025-12-15,UNH,1,0.5422333153359742,0.5126187669425694,0.5106534160832908,0.5770111328746774,0.5356291578091279,7
2025-12-15,WMT,0,0.48132107598874324,0.5220332238900125,0.4986913410737858,0.4358769967037405,0.48448065941407054,7
2025-12-15,XOM,1,0.4366034891744768,0.43491416457319854,0.42582430682707645,0.3715776505018073,0.4172299027691398,7
2025-12-16,AAPL,1,0.48174026381796664,0.497522241181643,0.49944863322602756,0.6025681257102223,0.5203198159839649,7
2025-12-16,CAT,0,0.5270418215068431,0.5716495513036552,0.5652998606098856,0.3075226495714718,0.4928784707479639,7
2025-12-16,DIS,1,0.5088656311703801,0.5487199218677618,0.5569186972623437,0.42188771404313513,0.5090979910859051,7
2025-12-16,GE,0,0.5238122381462051,0.5478870706294904,0.5408581403640697,0.5415132826197926,0.5385176829398894,7
2025-12-16,GS,0,0.548271125630665,0.5240883808472602,0.528209991606252,0.5210172248490639,0.5303966807333103,7
2025-12-16,IBM,0,0.52033598490728,0.5134446941930475,0.49076896347939325,0.4324075351278603,0.48923929442689523,7
2025-12-16,JPM,1,0.5391242413714142,0.6074426726867238,0.5665963300825237,0.6419525170696667,0.588778940302582,7
2025-12-16,KO,0,0.43208043600460383,0.42327104343561484,0.4171397097901155,0.39924597653592664,0.4179342914415652,7
2025-12-16,MSFT,1,0.4840176842276507,0.49713082731605096,0.4646297215470309,0.7574488304690898,0.5508067658899556,7
2025-12-16,UNH,1,0.5458832866439358,0.5228982306691167,0.5111370234165,0.48262820481773483,0.5156366863868218,7
2025-12-16,WMT,0,0.4829217092551021,0.5238797799017025,0.5011608077917147,0.5686552372670539,0.5191543835538933,7
2025-12-16,XOM,1,0.45337797189172957,0.4574995685386732,0.4605218104975876,0.3651007952213263,0.4341250365373292,7
2025-12-17,AAPL,1,0.4778623387549229,0.4671573602559985,0.4881332753721357,0.3917995181990216,0.4562381231455197,7
2025-12-17,CAT,0,0.5240402220739911,0.5139182942805973,0.5134529269274716,0.9375035639788752,0.6222287518152338,7
2025-12-17,DIS,1,0.5173502647464283,0.5466078145045321,0.5569186972623437,0.5098479311493035,0.5326811769156519,7
2025-12-17,GE,0,0.5337128593861103,0.555795991196631,0.5481352565570301,0.7206577785552929,0.5895754714237661,7
2025-12-17,GS,0,0.5480345978253538,0.5274402313412107,0.528317440701268,0.38354695877730577,0.49683480716128453,7
2025-12-17,IBM,0,0.5192022149852163,0.5113505842635118,0.49076896347939325,0.41390283850941184,0.48380615030938334,7
2025-12-17,JPM,0,0.5395803131419913,0.5984492883289446,0.5603296550797621,0.665892151366123,0.5910628519792053,7
2025-12-17,KO,1,0.4389913132341247,0.43845521022101125,0.42818602739248657,0.3489294129968916,0.41364049096112854,7
2025-12-17,MSFT,0,0.4766748138739454,0.4616693608465849,0.4566054387190817,0.4373770260413946,0.4580816598702516,7
2025-12-17,UNH,1,0.5537776001456538,0.4821652164795732,0.46235315098471713,0.38742873872227535,0.4714311765830549,7
2025-12-17,WMT,1,0.4847747694129156,0.5260048210925611,0.5044037282810846,0.41971637929556,0.4837249245205303,7
2025-12-17,XOM,1,0.4616767241256733,0.45716689395219756,0.43627477042476775,0.23939902180746786,0.39862935257752663,7
2025-12-18,AAPL,0,0.4736075390506166,0.46218519496972094,0.4881332753721357,0.3514129242462622,0.4438347334096839,7
2025-12-18,CAT,1,0.5430203946625902,0.5091287743965751,0.513756309158908,0.521843057529735,0.5219371339369521,7
2025-12-18,DIS,0,0.5185071889637273,0.5453908002409308,0.5569186972623437,0.42999067577400724,0.5127018405602523,7
2025-12-18,GE,1,0.5395509849678461,0.5273976623445881,0.5375935151982101,0.6977152529715237,0.5755643538705421,7
2025-12-18,GS,1,0.5522636778109479,0.5254493827763194,0.528317440701268,0.21166836634397937,0.45442471690812863,7
2025-12-18,IBM,0,0.5103489413559827,0.5177649421519661,0.490465463388984,0.4255589131665506,0.48603456501587083,7
2025-12-18,JPM,0,0.5302342162475043,0.6004435270544086,0.5646249163191173,0.44326450911083526,0.5346417921829664,7
2025-12-18,KO,0,0.4318957402879122,0.4283150034110033,0.4202970271081247,0.3355318620336499,0.4040099082101725,7
2025-12-18,MSFT,0,0.4718390115990968,0.43364952189806844,0.4506134932557591,0.32329965358059765,0.41985042008338047,7
2025-12-18,UNH,1,0.5512661033175821,0.5317063783719147,0.5158006285756435,0.3680128483595365,0.4916964896561692,7
2025-12-18,WMT,1,0.4810729546131447,0.5115382849911081,0.4662686936926999,0.648190445549124,0.5267675947115191,7
2025-12-18,XOM,1,0.46809542420502004,0.47401607661341083,0.43946771880129726,0.5384721741936772,0.48001284845335135,7
2025-12-19,AAPL,0,0.4237890816772335,0.412565508759941,0.43177695521330905,0.43934762078054107,0.4268697916077562,8
2025-12-19,CAT,1,0.5095767294480925,0.5129399101238212,0.5087157047683247,0.6665862247934992,0.5494546422834343,8
2025-12-19,DIS,0,0.5061797977536203,0.5470135262913532,0.5621763527656036,0.4357970853663242,0.5127916905442254,8
2025-12-19,GE,1,0.5304602036311699,0.5515055225025444,0.5403209486434577,0.6263323921575273,0.5621547667336748,8
2025-12-19,GS,1,0.516757426656954,0.523992369836184,0.5293055765702562,0.6256922429221294,0.548936903996381,8
2025-12-19,IBM,0,0.4843873714926526,0.5100617557529499,0.5312252497301406,0.5542339779297476,0.5199770887263726,8
2025-12-19,JPM,1,0.5070645955725148,0.5670912041736158,0.5577682771820706,0.5799346378988639,0.5529646787067664,8
2025-12-19,KO,0,0.4075244609018684,0.3938367019310227,0.40476557593261603,0.4093737252124691,0.4038751159944941,8
2025-12-19,MSFT,0,0.44204405428105115,0.4001538526620695,0.42115317063777824,0.21318334659111446,0.3691336060430033,8
2025-12-19,UNH,1,0.5347474442160759,0.538502769495057,0.5124971894486098,0.5315415040608201,0.5293222268051407,8
2025-12-19,WMT,0,0.4588111633711588,0.47037679805877675,0.4995125832660116,0.6540729796073759,0.5206933810758307,8
2025-12-19,XOM,1,0.42063787009438913,0.43903473643121166,0.43939048205571585,0.19433917296588107,0.37335056538679945,8
2025-12-22,AAPL,0,0.47337957369488215,0.4616939196499047,0.4732618049898658,0.507898579024745,0.4790584693398494,8
2025-12-22,CAT,1,0.5351754178892201,0.48676153132486577,0.5026293368162474,0.38127894230427667,0.4764613070836525,8
2025-12-22,DIS,0,0.5268229505886644,0.5521888430311364,0.5786529161206219,0.5015341739625258,0.539799720925737,8
2025-12-22,GE,1,0.5359480951929754,0.5775367779317746,0.5501864451303519,0.6187116468069936,0.5705957412655238,8
2025-12-22,GS,1,0.5544786011075693,0.5018384716022517,0.5160425071930064,0.5247340676051245,0.524273411876988,8
2025-12-22,IBM,0,0.5064898335893607,0.5002251353264132,0.5323459474331863,0.5175348733391124,0.5141489474220182,8
2025-12-22,JPM,1,0.5491597854625188,0.5887290470373251,0.5952722263833553,0.45727141377258806,0.5476081181639468,8
2025-12-22,KO,0,0.43804307536811127,0.409527591283981,0.42487776974017916,0.46688313376941176,0.4348328925404208,8
2025-12-22,MSFT,0,0.48620720035964415,0.44727383660651643,0.4624480116449816,0.27450241002807957,0.41760786465980543,8
2025-12-22,UNH,1,0.5390361313352826,0.525364528083585,0.5206608919340141,0.42444256601482644,0.502376029341927,8
2025-12-22,WMT,1,0.4540785196134924,0.42805823113283215,0.41360199942665204,0.4193461212825356,0.428771217863878,8
2025-12-22,XOM,0,0.4760645125946601,0.47663734289419163,0.4809876344580681,0.6024772461627573,0.5090416840274193,8
2025-12-23,AAPL,0,0.46959780767289244,0.46245507301576233,0.4732618049898658,0.4856610783871266,0.4727439410164118,8
2025-12-23,CAT,1,0.5385574651149381,0.4715492957557135,0.4976673969667736,0.2810576281409831,0.44720794649460205,8
2025-12-23,DIS,0,0.5280013447622451,0.5503508667670161,0.5738063130377034,0.58049858238805,0.5581642767387536,8
2025-12-23,GE,1,0.5519516663857643,0.5670770691489301,0.5452697185474283,0.7274767234897973,0.59794379439298,8
2025-12-23,GS,1,0.5553130995860245,0.4799263928426415,0.5160425071930064,0.5063648923098848,0.5144117229828893,8
2025-12-23,IBM,0,0.49598444611769243,0.5044860907896709,0.5323459474331863,0.5645767936302457,0.5243483194926989,8
2025-12-23,JPM,1,0.5533477509489517,0.5875154711053541,0.5904814991703563,0.6143939899214587,0.5864346777865302,8
2025-12-23,KO,0,0.4264988405622819,0.4046069541557812,0.42487776974017916,0.5340516549678563,0.44750880485652467,8
2025-12-23,MSFT,0,0.4879977995204683,0.44745335000580316,0.4624480116449816,0.2931130193832957,0.4227530451386372,8
2025-12-23,UNH,1,0.5406199200087776,0.4978220236590829,0.49138642244946884,0.5241672823994684,0.5134989121291994,8
2025-12-23,WMT,1,0.45508970889983347,0.4301571328665171,0.4165090458164897,0.4957101135631167,0.4493665002864893,8
2025-12-23,XOM,0,0.47756556060300537,0.46463794369327516,0.5031380064118922,0.3851910067011786,0.4576331293523378,8
2025-12-24,AAPL,0,0.46894294238593076,0.44699912475924963,0.46524186451893673,0.36712377928401485,0.437076927737033,8
2025-12-24,CAT,1,0.5387828511408244,0.4596185590577422,0.46925211440149084,0.1160886277782365,0.3959355380945735,8
2025-12-24,DIS,0,0.533736124728686,0.5550335358298174,0.5738063130377034,0.6728946512368803,0.5838676562082719,8
2025-12-24,GE,0,0.5506315421346368,0.49980977104751145,0.5249476986013992,0.7889426688923791,0.5910829201689817,8
2025-12-24,GS,1,0.5551486484555115,0.48766620346912626,0.5112908906656585,0.4576901159586049,0.5029489646372253,8
2025-12-24,IBM,1,0.4926056243978447,0.4937067024127658,0.5243214130437607,0.41927648106288795,0.4824775552293148,8
2025-12-24,JPM,1,0.5595141262672327,0.564262976720345,0.6012705029206478,0.7229274124051336,0.6119937545783397,8
2025-12-24,KO,0,0.43370817780464044,0.3991380191269561,0.42023667729077857,0.5544160464832898,0.4518747301764162,8
2025-12-24,MSFT,0,0.494626044696891,0.4418876418128847,0.4555303574827773,0.40933685789773055,0.4503452254725709,8
2025-12-24,UNH,1,0.5467453790830363,0.49372307701566037,0.49138642244946884,0.5346240688714639,0.5166197368549074,8
2025-12-24,WMT,0,0.4664896960125892,0.4431047826297799,0.4338332491689473,0.7810904021212638,0.531129532483145,8
2025-12-24,XOM,1,0.4862875212393775,0.455030521800517,0.47295432581474567,0.5252126217929006,0.48487124766188516,8
2025-12-26,AAPL,0,0.4673676127372662,0.44201382370729175,0.46524186451893673,0.37598101203626094,0.43765107824993893,8
2025-12-26,CAT,1,0.5365276637784263,0.4623352977559283,0.47532056429550074,0.15264761294714246,0.4067077846942494,8
2025-12-26,DIS,1,0.5305487592061933,0.5507113267623718,0.5738063130377034,0.6514218692666599,0.576622067068232,8
2025-12-26,GE,0,0.5474100298246799,0.5205225341070747,0.5318897092234409,0.7849593161758566,0.5961953973327629,8
2025-12-26,GS,1,0.5500516446296331,0.4967860925040922,0.5112908906656585,0.49478965239437694,0.5132295700484402,8
2025-12-26,IBM,1,0.4890414625766762,0.4986910709963664,0.529063030251274,0.5123746449494897,0.5072925521934516,8
2025-12-26,JPM,0,0.5547895090660958,0.5521753863469845,0.5852309672757745,0.6845014292402113,0.5941743229822665,8
2025-12-26,KO,1,0.4312516208768442,0.3964619777368788,0.42023667729077857,0.5623557391328782,0.45257650375934494,8
2025-12-26,MSFT,0,0.4905514642916416,0.44647910958680026,0.4555303574827773,0.5965501305304849,0.497277765472926,8
2025-12-26,UNH,1,0.5372695538250937,0.4961385843067617,0.48493651694719,0.4776895628175263,0.49900855447414294,8
2025-12-26,WMT,0,0.45682773446916947,0.44949341831337997,0.4338332491689473,0.7374748463480636,0.5194073120748901,8
2025-12-26,XOM,0,0.4781744725826507,0.4517882542619498,0.4488768602386927,0.4970403037317845,0.46896997270376944,8
2025-12-29,AAPL,0,0.4666066134198929,0.4580626243105435,0.4732618049898658,0.41353360591315264,0.4528661621583637,8
2025-12-29,CAT,1,0.523154780714869,0.5065389534907234,0.5054210190743417,0.6221754249540544,0.5393225445584972,8
2025-12-29,DIS,0,0.5263495541509932,0.5584567497622743,0.5786529161206219,0.6377190846954519,0.5752945761823354,8
2025-12-29,GE,0,0.5424814355945037,0.5486056340467752,0.5318897092234409,0.6886259491714315,0.5779006820090378,8
2025-12-29,GS,1,0.5443904512728458,0.5181561831778458,0.5243579258888798,0.5596437730068307,0.5366370833366005,8
2025-12-29,IBM,1,0.48544371446008355,0.5121081012586712,0.534005233410784,0.6252971596869088,0.5392135522041119,8
2025-12-29,JPM,0,0.5422154209990089,0.5675151979447087,0.5822362606708609,0.44240773696841396,0.5335936541457481,8
2025-12-29,KO,1,0.42561563050418894,0.4069866443078193,0.42487776974017916,0.5287420032085921,0.4465555119401949,8
2025-12-29,MSFT,1,0.4814232835377285,0.45228627019252465,0.45880151686472354,0.5181850401902732,0.47767402769631245,8
2025-12-29,UNH,0,0.535433800646472,0.5015064826989554,0.48493651694719,0.500958663254389,0.5057088658867516,8
2025-12-29,WMT,1,0.4476663820195944,0.45167526726573737,0.4398232298009519,0.4853524984481946,0.4561293443836195,8
2025-12-29,XOM,0,0.46993065856981964,0.4466010398414923,0.4225229940831141,0.47526026905982033,0.4535787403885616,8
2025-12-30,AAPL,0,0.466131657903762,0.44326505678867445,0.46524186451893673,0.3482055115673805,0.4307110226946884,8
2025-12-30,CAT,1,0.5327026585565943,0.46773734236079073,0.47860891414038226,0.3121462498315185,0.44779879122232147,8
2025-12-30,DIS,0,0.5268769170489189,0.5575509488798618,0.5738063130377034,0.6709067126227996,0.5822852228973209,8
2025-12-30,GE,1,0.5390312479614814,0.5601134320806429,0.5351702340471393,0.4845362945107418,0.5297128021500014,8
2025-12-30,GS,0,0.5404565071839923,0.5154754080509674,0.5080233336374321,0.4907037982268681,0.5136647617748149,8
2025-12-30,IBM,1,0.48978606886461085,0.4994033319439509,0.5323459474331863,0.4071043898968227,0.4821599345346427,8
2025-12-30,JPM,0,0.5395908055867548,0.5952526676935066,0.588279525520292,0.5030432859666796,0.5565415711918082,8
2025-12-30,KO,1,0.4252782937710638,0.40078243887754594,0.42487776974017916,0.5405920660323177,0.4478826421052766,8
2025-12-30,MSFT,0,0.4732078064890993,0.4461768001180892,0.4624480116449816,0.39401611183081925,0.4439621825207473,8
2025-12-30,UNH,0,0.5360221411754534,0.4989226222606839,0.5073357022163767,0.47442778613950437,0.5041770629480046,8
2025-12-30,WMT,1,0.44503194366321763,0.4511049940124464,0.4398232298009519,0.44248373635212146,0.44461097595718435,8
2025-12-30,XOM,1,0.4745321510465008,0.4539539887049795,0.4428610569389115,0.42820439875332644,0.44988789886092956,8
2025-12-31,AAPL,0,0.45760123566713407,0.46561079749698253,0.4732618049898658,0.30456068197910974,0.4252586300332731,8
2025-12-31,CAT,1,0.5335270322962662,0.46865485331078915,0.47860891414038226,0.34459080459574626,0.45634540108579597,8
2025-12-31,DIS,1,0.5213590675013956,0.535512877480562,0.549575539380129,0.6688151683140265,0.5688156631690283,8
2025-12-31,GE,0,0.5335687590265482,0.5212320892877009,0.5172501058319607,0.4747700525432258,0.5117052516723589,8
2025-12-31,GS,0,0.543918282191075,0.4956279338083899,0.5160425071930064,0.4023527635641496,0.4894853716891552,8
2025-12-31,IBM,1,0.49165250278235917,0.4912584013643676,0.5323459474331863,0.4138136190819541,0.48226761766546683,8
2025-12-31,JPM,0,0.5444689784673662,0.5700915940534982,0.5775345816297477,0.708277329146668,0.6000931208243201,8
2025-12-31,KO,1,0.42355711633959936,0.40211397439805774,0.42487776974017916,0.5659106523766968,0.4541148782136333,8
2025-12-31,MSFT,0,0.4722564206577641,0.46394287432695275,0.46572635530439965,0.45029430160174,0.46305498797271416,8
2025-12-31,UNH,0,0.5350863066127021,0.4887620529632232,0.5041778744671879,0.44960013158839823,0.49440659140787785,8
2025-12-31,WMT,1,0.4422477294834169,0.44283986983900386,0.4365782277288336,0.4529263034671974,0.44364803262961294,8
2025-12-31,XOM,1,0.4769043591099207,0.4554176198657787,0.4488768602386927,0.5337309798881102,0.4787324547756256,8
2026-01-02,AAPL,0,0.4477917272028549,0.4720010658087747,0.4797979531100092,0.3302052091743605,0.43244898882399985,8
2026-01-02,CAT,1,0.5308047742002776,0.49385132026758993,0.5054210190743417,0.6291434545438916,0.5398051420215253,8
2026-01-02,DIS,0,0.5136837366390806,0.5377202981709984,0.5621763527656036,0.6010629529362976,0.553660835127995,8
2026-01-02,GE,1,0.5491171685767917,0.5894517053345925,0.5929184693699268,0.40775159807210937,0.5348097353383551,8
2026-01-02,GS,1,0.5459429937934644,0.5237224265723384,0.5293055765702562,0.44038827676568115,0.509839818425435,8
2026-01-02,IBM,0,0.48569506661399386,0.5214808402638138,0.5402592752943678,0.414452989020268,0.49047204279811085,8
2026-01-02,JPM,0,0.5382064622049914,0.575072427015136,0.5823696452259539,0.33638416332663634,0.5080081744431794,8
2026-01-02,KO,1,0.4137957527211383,0.41064312425777194,0.42487776974017916,0.5357011588771696,0.4462544513990647,8
2026-01-02,MSFT,0,0.46290152874400453,0.4437764020598852,0.44517727186384365,0.5502487120478297,0.47552597867889074,8
2026-01-02,UNH,0,0.534608856084219,0.5244658833031948,0.5091389347942807,0.6076042212010712,0.5439544738456914,8
2026-01-02,WMT,1,0.44172684281540947,0.4447369886696729,0.4365782277288336,0.409682734860236,0.433181198518538,8
2026-01-02,XOM,1,0.4809942591970432,0.4634544790385693,0.47635193322893715,0.5698720917700512,0.4976681908086502,8
2026-01-05,AAPL,0,0.4430459632893632,0.43838137597518634,0.444790752759859,0.3569634135027563,0.4207953763817912,8
2026-01-05,CAT,1,0.5284893710724471,0.4997799829965276,0.5054210190743417,0.5994129085549806,0.5332758204245742,8
2026-01-05,DIS,0,0.5124823620531607,0.557037439006739,0.558929340476833,0.5200265917404736,0.5371189333193016,8
2026-01-05,GE,1,0.5447844644529665,0.5961105088540959,0.5929184693699268,0.4906025008183505,0.5561039858738349,8
2026-01-05,GS,1,0.5439622761725269,0.5528912360885714,0.5293055765702562,0.6198057299095865,0.5614912046852353,8
2026-01-05,IBM,1,0.48975978145594184,0.5097386193241856,0.5372838301256481,0.422082929380547,0.48971629007158063,8
2026-01-05,JPM,0,0.5372563330629396,0.5758036927056758,0.5822362606708609,0.4887961019255632,0.5460230970912598,8
2026-01-05,KO,0,0.4022391019892608,0.4005499148945999,0.3928141087579947,0.40894317649319467,0.4011365755337625,8
2026-01-05,MSFT,0,0.455556616677995,0.4475825802874748,0.45656216768919444,0.4155418835286451,0.44381081204582734,8
2026-01-05,UNH,0,0.5083835261028066,0.5464751324401271,0.5089233315207697,0.7124618553753072,0.5690609613597527,8
2026-01-05,WMT,1,0.43024051540683034,0.4207053437630992,0.41631309655034004,0.48459501232749336,0.43796349201194074,8
2026-01-05,XOM,1,0.46028705607569576,0.454692379830858,0.47635193322893715,0.38590029599067044,0.4443079162815403,8
2026-01-06,AAPL,0,0.4434838120279135,0.44229257994313,0.4218645928047713,0.43516589716272924,0.435701720484636,8
2026-01-06,CAT,1,0.5329000803868004,0.48606341194198555,0.5054210190743417,0.5459111119549175,0.5175739058395114,8
2026-01-06,DIS,0,0.5204038829090499,0.5558270639791149,0.5782057646076191,0.6172338365721223,0.5679176370169765,8
2026-01-06,GE,0,0.5485953117237964,0.5974684532836693,0.5929184693699268,0.49423668678047394,0.5583047302894666,8
2026-01-06,GS,1,0.5631416019876282,0.5356618147746879,0.5293055765702562,0.4739555609815289,0.5255161385785253,8
2026-01-06,IBM,0,0.4944223705287966,0.5333519236938875,0.5372838301256481,0.55036082358127,0.5288547369824006,8
2026-01-06,JPM,0,0.5412528411686888,0.5700941390268349,0.5791602837218163,0.4864527531133109,0.5442400042576626,8
2026-01-06,KO,1,0.40299242604589897,0.4010926851186169,0.3928141087579947,0.41325937071174706,0.4025396476585644,8
2026-01-06,MSFT,0,0.45894018258856656,0.4563028255023721,0.4610393373467875,0.41944235326494905,0.4489311746756688,8
2026-01-06,UNH,1,0.5094019231479228,0.5487281199779794,0.5028370219828328,0.6090190774537448,0.54249653564062,8
2026-01-06,WMT,1,0.4330728730929344,0.42168656177732855,0.41631309655034004,0.4677662303534653,0.4347096904435171,8
2026-01-06,XOM,1,0.5004291214241198,0.5173095164611397,0.5396700579787049,0.5852023853453767,0.5356527703023353,8
2026-01-07,AAPL,0,0.44544575226617755,0.4540201164395544,0.48036113524279367,0.4786989758164946,0.46463149494125505,8
2026-01-07,CAT,1,0.5345692492856843,0.4979265232958793,0.5054210190743417,0.6181224134521237,0.5390098012770073,8
2026-01-07,DIS,1,0.5180584341320333,0.5388476384032523,0.5621763527656036,0.5341489336238447,0.5383078397311836,8
2026-01-07,GE,0,0.5397935460389545,0.5956789794787926,0.5965138900456952,0.45434563137599265,0.5465830117348588,8
2026-01-07,GS,1,0.5493298326325757,0.5625518137563754,0.5324517774092812,0.5177724057337227,0.5405264573829888,8
2026-01-07,IBM,0,0.4976854886670399,0.5390685511822483,0.5323459474331863,0.40332327464615125,0.49310581548215643,8
2026-01-07,JPM,0,0.5397694766565554,0.5970449309195783,0.5881466936269909,0.43828807432906597,0.5408122938830476,8
2026-01-07,KO,1,0.40543415998911764,0.4012590336395726,0.3928141087579947,0.41661523225051444,0.4040306336592999,8
2026-01-07,MSFT,0,0.4520327739357807,0.43724970526434487,0.45656216768919444,0.39102837371751215,0.43421825515170803,8
2026-01-07,UNH,1,0.5185568893564505,0.534407855549288,0.5091389347942807,0.7184216718465251,0.5701313378866362,8
2026-01-07,WMT,0,0.4329868017379232,0.417987808250391,0.41631309655034004,0.5058262581113033,0.4432784911624894,8
2026-01-07,XOM,1,0.5124652333361776,0.522689492919625,0.5246712364069772,0.47801389383909326,0.5094599641254682,8
2026-01-08,AAPL,0,0.4444168315838546,0.44984784569362735,0.4562345906965048,0.4950998570852486,0.46139978126480885,8
2026-01-08,CAT,1,0.5480635305284961,0.48600205281209263,0.5004592503640088,0.39504767949593494,0.48239312830013314,8
2026-01-08,DIS,1,0.511267783552398,0.55010707411555,0.558929340476833,0.5876073342645679,0.5519778831023372,8
2026-01-08,GE,0,0.5358052470695405,0.5707778284310587,0.5501864451303519,0.49387338860682883,0.5376607273094449,8
2026-01-08,GS,1,0.5513334406749698,0.5243585574099328,0.5078862690650873,0.5074373461054431,0.5227539033138582,8
2026-01-08,IBM,0,0.500630438240776,0.5409518087177558,0.529063030251274,0.493912092499683,0.5161393424273722,8
2026-01-08,JPM,0,0.5352887846948597,0.5897792421540438,0.5822362606708609,0.6322382963872615,0.5848856459767564,8
2026-01-08,KO,1,0.42543508475429676,0.3903151278454313,0.3928141087579947,0.31688213799365716,0.3813616148378449,8
2026-01-08,MSFT,0,0.44957168761454486,0.45975306890622364,0.4771847885331365,0.4325173565662366,0.45475672540503537,8
2026-01-08,UNH,1,0.5256947803745665,0.5128965613491047,0.49633660641257105,0.6179553401106082,0.5382208220617126,8
2026-01-08,WMT,0,0.43245989697351156,0.4128426903024466,0.41631309655034004,0.469192856732888,0.43270213513979655,8
2026-01-08,XOM,1,0.5302131599028617,0.5288581327646578,0.5184585695347168,0.7050781429118127,0.5706520012785122,8
2026-01-09,AAPL,0,0.4482514615289248,0.471951587867502,0.4687069311010538,0.494610128216147,0.47088002717840693,8
2026-01-09,CAT,0,0.5543383738046165,0.48528065163437917,0.5004592503640088,0.1689027832258046,0.42724526475720226,8
2026-01-09,DIS,0,0.5147570630789624,0.5625132780017914,0.5830386924694966,0.6810686941126878,0.5853444319157346,8
2026-01-09,GE,0,0.5531916350224612,0.5677746241076809,0.5582763758039712,0.32871800613784363,0.5019901602679893,8
2026-01-09,GS,0,0.5578754671997108,0.5044206737566082,0.5029249087523271,0.45528151047210336,0.5051256400451873,8
2026-01-09,IBM,1,0.50119787893729,0.5450172265865518,0.529063030251274,0.4055007805070995,0.49519472907055384,8
2026-01-09,JPM,0,0.5313789641446375,0.5466721733681645,0.569007211120511,0.6007102336033228,0.5619421455591589,8
2026-01-09,KO,1,0.4326709716163585,0.3845300693388477,0.389674672567045,0.21160868480502643,0.3546210995818194,8
2026-01-09,MSFT,1,0.44794825449155157,0.44474882701703705,0.4738973299770398,0.39725704617218444,0.4409628644144532,8
2026-01-09,UNH,1,0.5275453054039435,0.4874179790744725,0.49633660641257105,0.6471190967883449,0.539604746919833,8
2026-01-09,WMT,1,0.433570724013408,0.41542023077765994,0.41631309655034004,0.4961188958258222,0.44035573679180756,8
2026-01-09,XOM,1,0.5246772496116016,0.5324511611206075,0.5184585695347168,0.7700608092105918,0.5864119473693794,8
2026-01-12,AAPL,1,0.43575885615035387,0.4502792649441648,0.4610393373467875,0.4646268783806829,0.4529260842054973,8
2026-01-12,CAT,0,0.5557465399712191,0.48714295729157203,0.5004592503640088,0.2529906029278827,0.4490848376386707,8
2026-01-12,DIS,1,0.5136643311846109,0.5524215623408563,0.5637349210607652,0.4848193586244987,0.5286600433026828,8
2026-01-12,GE,0,0.5490337351684613,0.5614626255708792,0.5501864451303519,0.3228089754812014,0.4958729453377234,8
2026-01-12,GS,0,0.5522130559677779,0.5170702374572222,0.5111804153333932,0.527945749947258,0.5271023646764128,8
2026-01-12,IBM,0,0.5002827338138003,0.5589982521449361,0.534005233410784,0.38517388033890193,0.4946150249271056,8
2026-01-12,JPM,0,0.5094405340189176,0.5353369621336184,0.5528985361870508,0.3869397793208241,0.4961539529151027,8
2026-01-12,KO,1,0.4349914275537424,0.38731975034884203,0.389674672567045,0.25653665560598626,0.36713062651890394,8
2026-01-12,MSFT,1,0.42887233303748085,0.42847674761049426,0.4254842387161402,0.39785905170469626,0.4201730927672029,8
2026-01-12,UNH,1,0.514405898548976,0.5329323413193884,0.510679480248402,0.687554925062799,0.5613931612948914,8
2026-01-12,WMT,0,0.4236785694924412,0.41150444521558677,0.41631309655034004,0.3266314286258428,0.39453188497105274,8
2026-01-12,XOM,1,0.5146625896650066,0.5548270882063105,0.5278207804690946,0.4342501996395463,0.5078901644949896,8
2026-01-13,AAPL,1,0.43541365059043974,0.44118370890837805,0.4610393373467875,0.4085095040640282,0.43653655022740834,8
2026-01-13,CAT,1,0.5508810817814401,0.489668749026701,0.5054210190743417,0.3326998661480747,0.46966767900763934,8
2026-01-13,DIS,0,0.5104928821822401,0.5476157907643497,0.5637349210607652,0.5477460885205869,0.5423974206319855,8
2026-01-13,GE,0,0.5494371149035254,0.5562812937905484,0.5452697185474283,0.4134443619611686,0.5161081223006677,8
2026-01-13,GS,0,0.5453102664214479,0.5298250425141151,0.5141075036569209,0.6030896908092415,0.5480831258504313,8
2026-01-13,IBM,1,0.5094279153560669,0.5508045965949759,0.5374982976356064,0.6458606605847501,0.5608978675428499,8
2026-01-13,JPM,0,0.5064328215319938,0.5468595631262276,0.4932124742482925,0.7549763477097766,0.5753703016540727,8
2026-01-13,KO,1,0.43773567686908776,0.3959139999408398,0.389674672567045,0.20937516764737457,0.35817487925608676,8
2026-01-13,MSFT,1,0.42519057283390527,0.4281292667230397,0.4242991481001023,0.466004554369037,0.43590588550652104,8
2026-01-13,UNH,0,0.5145903914952175,0.523985094350865,0.5087116956381058,0.397179668721983,0.4861167125515429,8
2026-01-13,WMT,0,0.4365116935387112,0.4177440045599994,0.41631309655034004,0.3667609847004178,0.40933244483736714,8
2026-01-13,XOM,1,0.5010600330429659,0.5384486960262473,0.5184585695347168,0.5744228091330855,0.5330975269342538,8
2026-01-14,AAPL,1,0.4379266518143184,0.4542971683431216,0.4771847885331365,0.3971735488572429,0.44164553938695483,8
2026-01-14,CAT,1,0.5446260137620074,0.47493062034539857,0.49933400525331845,0.3964113229296824,0.47882549057260165,8
2026-01-14,DIS,0,0.5095214370956389,0.5476923561128432,0.5604904308874283,0.6176454951639396,0.5588374298149625,8
2026-01-14,GE,0,0.5323704209366819,0.5570770024875371,0.540104058204512,0.25954599744515966,0.4722743697684727,8
2026-01-14,GS,0,0.5359788995513647,0.5189438275923532,0.5080233336374321,0.6539908706157999,0.5542342328492375,8
2026-01-14,IBM,0,0.5156367539678913,0.5491163294555934,0.5342199031573535,0.552770320693397,0.5379358268185588,8
2026-01-14,JPM,1,0.49888186247348776,0.5349403559918057,0.5171573011407926,0.6751836003245792,0.5565407799826663,8
2026-01-14,KO,1,0.42811965633905075,0.39193074509481957,0.389674672567045,0.22397943808586615,0.3584261280216954,8
2026-01-14,MSFT,1,0.4360855219517119,0.44121915024141434,0.43524470202780347,0.32814908758260597,0.41017461545088396,8
2026-01-14,UNH,0,0.5092498981366232,0.5162334824743208,0.5057188742905289,0.5526331904460233,0.5209588613368741,8
2026-01-14,WMT,0,0.42725755293515133,0.4144869387529706,0.41631309655034004,0.28254689996044735,0.38515112204972735,8
2026-01-14,XOM,1,0.49549274596790194,0.5612379177997432,0.5779605720881176,0.5253225725696933,0.540003452106364,8
2026-01-15,AAPL,1,0.4378511937667901,0.45519550876212966,0.4771847885331365,0.3902770515493945,0.4401271356528627,8
2026-01-15,CAT,1,0.547977943702334,0.5143683133478596,0.5239262543121213,0.27191250371791426,0.46454625377005726,8
2026-01-15,DIS,0,0.5120882753925062,0.5526623322119878,0.5637349210607652,0.6168097630890992,0.5613238229385895,8
2026-01-15,GE,1,0.5299403659043204,0.5511851651191417,0.5368282178919218,0.44344643042264503,0.5153500448345072,8
2026-01-15,GS,0,0.547632324135403,0.5626817156342734,0.5392385019983773,0.7122411544188854,0.5904484240467347,8
2026-01-15,IBM,1,0.5165112491689713,0.5492510658827314,0.5406372622449337,0.7219283324696862,0.5820819774415806,8
2026-01-15,JPM,0,0.5188907244037723,0.5310593811770757,0.5257733467962122,0.6471155024321837,0.555709738702311,8
2026-01-15,KO,1,0.4325763803998659,0.39996788698297675,0.39397143985167704,0.3056070781315314,0.3830306963415128,8
2026-01-15,MSFT,0,0.4399147685771915,0.45744134025213573,0.43164459412000417,0.45551069383912773,0.4461278491971148,8
2026-01-15,UNH,0,0.5094500707793941,0.5213744527710528,0.510679480248402,0.551820947138627,0.523331237734369,8
2026-01-15,WMT,0,0.42537446593237827,0.40228996609643425,0.41631309655034004,0.3016491062904712,0.3864066587174059,8
2026-01-15,XOM,1,0.5093639242648998,0.5538428374257676,0.5344505255839983,0.6321778716600283,0.5574587897336735,8
2026-01-16,AAPL,1,0.42483294691542467,0.4233674882086988,0.45656216768919444,0.44168959388522633,0.43661304917463606,8
2026-01-16,CAT,1,0.5503711914542133,0.5162431129806756,0.5239262543121213,0.40079611787269326,0.49783416915492584,8
2026-01-16,DIS,0,0.5044697021104502,0.5595439495849286,0.5710954893972751,0.32827768504219984,0.4908467065337134,8
2026-01-16,GE,1,0.5348642647601017,0.5617117938621539,0.5501864451303519,0.35549939979199996,0.5005654758861519,8
2026-01-16,GS,0,0.5583674331335722,0.553101526384397,0.5392385019983773,0.7642301761777981,0.6037344094235362,8
2026-01-16,IBM,1,0.5181436870307118,0.5501032143516437,0.5373619666737752,0.6732182538981313,0.5697067804885655,8
2026-01-16,JPM,1,0.5187639997473491,0.5376121589796754,0.5171573011407926,0.5265770372209113,0.5250276242721821,8
2026-01-16,KO,0,0.42926497565548555,0.4033449850642981,0.3928141087579947,0.3798562127861903,0.40132007056599217,8
2026-01-16,MSFT,0,0.4328405931333957,0.43866196486301334,0.42722660293484543,0.2643763595835252,0.3907763801286949,8
2026-01-16,UNH,0,0.5101154045050063,0.5328137407626048,0.510679480248402,0.42472813607847654,0.4945841903986224,8
2026-01-16,WMT,0,0.37672659779823625,0.39157011631004657,0.36973269736376124,0.3203596909318198,0.36459727560096594,8
2026-01-16,XOM,1,0.5028872471797503,0.5746427886136968,0.5627158198659964,0.6766495469586313,0.5792238506545186,8
2026-01-20,AAPL,1,0.4436199650936203,0.43968360172190285,0.4562345906965048,0.5354415207113113,0.46874491955583486,8
2026-01-20,CAT,1,0.5537960342526588,0.5513648881916694,0.5292495555291451,0.6094384801382952,0.5609622395279421,8
2026-01-20,DIS,0,0.5026130433993844,0.54350520671649,0.5681600944271952,0.4656727538265586,0.5199877745924071,8
2026-01-20,GE,1,0.526614231570246,0.5438677680088719,0.5734675632366346,0.6397785536011369,0.5709320291042224,8
2026-01-20,GS,0,0.567943607040618,0.540186164494635,0.5291207425511791,0.5565018277664407,0.5484380854632182,8
2026-01-20,IBM,1,0.5288887365534143,0.5058224213551845,0.5017847134972043,0.7858556876517059,0.5805878897643773,8
2026-01-20,JPM,0,0.5330504164396315,0.553577600743402,0.5522050377503,0.5891435364108902,0.5569941478360559,8
2026-01-20,KO,1,0.4257040842196668,0.3755161594956985,0.389674672567045,0.2856026580765287,0.36912439358973476,8
2026-01-20,MSFT,0,0.4407347897223244,0.46064270496274756,0.43968195982058444,0.3739395549914675,0.4287497523742809,8
2026-01-20,UNH,0,0.5023585522640384,0.5632771815722121,0.5639470786355774,0.6002821750354094,0.5574662468768092,8
2026-01-20,WMT,1,0.4347317144689999,0.44469270740888367,0.4806559137852753,0.47746173454425944,0.4593855175518545,8
2026-01-20,XOM,0,0.4911691112821548,0.5346077828360464,0.5504962675461481,0.6469184173492498,0.5557978947533998,8
2026-01-21,AAPL,1,0.44658576649026105,0.4447830677260768,0.46766390902265165,0.483908849888576,0.46073539828189136,8
2026-01-21,CAT,1,0.5618731045133462,0.5385873348645245,0.5292495555291451,0.49553294366949396,0.5313107346441274,8
2026-01-21,DIS,0,0.508806089073039,0.5562431379502017,0.5681600944271952,0.5301421362455091,0.5408378644239863,8
2026-01-21,GE,0,0.5242378200669867,0.5646703070018839,0.5786823748781031,0.6007056730079722,0.5670740437387365,8
2026-01-21,GS,0,0.5699794555693355,0.5448488270448205,0.5392385019983773,0.5975298464656068,0.562899157769535,8
2026-01-21,IBM,0,0.5401274943016013,0.5038449070912254,0.48199401637728057,0.6993124848454669,0.5563197256538935,8
2026-01-21,JPM,1,0.5315417122861456,0.529893240539429,0.5108950534968975,0.6719392739257842,0.5610673200620641,8
2026-01-21,KO,1,0.4276990259904694,0.3765563050313523,0.389674672567045,0.27974050345505513,0.36841762676098044,8
2026-01-21,MSFT,0,0.42134018263391537,0.44917409045778395,0.4367580251263241,0.2321143562290577,0.3848466636117703,8
2026-01-21,UNH,0,0.5074553155106359,0.5637239734447833,0.5546968515231803,0.6790494402812028,0.5762313951899506,8
2026-01-21,WMT,1,0.4410043053966393,0.4520233417908561,0.4839471291224559,0.4044828275423276,0.44536440096306973,8
2026-01-21,XOM,1,0.49690422243464116,0.5566170178644253,0.541436671534188,0.7055640005208842,0.5751304780885346,8
2026-01-22,AAPL,1,0.4508442917355999,0.4679055368235672,0.480172789988225,0.48838138692249056,0.47182600136747066,8
2026-01-22,CAT,1,0.5664544595543872,0.5312533970368719,0.5243018452088715,0.2143836139776636,0.4590983289444485,8
2026-01-22,DIS,0,0.5044591071755112,0.5532725592614093,0.5681600944271952,0.5200408952449738,0.5364831640272724,8
2026-01-22,GE,0,0.5457831758487603,0.5328435612370174,0.5616409925229984,0.44177497200736354,0.5205106754040348,8
2026-01-22,GS,0,0.561047946023707,0.5373290197191342,0.525835350900426,0.7242099253148988,0.5871055604895414,8
2026-01-22,IBM,0,0.5447003764723255,0.49805064435906665,0.4931529788411841,0.5506053961892056,0.5216273489654455,8
2026-01-22,JPM,1,0.5263483662512701,0.5334134786224984,0.5108950534968975,0.7278987278759264,0.5746389065616482,8
2026-01-22,KO,1,0.4358078285733347,0.40081080749879494,0.40955295484030574,0.252110572716738,0.37457054090729336,8
2026-01-22,MSFT,0,0.4337560437060836,0.44458504405342686,0.4824314319102434,0.26156653588801015,0.405584763889441,8
2026-01-22,UNH,0,0.5132355716535245,0.5914244266395949,0.5832484024277531,0.6138750718245313,0.575445868136351,8
2026-01-22,WMT,1,0.4453038022173913,0.46019987901697446,0.43613495913827466,0.38330726702493534,0.4312364768493939,8
2026-01-22,XOM,1,0.5007348839992971,0.5388203318012468,0.5445715548616646,0.6277916725125181,0.5529796107936817,8
2026-01-23,AAPL,1,0.44901205826288637,0.4589114206799074,0.480172789988225,0.4809933824390789,0.4672724128425244,8
2026-01-23,CAT,1,0.5618903381929585,0.5086233220943376,0.5026293368162474,0.7129737992159887,0.5715291990798831,8
2026-01-23,DIS,0,0.5065676387795742,0.554281750033231,0.5681600944271952,0.33893000975393445,0.4919848732484837,8
2026-01-23,GE,1,0.5502956723037534,0.5344303992693775,0.5616409925229984,0.37973343205416066,0.5065251240375724,8
2026-01-23,GS,0,0.5648961156810232,0.5444395014934214,0.5409767298192517,0.6428611230954336,0.5732933675222825,8
2026-01-23,IBM,0,0.5459151807654614,0.49384385910509215,0.47704040331841685,0.3627869428971018,0.46989659652151805,8
2026-01-23,JPM,0,0.5208481300420734,0.5271444362080855,0.5108950534968975,0.5071102633282879,0.5164994707688361,8
2026-01-23,KO,1,0.4311532509005225,0.3862773809895132,0.389674672567045,0.19103428091065738,0.3495348963419345,8
2026-01-23,MSFT,0,0.4434175761821867,0.42281214032865533,0.39581594789358093,0.1386221929955813,0.35016696435000105,8
2026-01-23,UNH,0,0.5072948721970765,0.5959812819409909,0.5832484024277531,0.5902705507732043,0.5691987768347562,8
2026-01-23,WMT,1,0.4465853562917128,0.45729531390496714,0.43015663735182025,0.3975250786173836,0.43289059654147094,8
2026-01-23,XOM,1,0.4974885398810922,0.5453514285444079,0.541436671534188,0.6754026418404612,0.5649198204500373,8
2026-01-26,AAPL,1,0.46074430140621025,0.43393884508976466,0.45656216768919444,0.24208124767992123,0.3983316404662727,8
2026-01-26,CAT,1,0.5610190498646325,0.5297535709306411,0.5239262543121213,0.6467157299530403,0.5653536512651088,8
2026-01-26,DIS,0,0.5070468121675931,0.5458429533412625,0.5681600944271952,0.5570415325015687,0.5445228481094049,8
2026-01-26,GE,0,0.5455435076607785,0.533105926016049,0.5616409925229984,0.31642147270045706,0.48917797472507074,8
2026-01-26,GS,0,0.5776171894758116,0.5374989817326903,0.529866916077482,0.4730684812710235,0.5295128921392519,8
2026-01-26,IBM,0,0.5479322859226561,0.49498395847209553,0.48199401637728057,0.5622648045776785,0.5217937663374277,8
2026-01-26,JPM,1,0.52073505126452,0.531011680792124,0.5108950534968975,0.5345756589932591,0.5243043611367002,8
2026-01-26,KO,1,0.4370873041706798,0.39727943253217407,0.39397143985167704,0.15968391073450344,0.3470055218222586,8
2026-01-26,MSFT,0,0.45296405835521525,0.45257782850302186,0.5000759742970321,0.13088687379872624,0.3841261837384989,8
2026-01-26,UNH,0,0.5018065271708907,0.5929187630015461,0.5832484024277531,0.5368580022458588,0.5537079237115121,8
2026-01-26,WMT,1,0.4461938032783333,0.4458703005362735,0.43015663735182025,0.38678932067060046,0.4272525154592569,8
2026-01-26,XOM,1,0.49668242011840685,0.5510164053871448,0.5445715548616646,0.6632310744116691,0.5638753636947214,8
2026-01-27,AAPL,0,0.4573731035208918,0.41796212381033426,0.42108258583281355,0.06476102348930399,0.3402947091633359,8
2026-01-27,CAT,1,0.5630005880451825,0.5160867956590751,0.5189734461271491,0.260358002036922,0.4646047079670822,8
2026-01-27,DIS,0,0.5064322273995261,0.5444687188950132,0.5637349210607652,0.6201419580672225,0.5586944563556318,8
2026-01-27,GE,1,0.5405675771156087,0.5660451275587031,0.5929289121050411,0.5820577261594055,0.5703998357346896,8
2026-01-27,GS,0,0.5701319058240073,0.5441392168003014,0.529866916077482,0.5259814894005569,0.5425298820255869,8
2026-01-27,IBM,0,0.5317266201441172,0.5297400836035548,0.5271047134750934,0.2677656497249901,0.4640842667369388,8
2026-01-27,JPM,1,0.510648854365647,0.5577151703223033,0.5639470786355774,0.6654179919949569,0.5744322738296211,8
2026-01-27,KO,1,0.4397522554136405,0.40631791444757787,0.4036781467754497,0.17476514281828154,0.3561283648637374,8
2026-01-27,MSFT,0,0.45335223412298215,0.4607299782980359,0.4322409851548411,0.09384350681285988,0.36004167609717974,8
2026-01-27,UNH,0,0.5878055676265679,0.5816939493939339,0.5652757344026395,0.4341608810739529,0.5422340331242735,8
2026-01-27,WMT,1,0.44789420546381414,0.4440069593088019,0.43015663735182025,0.41198920594831345,0.4335117520181874,8
2026-01-27,XOM,1,0.49813196138774746,0.5477195163767891,0.5156994961070025,0.6944990409567513,0.5640125037070726,8
2026-01-28,AAPL,1,0.45740275053504226,0.43486318421724623,0.4414043113569505,0.11168735826185754,0.3613394010927742,8
2026-01-28,CAT,1,0.5601045299120027,0.5329157037467107,0.5239262543121213,0.6739065805542926,0.5727132671312818,8
2026-01-28,DIS,1,0.5089308159459023,0.5428500454645526,0.5637349210607652,0.43849099287691334,0.5135016938370334,8
2026-01-28,GE,1,0.5350574038316426,0.5486299565189986,0.5660710564816002,0.35096539910637903,0.5001809539846551,8
2026-01-28,GS,1,0.576010741189268,0.5376977998050079,0.529866916077482,0.5427183555403969,0.5465734531530387,8
2026-01-28,IBM,0,0.5183390511074801,0.5352056298707014,0.5353296740215095,0.771621939235698,0.5901240735588473,8
2026-01-28,JPM,0,0.5151141192927867,0.5510595956878979,0.5639470786355774,0.6108304575063304,0.560237812780648,8
2026-01-28,KO,0,0.43805984719147795,0.39637450753530534,0.38817320062828436,0.21028946569414222,0.3582242552623025,8
2026-01-28,MSFT,0,0.44310531060771063,0.45906547363756955,0.4227044498701215,0.08500375724610877,0.35246974784037766,8
2026-01-28,UNH,0,0.6113658782863218,0.6071178419528866,0.682619806031025,0.7470549889667795,0.6620396288092533,8
2026-01-28,WMT,0,0.45350072611470926,0.45798491097154326,0.46250722978159325,0.4370899145498978,0.4527706953544359,8
2026-01-28,XOM,1,0.4975203553951635,0.5409908630744898,0.5125437689902634,0.6056701822370897,0.5391812924242516,8
2026-01-29,AAPL,0,0.4494342109633276,0.41045247277236163,0.42108258583281355,0.10611320363505648,0.34677061830088984,8
2026-01-29,CAT,1,0.5545169709312292,0.5302797383128863,0.5239262543121213,0.4829204724933851,0.5229108590124054,8
2026-01-29,DIS,0,0.5094306287851014,0.5563088717215826,0.5639470786355774,0.4317823596760122,0.5153672347045684,8
2026-01-29,GE,1,0.5405378937887138,0.5736505392119329,0.5788952567317919,0.5664639174659625,0.5648869017996002,8
2026-01-29,GS,1,0.5662951358953248,0.5100064361289683,0.5237972953354421,0.4320811491185154,0.5080450041195627,8
2026-01-29,IBM,0,0.516371117378337,0.5166406177269665,0.4966623768836824,0.612212407503449,0.5354716298731087,8
2026-01-29,JPM,0,0.5206135152013295,0.5457264002083783,0.5607029367451326,0.685991306962613,0.5782585397793634,8
2026-01-29,KO,1,0.43060211527694303,0.388895340384766,0.38389961184174404,0.201527246813278,0.35123107857918273,8
2026-01-29,MSFT,0,0.44963165313812636,0.45668787571422564,0.4076365411534824,0.6916762881302287,0.5014080895340158,8
2026-01-29,UNH,1,0.6071921116228438,0.6150688120426654,0.6651622167029428,0.41131084616123126,0.5746834966324208,8
2026-01-29,WMT,0,0.4528761698825684,0.45451266485354874,0.46250722978159325,0.3994962238673231,0.44234807209625837,8
2026-01-29,XOM,1,0.47237719523524757,0.5502489476460386,0.5445715548616646,0.49927430229329084,0.5166180000090603,8
2026-01-30,AAPL,0,0.4416995728749466,0.41760493997652937,0.4460826869101521,0.12173109899357518,0.35677957468880084,8
2026-01-30,CAT,1,0.5539004257166018,0.5387957359509701,0.5239262543121213,0.5065465258894731,0.5307922354672916,8
2026-01-30,DIS,0,0.49964322766845465,0.5562247769364024,0.5607029367451326,0.4918626519930416,0.5271083983357578,8
2026-01-30,GE,1,0.5390548704452979,0.569756756769791,0.5788952567317919,0.5091714493180979,0.5492195833162448,8
2026-01-30,GS,0,0.5690263377081386,0.4969274909531176,0.5205084198888161,0.4118902251770361,0.4995881184317771,8
2026-01-30,IBM,0,0.5363894413084144,0.521744950395902,0.4966623768836824,0.5793141822352592,0.5335277377058145,8
2026-01-30,JPM,0,0.5187817671412724,0.5420832268912121,0.5607029367451326,0.6453546386025468,0.566730642345041,8
2026-01-30,KO,0,0.4332016962990994,0.3868723121506341,0.38389961184174404,0.3016331168294083,0.37640168428022147,8
2026-01-30,MSFT,1,0.46649133431364703,0.4577796035356812,0.5258925867507893,0.7866533172028922,0.5592042104507524,8
2026-01-30,UNH,1,0.5993474336020265,0.6161295718047872,0.6651622167029428,0.3241890207171455,0.5512070607067254,8
2026-01-30,WMT,1,0.45651730278708436,0.4410359366073456,0.45923206885195594,0.3765447617867391,0.4333325175082813,8
2026-01-30,XOM,1,0.4815285907223979,0.5516496695038082,0.5445715548616646,0.6286991925853725,0.5516122519183109,8
2026-02-02,AAPL,0,0.47723111626860343,0.4640038826563778,0.47723067838862165,0.09533838477143215,0.37845101552125876,8
2026-02-02,CAT,1,0.5595041317630346,0.5089199175800398,0.4993873084774633,0.49266798352035496,0.5151198353352232,8
2026-02-02,DIS,0,0.4873882936595603,0.5465294028265754,0.6029016364378353,0.5341812464409205,0.5427501448412229,8
2026-02-02,GE,0,0.540422805976006,0.5679640318048641,0.5805897013768218,0.5875825313510645,0.5691397676271891,8
2026-02-02,GS,0,0.5722795196152879,0.4949202945060671,0.5205084198888161,0.3559775581190611,0.4859214480323081,8
2026-02-02,IBM,0,0.5509326214422983,0.49732823551601457,0.4905762167761013,0.6058481819916025,0.5361713139315042,8
2026-02-02,JPM,0,0.5261115809540133,0.543807811095996,0.5607029367451326,0.6564672067054066,0.5717723838751372,8
2026-02-02,KO,1,0.44433077489349904,0.40146290751769803,0.4042962350176362,0.2628933732685726,0.3782458226743515,8
2026-02-02,MSFT,1,0.4611497497327893,0.4592485634906227,0.5258925867507893,0.836926799338808,0.5708044248282523,8
2026-02-02,UNH,1,0.5938514451847574,0.6144879202390614,0.6651622167029428,0.24047600381494266,0.5284943964854261,8
2026-02-02,WMT,1,0.47531828364253054,0.5160458244924766,0.5112875505353365,0.7244459432113203,0.5567744004704159,8
2026-02-02,XOM,1,0.48369445753224194,0.547537264415267,0.5627158198659964,0.5681235252822886,0.5405177667739485,8
2026-02-03,AAPL,0,0.48126351428438774,0.4667226005588838,0.47723067838862165,0.12114147214125766,0.3865895663432877,8
2026-02-03,CAT,1,0.55987199779783,0.5223445072471968,0.5239262543121213,0.44650663212754127,0.5131623478711724,8
2026-02-03,DIS,1,0.5065422381385698,0.5545388271252849,0.5946064324087332,0.5972928239700274,0.5632450804106538,8
2026-02-03,GE,1,0.533770954610227,0.5596722938092704,0.5761968897594935,0.4422217705644986,0.5279654771858724,8
2026-02-03,GS,0,0.5468451526228078,0.5289368683345829,0.5139705124682707,0.48514092274865284,0.5187233640435785,8
2026-02-03,IBM,0,0.529296042620987,0.5202928238636303,0.499957683502958,0.709843625323795,0.5648475438278426,8
2026-02-03,JPM,0,0.5268382133699695,0.5673334051100165,0.5324148713392064,0.4773358075308132,0.5259805743375014,8
2026-02-03,KO,1,0.4397938916730635,0.442488534615513,0.4387085032436643,0.48998607889966816,0.4527442521079772,8
2026-02-03,MSFT,0,0.4470524060049941,0.45222849738882004,0.5084794205952676,0.9441482669736109,0.5879771477406731,8
2026-02-03,UNH,1,0.5752040278561035,0.6395875463509577,0.6538345814951438,0.7989166645091663,0.6668857050528428,8
2026-02-03,WMT,1,0.4794185739226004,0.5581438667892812,0.5309411850480036,0.7229644523845263,0.5728670195361029,8
2026-02-03,XOM,0,0.4795043095446018,0.548296320733912,0.5590418614251321,0.48652945389918617,0.5183429864007081,8
2026-02-04,AAPL,0,0.47740016788128237,0.4700329654468658,0.47723067838862165,0.2146815786221102,0.40983634758472,8
2026-02-04,CAT,1,0.5302223107412789,0.5412452569147377,0.571500651930386,0.5474949657396104,0.5476157963315033,8
2026-02-04,DIS,0,0.5140848061907899,0.5616962185329089,0.583795995742441,0.5822971180271894,0.5604685346233322,8
2026-02-04,GE,1,0.5240336796947513,0.551873156617786,0.5761968897594935,0.3503348039201542,0.5006096324980462,8
2026-02-04,GS,0,0.5209463921053603,0.5465986919538428,0.5172626420579736,0.7272060118315404,0.5780034344871793,8
2026-02-04,IBM,0,0.5377920083793156,0.5264541142937325,0.499957683502958,0.8245639130485393,0.5971919298061363,8
2026-02-04,JPM,0,0.5216864723563833,0.5203159799344907,0.5076008365739814,0.49242728853737205,0.5105076443505568,8
2026-02-04,KO,1,0.4291584073341461,0.47671047770141495,0.4478100952688089,0.5607616263191777,0.47861015165588694,8
2026-02-04,MSFT,0,0.44997178420067635,0.4510504222737941,0.5084794205952676,0.8561081061518576,0.566402433305399,8
2026-02-04,UNH,1,0.5671374166129538,0.6340410963574615,0.6744349716791109,0.9595865153072484,0.7087999999891936,8
2026-02-04,WMT,1,0.48082568258962566,0.5571407723112703,0.5354291036984646,0.7083042572299548,0.5704249539573288,8
2026-02-04,XOM,1,0.48745470642055305,0.5515970843038617,0.5590418614251321,0.6406646282162228,0.5596895700914424,8
2026-02-05,AAPL,0,0.49174471588520324,0.46937401343654794,0.48948692354953866,0.25469915496130013,0.4263262019581475,8
2026-02-05,CAT,0,0.5577327596027729,0.5196253208924514,0.5239262543121213,0.6002986296415829,0.5503957411122321,8
2026-02-05,DIS,1,0.522190288444937,0.5525817105590904,0.5946064324087332,0.37006970463612715,0.509862034012222,8
2026-02-05,GE,1,0.5241923992620183,0.5502745465175541,0.5805897013768218,0.43383699137326776,0.5222234096324155,8
2026-02-05,GS,0,0.529426505415642,0.5320351179283226,0.4984910029407648,0.6853796545287948,0.561333070203381,8
2026-02-05,IBM,0,0.5381466346502528,0.5571607020513323,0.5726409545890255,0.5302523050105333,0.549550149075286,8
2026-02-05,JPM,1,0.5266751301833309,0.5116957977667766,0.5076008365739814,0.5579478498585954,0.525979903595671,8
2026-02-05,KO,1,0.43736073903855477,0.48669247947248084,0.4478100952688089,0.6393296404279784,0.5027982385519557,8
2026-02-05,MSFT,1,0.44660290837797156,0.43390526510350236,0.5084794205952676,0.6630511532596646,0.5130096868341015,8
2026-02-05,UNH,1,0.5594378918356124,0.618078563726951,0.682619806031025,0.9547608162741594,0.703724269466937,8
2026-02-05,WMT,0,0.4801628989274483,0.5353628408805388,0.5217464409421897,0.7414167741674547,0.5696722387294079,8
2026-02-05,XOM,0,0.4983591766562721,0.5387550517390832,0.491148349532993,0.5980983875092232,0.5315902413593929,8
2026-02-06,AAPL,1,0.491066894480982,0.4651034799773394,0.48948692354953866,0.3175315059881636,0.44079720099900593,8
2026-02-06,CAT,0,0.5754500620020006,0.5062725122576224,0.4993873084774633,0.56953753724456,0.5376618549954116,8
2026-02-06,DIS,1,0.5299120578359201,0.5618496600098578,0.583795995742441,0.4994937710724916,0.5437628711651776,8
2026-02-06,GE,1,0.5383835116663046,0.560731411903489,0.5761968897594935,0.5599074830179934,0.5588048240868202,8
2026-02-06,GS,1,0.554066105882254,0.5097638013778862,0.499957683502958,0.5461161200814345,0.5274759277111332,8
2026-02-06,IBM,0,0.5450095395159799,0.5661956901930277,0.5576067123960022,0.6193162446594593,0.5720320466911173,8
2026-02-06,JPM,1,0.5268050078039603,0.5698002430732535,0.5814026898154533,0.5672820517922086,0.561322498121219,8
2026-02-06,KO,0,0.44352974098528597,0.4776007937446334,0.4478100952688089,0.6479653866910916,0.504226504172455,8
2026-02-06,MSFT,0,0.45873890858316724,0.44308953436810883,0.5490199508893162,0.41018925913846377,0.465259413244764,8
2026-02-06,UNH,1,0.5530151238644228,0.6151870418396597,0.6543146861295958,0.7822809321871287,0.6511994460052017,8
2026-02-06,WMT,0,0.49602094706027644,0.5525682374272209,0.5239737697572289,0.75528203414239,0.5819612470967791,8
2026-02-06,XOM,0,0.5010020848132226,0.5361303160009385,0.5400977926134422,0.7347540894222313,0.5779960707124587,8
2026-02-09,AAPL,1,0.4967503868717724,0.48830018318914065,0.4939934692376831,0.807018722343852,0.571515690410612,8
2026-02-09,CAT,0,0.583898632376876,0.5090446179848465,0.4993873084774633,0.5998376563613492,0.5480420538001338,8
2026-02-09,DIS,1,0.5247440084188694,0.5539119546253445,0.5805897013768218,0.46812478013091813,0.5318426111379885,8
2026-02-09,GE,1,0.5421643209150525,0.5667464674219647,0.5761968897594935,0.5725757225329818,0.5644208501573732,8
2026-02-09,GS,1,0.5587835037303813,0.5085373034308517,0.499957683502958,0.5110435070975601,0.5195804994404378,8
2026-02-09,IBM,0,0.538285659718752,0.5606147613632954,0.5641705782521442,0.5781596545412336,0.5603076634688563,8
2026-02-09,JPM,0,0.5366088003598434,0.5567150047766454,0.528699555156546,0.49584881814868575,0.5294680446104302,8
2026-02-09,KO,1,0.43265238334889433,0.47102292492507125,0.4478100952688089,0.3758315992984447,0.4318292507103048,8
2026-02-09,MSFT,0,0.46306063722284535,0.4584707206762964,0.5389885658150083,0.33317030795482155,0.44842255791724295,8
2026-02-09,UNH,0,0.5471521336219675,0.6052443657013397,0.6543146861295958,0.7662691263438819,0.6432450779491962,8
2026-02-09,WMT,0,0.49950282317858696,0.5520018787504127,0.5239737697572289,0.4984502227392113,0.51848217360636,8
2026-02-09,XOM,1,0.48389796993508577,0.5356230841532594,0.47370806481064986,0.7924460776545602,0.5714187991383888,8
2026-02-10,AAPL,1,0.500431501137942,0.5082862968466194,0.5102005027809772,0.8353702206749085,0.5885721303601117,8
2026-02-10,CAT,1,0.5718767744910552,0.521823336810505,0.4993873084774633,0.5473218858084737,0.5351023263968743,8
2026-02-10,DIS,1,0.5242123770988409,0.5573899104704554,0.5805897013768218,0.4178434054015804,0.5200088485869246,8
2026-02-10,GE,1,0.5359782887011675,0.549045854085074,0.5761968897594935,0.5532100245938689,0.5536077642849009,8
2026-02-10,GS,0,0.5466746376691705,0.5081444444624814,0.4966623768836824,0.6922768584768823,0.5609395793730542,8
2026-02-10,IBM,0,0.5370785257096776,0.5576926743917194,0.5531584473441844,0.5013711838221897,0.5373252078169428,8
2026-02-10,JPM,0,0.540878642206018,0.5597979935502406,0.528699555156546,0.5719414927302513,0.5503294209107641,8
2026-02-10,KO,1,0.4306189494997702,0.4188156196160791,0.4387085032436643,0.35817670079526664,0.41157994328869507,8
2026-02-10,MSFT,0,0.4579124596878634,0.45153381513036966,0.5357116101521274,0.2537859761231972,0.4247359652733894,8
2026-02-10,UNH,0,0.5481716319247675,0.6104347551639596,0.6543146861295958,0.649263342380199,0.6155461038996304,8
2026-02-10,WMT,0,0.5014853680026313,0.5244421432148749,0.5179221391236656,0.38671374585632223,0.48264084904937354,8
2026-02-10,XOM,1,0.48983608948804125,0.5099294659721225,0.47370806481064986,0.7516800861325128,0.5562884266008317,8
2026-02-11,AAPL,1,0.49308753167233005,0.48319246147947004,0.4927812316873572,0.8768252167038707,0.586471610385757,8
2026-02-11,CAT,1,0.5761183422139725,0.5430681160682236,0.4993873084774633,0.5210434694921909,0.5349043090629626,8
2026-02-11,DIS,0,0.5262501710091397,0.5514096934127356,0.5757490427700933,0.48973406750496684,0.5357857436742339,8
2026-02-11,GE,1,0.5303872684272577,0.5549997005348162,0.5761968897594935,0.6129012208800563,0.568621269900406,8
2026-02-11,GS,0,0.5489368848388307,0.508460808786703,0.4966623768836824,0.45570502804640106,0.5024412746389043,8
2026-02-11,IBM,0,0.5213309516400426,0.5880144622912207,0.5995957391980795,0.7708845141961934,0.619956416831384,8
2026-02-11,JPM,0,0.5465509964865236,0.5568575441341606,0.5319827646999297,0.6696221560878158,0.5762533653521075,8
2026-02-11,KO,1,0.4483605830449059,0.434979199573933,0.4387085032436643,0.3681283370720187,0.42254415573363047,8
2026-02-11,MSFT,1,0.454336235439337,0.46506313817894246,0.5389885658150083,0.34506156502362906,0.4508623761142292,8
2026-02-11,UNH,0,0.5504083356451482,0.6083229103129713,0.651327185918113,0.26422490177271896,0.5185708334122379,8
2026-02-11,WMT,1,0.49692304639595786,0.5160761882712587,0.5147672676326915,0.3147035352327993,0.46061750938317686,8
2026-02-11,XOM,0,0.48562928788721954,0.5327848533385893,0.5400977926134422,0.8135523596940125,0.5930160733833159,8
2026-02-12,AAPL,1,0.5026164487159108,0.4684016646703412,0.4885340369291029,0.887613475583961,0.586791406474829,8
2026-02-12,CAT,0,0.5696820492363925,0.516227648967767,0.4993873084774633,0.3926224339554446,0.4944798601592668,8
2026-02-12,DIS,0,0.5155322821793143,0.5670091089306237,0.5794124388464106,0.6840120596154923,0.5864914723929603,8
2026-02-12,GE,1,0.5205773797753651,0.5692636612573315,0.5805897013768218,0.5906128005821254,0.5652608857479109,8
2026-02-12,GS,1,0.5573080807447915,0.5310798848849541,0.4966623768836824,0.42489094737394345,0.5024853224718429,8
2026-02-12,IBM,0,0.515083654172498,0.5939631657722214,0.6116595726089106,0.4031146598528762,0.5309552631016266,8
2026-02-12,JPM,0,0.5325163281810599,0.5644007156777293,0.5356949285193731,0.6328668554497388,0.5663697069569753,8
2026-02-12,KO,1,0.44126144222985714,0.4297079475779212,0.4387085032436643,0.36476100435160025,0.41860972435076077,8
2026-02-12,MSFT,1,0.4504399273017069,0.44264406324023825,0.5329597761903944,0.2772309028365188,0.4258186673922146,8
2026-02-12,UNH,0,0.5298315701963232,0.621833627694423,0.651327185918113,0.42291021984353455,0.5564756509130984,8
2026-02-12,WMT,1,0.48675815846449155,0.5433931043766199,0.5354102013057114,0.5990939312848744,0.5411638488579243,8
2026-02-12,XOM,0,0.49328424492006895,0.5463412049809931,0.5201220758813009,0.636908602241854,0.5491640320060542,8
2026-02-13,AAPL,1,0.5095383574109649,0.46555235264724254,0.45657618203302736,0.38016213381613423,0.45295725647684226,8
2026-02-13,CAT,0,0.5890764598053694,0.5323491262228355,0.5062088815865377,0.6423424511147147,0.5674942296823643,8
2026-02-13,DIS,1,0.5355492549255744,0.5673751284869938,0.5794124388464106,0.4706959886409447,0.5382582027249808,8
2026-02-13,GE,0,0.5322239457114877,0.5544081282728357,0.583795995742441,0.584960096180327,0.5638470414767729,8
2026-02-13,GS,0,0.5608639514136621,0.525989750031542,0.499957683502958,0.5765687937384263,0.5408450446716471,8
2026-02-13,IBM,0,0.5313451375073464,0.6126279051865933,0.6116595726089106,0.32648194294690236,0.5205286395624382,8
2026-02-13,JPM,0,0.5413417834978917,0.5284230604070118,0.5338018934968599,0.6457882249215632,0.5623387405808317,8
2026-02-13,KO,1,0.45476335607997825,0.43327221357905826,0.4573160319577656,0.5067638566071199,0.46302886455598047,8
2026-02-13,MSFT,0,0.4537925213063643,0.4733571473374375,0.5310822209234478,0.24318651409617403,0.4253546009158559,8
2026-02-13,UNH,1,0.5332740235125417,0.620933359029218,0.651327185918113,0.455275211757384,0.5652024450543142,8
2026-02-13,WMT,1,0.4903968626438488,0.5496892436820752,0.5398924153914585,0.41292991941041635,0.49822711028194966,8
2026-02-13,XOM,1,0.49972187816815317,0.5545948628153561,0.5445715548616646,0.44791870334123907,0.5117017497966032,8
2026-02-17,AAPL,0,0.5165740034256258,0.4727967951792487,0.46890293341631234,0.6688220494672524,0.5317739453721099,8
2026-02-17,CAT,0,0.5896536288632318,0.5184490542363156,0.530727663103045,0.6935465906689146,0.5830942342178768,8
2026-02-17,DIS,0,0.5184579500254647,0.4838187345686539,0.46765744010004806,0.4384710602598407,0.4771012962385018,8
2026-02-17,GE,1,0.5378209568299329,0.5494925638912344,0.5761968897594935,0.7358533652816326,0.5998409439405733,8
2026-02-17,GS,0,0.5431696643063592,0.5027153652184324,0.499957683502958,0.4306672930537002,0.49412750152036244,8
2026-02-17,IBM,1,0.5397179947563647,0.5739983689016064,0.5170092698781664,0.2028622437973464,0.45839696933337093,8
2026-02-17,JPM,0,0.5442886133232047,0.5569370609369577,0.5467848189452997,0.6668331022951884,0.5787108988751626,8
2026-02-17,KO,0,0.44753920302866756,0.4658473827363892,0.45227286724252935,0.3096208227642686,0.41882006894296364,8
2026-02-17,MSFT,1,0.4509767613002717,0.4767352590209392,0.5436925317255361,0.6414835248040662,0.5282220192127034,8
2026-02-17,UNH,1,0.5402729837501384,0.623262368300525,0.651327185918113,0.19189486060970715,0.5016893496446209,8
2026-02-17,WMT,1,0.49304261440656955,0.524005376451434,0.5055489485730551,0.5021167138043333,0.5061784133088479,8
2026-02-17,XOM,1,0.5084601170506136,0.5527013496734282,0.5331450929396645,0.5502171244088448,0.5361309210181379,8
2026-02-18,AAPL,0,0.5234790975903852,0.5156820078500874,0.48658905264171637,0.7352632967446636,0.5652533637067132,8
2026-02-18,CAT,0,0.5953689220703401,0.5243014950795597,0.530727663103045,0.7139907076614261,0.5910971969785928,8
2026-02-18,DIS,0,0.5247963311045466,0.507136557154569,0.48382660003524947,0.5099767765856312,0.5064340662199991,8
2026-02-18,GE,0,0.5422646701991181,0.5536813848757587,0.5761968897594935,0.43152062587769624,0.5259158926780166,8
2026-02-18,GS,0,0.550007229783682,0.5059022306160448,0.499957683502958,0.43894735881668956,0.4987036256798436,8
2026-02-18,IBM,1,0.539148137878432,0.5610981764036473,0.5120515201999156,0.337496246916119,0.48744852034952846,8
2026-02-18,JPM,1,0.5432665739963395,0.5365105238141707,0.509092051923734,0.6678002963951025,0.5641673615323367,8
2026-02-18,KO,0,0.4476695140755138,0.477749351078086,0.45227286724252935,0.32117038480947757,0.42471552930140166,8
2026-02-18,MSFT,1,0.4548897941498859,0.5161429434426901,0.5567736436810049,0.5756492266753463,0.5258639019872318,8
2026-02-18,UNH,1,0.5379186364062227,0.629481883334051,0.651327185918113,0.25655502070089004,0.5188206815898192,8
2026-02-18,WMT,1,0.49001998724668977,0.5146466994905196,0.4841961458616599,0.5131440511888357,0.5005017209469262,8
2026-02-18,XOM,1,0.5158906703999242,0.5282889992531453,0.5294304507361246,0.5368728505731964,0.5276207427405977,8
2026-02-19,AAPL,0,0.5204466680797495,0.5186247800727705,0.500396464530933,0.8279277003460425,0.5918489032573738,8
2026-02-19,CAT,0,0.5986690305335941,0.5090589913075653,0.5062088815865377,0.7500286295486499,0.5909913832440867,8
2026-02-19,DIS,0,0.5276719899430014,0.5315124247856517,0.5336967615042961,0.46341786532920853,0.5140747603905395,8
2026-02-19,GE,1,0.5390443297749511,0.5270243636796004,0.5702402749558839,0.5036075570449768,0.5349791313638531,8
2026-02-19,GS,0,0.5497719559257975,0.5037268438100564,0.499957683502958,0.561216019256392,0.5286681256238009,8
2026-02-19,IBM,1,0.5336743104494784,0.5539325615595827,0.5393115947402993,0.5634804648105454,0.5475997328899764,8
2026-02-19,JPM,0,0.5360720943957858,0.5147996682749579,0.5059345186377697,0.5659626425819522,0.5306922309726164,8
2026-02-19,KO,0,0.44637405689769005,0.43633346946861823,0.44315336454946747,0.3569463338742134,0.42070180619749725,8
2026-02-19,MSFT,1,0.45098035446414564,0.5117545351575921,0.47984260155656533,0.47390984231596966,0.4791218333735682,8
2026-02-19,UNH,1,0.5380856620295512,0.6266172361635954,0.6468062904909948,0.1806198538063283,0.49803226062261746,8
2026-02-19,WMT,1,0.4927920089753868,0.49878495276213053,0.47175815859772874,0.5365296914183499,0.499966202938399,8
2026-02-19,XOM,1,0.5134637220434823,0.5366795858942605,0.5294304507361246,0.6010072547010662,0.5451452533437333,8
2026-02-20,AAPL,0,0.5141181731647092,0.4775294334515272,0.4583265368462638,0.6816747633636548,0.5329122267065387,8
2026-02-20,CAT,0,0.5992681055138696,0.5188904170694222,0.530727663103045,0.6191180468723164,0.5670010581396633,8
2026-02-20,DIS,1,0.5179818002814983,0.5381115096569752,0.5326353706280509,0.3574676880666106,0.48654909215828374,8
2026-02-20,GE,0,0.5358066070077918,0.5250359989797476,0.5702402749558839,0.49115460872190975,0.5305593724163332,8
2026-02-20,GS,0,0.5472715631925563,0.4936498839908074,0.4966623768836824,0.3163503553462594,0.4634835448533264,8
2026-02-20,IBM,1,0.5265442914460793,0.578325294341383,0.5809114221441765,0.3613736652120832,0.5117886682859305,8
2026-02-20,JPM,0,0.5354820697102589,0.5106576940661134,0.5026394166232833,0.5374212842488159,0.5215501161621179,8
2026-02-20,KO,0,0.4482772171847077,0.4296388525416924,0.4387085032436643,0.3427643309294866,0.4148472259748877,8
2026-02-20,MSFT,1,0.4458675659442247,0.4624284530621018,0.4636869800484297,0.3989736851000847,0.44273917103871024,8
2026-02-20,UNH,1,0.5308820319889959,0.6346824259816443,0.651327185918113,0.2163663536686936,0.5083144993893617,8
2026-02-20,WMT,1,0.49224178840073174,0.4696571242292079,0.44898075113480135,0.348035762481908,0.4397288565616622,8
2026-02-20,XOM,1,0.503977434295706,0.5244918451767921,0.5149010453054677,0.6354997379406805,0.5447175156796615,8
2026-02-23,AAPL,1,0.5180018960313151,0.5130885790363028,0.46902006593377393,0.5648345274497302,0.5162362671127805,9
2026-02-23,CAT,0,0.5854464549632199,0.5038957262456083,0.5246552999749854,0.5026211500762998,0.5291546578150284,9
2026-02-23,DIS,0,0.5160286492704567,0.47317380384718544,0.46419257940765685,0.3804405857642161,0.45845890457237876,9
2026-02-23,GE,0,0.5230134912774614,0.5939505951353522,0.5725406604097015,0.4957697474955017,0.5463186235795042,9
2026-02-23,GS,0,0.5360159890517145,0.5066179341127693,0.47861007448345755,0.4684023184472543,0.49741157902379896,9
2026-02-23,IBM,1,0.5176151482794855,0.6161172506227085,0.6785641649231238,0.7028044759201905,0.6287752599363771,9
2026-02-23,JPM,0,0.5344795396814331,0.5261411033660557,0.5139177655310911,0.3910169394242119,0.4913888370006979,9
2026-02-23,KO,0,0.4648000840138091,0.5008584283455768,0.5061756858935321,0.3140212712412419,0.44646386737353994,9
2026-02-23,MSFT,1,0.46186734673427077,0.4814775450510721,0.4511080990024337,0.5420690885663831,0.48413051983853994,9
2026-02-23,UNH,1,0.5342098184829764,0.6329111229822906,0.6445049512954827,0.8857778753171517,0.6743509420194753,9
2026-02-23,WMT,1,0.5020235680085082,0.5137877324337972,0.46126377427888,0.6914337413719956,0.5421272040232953,9
2026-02-23,XOM,1,0.5199138723206896,0.5911024457351712,0.5576845946248479,0.5044741977128909,0.5432937775983999,9
2026-02-24,AAPL,1,0.5186870430189924,0.547693456739682,0.5037783278790984,0.5204441897573789,0.5226507543487879,9
2026-02-24,CAT,0,0.585503897271503,0.4759924933885588,0.4650884174755211,0.36528742733701197,0.47296805886814874,9
2026-02-24,DIS,0,0.5155968249034695,0.4557338506885314,0.462458664669447,0.6134625882051024,0.5118129821166375,9
2026-02-24,GE,0,0.5215076242943891,0.5921374104200885,0.5725406604097015,0.5293982749861735,0.5538959925275881,9
2026-02-24,GS,0,0.5404929485233227,0.4854477343575243,0.46473204309369653,0.5872960944325657,0.5194922051017773,9
2026-02-24,IBM,1,0.5402538733344523,0.629728670076357,0.6785641649231238,0.8739385009987978,0.6806213023331827,9
2026-02-24,JPM,1,0.5310127179735857,0.515141940457209,0.5131594399309923,0.40070795429322537,0.4900055131637532,9
2026-02-24,KO,0,0.46151016936202627,0.48304748413005216,0.5118596466645365,0.2519042682499975,0.4270803921016531,9
2026-02-24,MSFT,1,0.45956249300724267,0.4915589307923726,0.4511080990024337,0.48123254749363137,0.4708655175739201,9
2026-02-24,UNH,0,0.5248688416998191,0.6312188179921726,0.6445049512954827,0.8879290553351946,0.6721304165806672,9
2026-02-24,WMT,1,0.5072478819026673,0.5060629709754412,0.46126377427888,0.642795706069682,0.5293425833066676,9
2026-02-24,XOM,1,0.5177449554588973,0.5734956726310416,0.5485667653337536,0.5015257569289955,0.535333287588172,9
2026-02-25,AAPL,1,0.5155386099283865,0.513118868336097,0.46902006593377393,0.5358606598090381,0.5083845510018239,9
2026-02-25,CAT,1,0.5815667477433154,0.4753218901332648,0.4753440930338783,0.35085810414138785,0.4707727087629616,9
2026-02-25,DIS,1,0.5195593104470162,0.48736616630801627,0.47075703709820027,0.384098469566052,0.46544524585482117,9
2026-02-25,GE,0,0.5244244377381939,0.5685323321715808,0.5725406604097015,0.4392188942566211,0.5261790811440243,9
2026-02-25,GS,0,0.5463167850714855,0.4866731652434876,0.46473204309369653,0.5584904192694605,0.5140531031695326,9
2026-02-25,IBM,1,0.5560137920550958,0.6356293998631813,0.6785641649231238,0.9006923498696361,0.6927249266777593,9
2026-02-25,JPM,0,0.5466314146059246,0.5146157681156774,0.5225203187880724,0.5331204141361185,0.5292219789114483,9
2026-02-25,KO,1,0.4570398942188056,0.4795408747219868,0.5118596466645365,0.3269043829607494,0.4438361996415196,9
2026-02-25,MSFT,1,0.4630024690274801,0.47948747612188025,0.48955655403627785,0.6060529038700574,0.509524850763924,9
2026-02-25,UNH,0,0.5319601983477669,0.6345552858729308,0.6445049512954827,0.8634193916408917,0.668609956789268,9
2026-02-25,WMT,0,0.5062827434855117,0.5050253940371088,0.46126377427888,0.6136014086436422,0.5215433301112856,9
2026-02-25,XOM,0,0.5151177937120338,0.5756673623903892,0.5450934143619411,0.5801002944636181,0.5539947162319956,9
2026-02-26,AAPL,1,0.5117419434035202,0.4940502845267639,0.46902006593377393,0.35405684108258995,0.457217283736662,9
2026-02-26,CAT,0,0.5749426535113976,0.5062905642070065,0.5284764500496676,0.5820778549672757,0.5479468806838368,9
2026-02-26,DIS,1,0.5198771102921631,0.4886792224540805,0.47075703709820027,0.432389385741665,0.4779256888965272,9
2026-02-26,GE,0,0.5230409658535446,0.5566697257572814,0.5725406604097015,0.388755252789959,0.5102516512026216,9
2026-02-26,GS,0,0.5421922560529225,0.4930765938600522,0.46473204309369653,0.5133060258085421,0.5033267297038033,9
2026-02-26,IBM,1,0.5606178677962409,0.65400755881373,0.6686344385219724,0.8525154410974286,0.683943826557343,9
2026-02-26,JPM,0,0.5510890989317835,0.5096464884931498,0.5225203187880724,0.5185719717400079,0.5254569694882534,9
2026-02-26,KO,1,0.46052887206291276,0.4819195301794624,0.4868651662567155,0.14258532834656015,0.39297472421141266,9
2026-02-26,MSFT,1,0.46189956471760213,0.4813948648763522,0.48781415299670405,0.5908041178332379,0.505478175105974,9
2026-02-26,UNH,0,0.5188465492029998,0.5270268128974502,0.5055320049453268,0.5952935099939936,0.5366747192599426,9
2026-02-26,WMT,0,0.5057597374023709,0.5065714912068406,0.46126377427888,0.6104567515815181,0.5210129386174024,9
2026-02-26,XOM,1,0.510993848614473,0.5801848372939619,0.5376864022229864,0.5940873639218011,0.5557381130133056,9
2026-02-27,AAPL,1,0.496752445899983,0.4716789249000376,0.46419257940765685,0.664731815059937,0.5243389413169036,9
2026-02-27,CAT,1,0.5745172011721016,0.5215256944375243,0.5284764500496676,0.6802017436931168,0.5761802723381025,9
2026-02-27,DIS,0,0.5128631670863338,0.44738173648761315,0.462458664669447,0.6270369978193071,0.5124351415156753,9
2026-02-27,GE,0,0.5135327574846893,0.5654061515422775,0.5762877493167204,0.47792793274559636,0.5332886477723209,9
2026-02-27,GS,0,0.5343532689281855,0.514815132459216,0.5491227453763792,0.5376013182522325,0.5339731162540032,9
2026-02-27,IBM,0,0.559887223815601,0.618681956336086,0.6607844109264036,0.8936390279184931,0.6832481547491459,9
2026-02-27,JPM,0,0.5295041821747866,0.5237865355162333,0.5139177655310911,0.4023673179361764,0.4923939502895719,9
2026-02-27,KO,1,0.43777564263623864,0.5080375390500768,0.5156887063089997,0.45688655058930566,0.47959710964615515,9
2026-02-27,MSFT,1,0.45175796255701484,0.4612506140117561,0.48955655403627785,0.5719688346059444,0.4936334913027483,9
2026-02-27,UNH,0,0.5104581828687702,0.5459921412343223,0.530509902949038,0.48142027935844245,0.5170951266026432,9
2026-02-27,WMT,1,0.5073294845380897,0.5136213741911206,0.5135355723708134,0.5703079829813138,0.5261986035203344,9
2026-02-27,XOM,1,0.49833323274228253,0.5933569243565413,0.5523596995749748,0.6233744045919014,0.566856065316425,9
2026-03-02,AAPL,0,0.5078738428969162,0.4974770573497248,0.46419257940765685,0.6723794776384623,0.5354807393231901,9
2026-03-02,CAT,1,0.5766290793203686,0.5209142474690195,0.5298870411025085,0.4683788781455553,0.523952311509363,9
2026-03-02,DIS,0,0.5072333011168949,0.4585900464407689,0.46419257940765685,0.5529902895547898,0.49575155413002764,9
2026-03-02,GE,0,0.5233780885078446,0.5516942616521165,0.5725406604097015,0.482377786347477,0.5324976992292849,9
2026-03-02,GS,0,0.5568481168594531,0.5253065162513926,0.537917326167304,0.7987419729187721,0.6047034830492304,9
2026-03-02,IBM,0,0.5491553736817367,0.6321437843646606,0.646968356364083,0.1585620420688745,0.4967073891198387,9
2026-03-02,JPM,1,0.5410625550544897,0.5123206681875812,0.5139177655310911,0.586782944334546,0.538520983276927,9
2026-03-02,KO,1,0.4634322183256175,0.4919882678291872,0.4859950905335189,0.44434128866568073,0.4714392163385011,9
2026-03-02,MSFT,0,0.4520223850470305,0.4512460580776,0.4268339168628767,0.05517228113085709,0.3463186602795911,9
2026-03-02,UNH,1,0.5140703556437167,0.548067968617046,0.530509902949038,0.49344949223444107,0.5215244298610605,9
2026-03-02,WMT,1,0.505721926592966,0.5021941460116344,0.5314617791117977,0.6038556934024313,0.5358083862797074,9
2026-03-02,XOM,1,0.4940757874018702,0.5879424770167379,0.5523596995749748,0.6448096329615524,0.5697968992387838,9
2026-03-03,AAPL,0,0.5070421860321623,0.519000142669139,0.47075703709820027,0.6733139623331469,0.5425283320331621,9
2026-03-03,CAT,1,0.5767939895447026,0.5238438114213134,0.5280966916740615,0.7287777178004047,0.5893780526101206,9
2026-03-03,DIS,0,0.5047164275354215,0.46946872229657133,0.43335844988199945,0.39374933410359,0.45032323345439557,9
2026-03-03,GE,0,0.5140047111561727,0.5470966101544933,0.5561344040352717,0.6062128914979222,0.555862154210965,9
2026-03-03,GS,0,0.5461273390728235,0.5284650831486655,0.537917326167304,0.843543942719128,0.6140134227769802,9
2026-03-03,IBM,0,0.5478597798080337,0.6240969643870088,0.646968356364083,0.3545994179973689,0.5433811296391237,9
2026-03-03,JPM,1,0.5379756149174473,0.5112449671093066,0.5139177655310911,0.565325787068461,0.5321160336565766,9
2026-03-03,KO,1,0.4551253153663621,0.463284119525109,0.45993979221128256,0.4006988412763917,0.4447620170947863,9
2026-03-03,MSFT,0,0.4516871844223705,0.4355798265338319,0.4268339168628767,0.055419775805709066,0.34238017590619707,9
2026-03-03,UNH,1,0.5171513448724605,0.5396058992982353,0.5055320049453268,0.49555424141110516,0.514460872631782,9
2026-03-03,WMT,1,0.501949885578528,0.4957996232965621,0.49358325386378504,0.645729989859267,0.5342656881495356,9
2026-03-03,XOM,1,0.5012568769457004,0.5536010842218688,0.4946244043407288,0.8010526756508404,0.5876337602897846,9
2026-03-04,AAPL,0,0.4930853537205359,0.5072084416173853,0.43984481213312565,0.7772436254319378,0.5543455582257462,9
2026-03-04,CAT,0,0.5646923593608575,0.5028461178454415,0.5026898292126508,0.6049321790893383,0.543790121377072,9
2026-03-04,DIS,0,0.5086159408122292,0.4943197673312468,0.4569071677841506,0.5642439459937145,0.5060217054803353,9
2026-03-04,GE,0,0.5230978949036722,0.5478496514260127,0.5725406604097015,0.5399095309528544,0.5458494344230602,9
2026-03-04,GS,0,0.5584976602149105,0.5297075045203471,0.537917326167304,0.5634472252516176,0.5473924290385448,9
2026-03-04,IBM,1,0.5485836985473136,0.6478367190076721,0.646968356364083,0.29349707895190463,0.5342214632177433,9
2026-03-04,JPM,1,0.5394551564443749,0.508526878438085,0.5139177655310911,0.5422673023965805,0.5260417757025329,9
2026-03-04,KO,1,0.45710099100370694,0.48157783549995176,0.47822019401693183,0.47627209999627507,0.4732927801292164,9
2026-03-04,MSFT,0,0.4547178728774251,0.44611148124805944,0.4268339168628767,0.12824852903636594,0.3639779500061818,9
2026-03-04,UNH,1,0.5181761087754752,0.5320615784375131,0.5055320049453268,0.4499363865347063,0.5014265196732554,9
2026-03-04,WMT,1,0.48778947540291756,0.4800180645060329,0.4928245120726567,0.7399862511195252,0.550154575775283,9
2026-03-04,XOM,1,0.5109478396886553,0.5651679312365749,0.5324988144913505,0.5926320291154291,0.5503116536330025,9
2026-03-05,AAPL,0,0.48768098734161885,0.4896342581929593,0.43335844988199945,0.759039192217829,0.5424282219086016,9
2026-03-05,CAT,0,0.5565349189383385,0.5150802604148341,0.5158492946820111,0.7771988539361492,0.5911658319928332,9
2026-03-05,DIS,1,0.503474340424566,0.4744594024767331,0.4503714915362585,0.6632170181559791,0.5228805631483842,9
2026-03-05,GE,0,0.5254395072442913,0.5219646422256223,0.5349405029989583,0.6883636038951396,0.5676770640910028,9
2026-03-05,GS,0,0.5497428815274353,0.513185131644407,0.5491227453763792,0.8582538618158363,0.6175761550910145,9
2026-03-05,IBM,1,0.5379923174391001,0.6357785310347397,0.6445049512954827,0.6746515006763052,0.623231825111407,9
2026-03-05,JPM,1,0.5205114427879953,0.5155007262053998,0.5131594399309923,0.32535454348639864,0.4686315381026966,9
2026-03-05,KO,0,0.4462018264643648,0.46799802866746265,0.4299056983035861,0.3040352699984551,0.4120352058584672,9
2026-03-05,MSFT,0,0.4551963986499422,0.44696325641915263,0.4268339168628767,0.11234278682319956,0.3603340896887928,9
2026-03-05,UNH,1,0.5186731444790054,0.535985292534685,0.530509902949038,0.3529935976195194,0.48454048439556197,9
2026-03-05,WMT,1,0.48177132777472254,0.4949373177171356,0.4605095362015914,0.7314509628647436,0.5421672861395483,9
2026-03-05,XOM,1,0.4885993505531006,0.5243943450337198,0.48071014274617346,0.6593745144051122,0.5382695881845265,9
2026-03-06,AAPL,0,0.48370572489973884,0.4961705584060951,0.4569071677841506,0.765242968022213,0.5505066047780494,9
2026-03-06,CAT,0,0.5615448998814455,0.5016729853851463,0.527876002283866,0.8524244076876943,0.6108795738095381,9
2026-03-06,DIS,1,0.4972777535264828,0.4937526430829413,0.4569071677841506,0.5894660470539714,0.5093509028618866,9
2026-03-06,GE,0,0.5279543978722646,0.5157873162089801,0.5349405029989583,0.7161466811276057,0.5737072245519521,9
2026-03-06,GS,1,0.5532511834404856,0.5004093106649729,0.5139177655310911,0.6920446552206937,0.5649057287143109,9
2026-03-06,IBM,1,0.5506450542480307,0.6376023792371186,0.6445049512954827,0.36233995661919927,0.5487730853499578,9
2026-03-06,JPM,1,0.5154668615291201,0.5103622332892882,0.4999977284533152,0.3760392560181657,0.47546651982247234,9
2026-03-06,KO,0,0.45509030946008827,0.4821652090585416,0.45993979221128256,0.5352563075037365,0.48311290455841227,9
2026-03-06,MSFT,0,0.45937193672896054,0.44344639146360565,0.4268339168628767,0.04914286183652779,0.34469877672299265,9
2026-03-06,UNH,1,0.5145731289482671,0.5407410433010533,0.5404434969129548,0.4769592126333493,0.5181792204489062,9
2026-03-06,WMT,0,0.48123827524958523,0.49530957381951757,0.4605095362015914,0.5845679836891453,0.50540634223996,9
2026-03-06,XOM,1,0.48097807955597227,0.5189471140140532,0.48245107067836185,0.46234934606399314,0.4861814025780951,9
2026-03-09,AAPL,1,0.48745537393842736,0.4889395980780284,0.4569071677841506,0.744615106219203,0.5444793115049523,9
2026-03-09,CAT,0,0.5728389641867515,0.49899774948783093,0.5376054975132233,0.6920197376756602,0.5753654872158664,9
2026-03-09,DIS,1,0.49735968376530526,0.4759641143050116,0.4503714915362585,0.5625110332991186,0.49655158072642347,9
2026-03-09,GE,0,0.522967014859589,0.5101786153690127,0.5258013624366245,0.7920522718265678,0.5877498161229484,9
2026-03-09,GS,1,0.5494866943691545,0.5103958540694757,0.5139177655310911,0.8174864465125503,0.597821690120568,9
2026-03-09,IBM,1,0.5462521800971347,0.651533525206241,0.6445049512954827,0.454317792689035,0.5741521123219734,9
2026-03-09,JPM,1,0.5169067297301664,0.5121812855136056,0.4999977284533152,0.4526434570448763,0.4954323001854909,9
2026-03-09,KO,0,0.44621634352137135,0.4622922135253657,0.44689009340184255,0.279792118913769,0.40879769234058716,9
2026-03-09,MSFT,0,0.4591948738587515,0.4359984671678898,0.4268339168628767,0.11868961644007811,0.36017921858239904,9
2026-03-09,UNH,0,0.512822963884677,0.5496866694504214,0.5404434969129548,0.6728405184108323,0.5689484121647214,9
2026-03-09,WMT,0,0.4832753583000622,0.4950162838112018,0.4605095362015914,0.5342392966361147,0.4932601187372425,9
2026-03-09,XOM,1,0.47585138610141314,0.5232448750175689,0.48245107067836185,0.5915895527940014,0.5182842211478362,9
2026-03-10,AAPL,1,0.4888931284966995,0.4922769968368427,0.4569071677841506,0.7229322223892196,0.5402523788767282,9
2026-03-10,CAT,1,0.5475236105750296,0.5081909293548909,0.5026898292126508,0.5138717275064821,0.5180690241622633,9
2026-03-10,DIS,0,0.4918943040627168,0.4911943187245103,0.4569071677841506,0.5237088728920406,0.4909261658658546,9
2026-03-10,GE,0,0.5112921306261866,0.5242461457701021,0.5349405029989583,0.6112501097576281,0.5454322222882187,9
2026-03-10,GS,1,0.5467978595065838,0.4776444047341295,0.5139177655310911,0.4712439555377334,0.5024009963273844,9
2026-03-10,IBM,1,0.5415753494103777,0.6630727929820093,0.6445049512954827,0.7098323243350487,0.6397463545057296,9
2026-03-10,JPM,1,0.4904890691902581,0.503459169810584,0.4999977284533152,0.5956033512462474,0.5223873296751012,9
2026-03-10,KO,0,0.44560726108105075,0.45375991406666555,0.44689009340184255,0.35084312651448807,0.4242750987660117,9
2026-03-10,MSFT,0,0.4533309656946964,0.43556051266094886,0.4268339168628767,0.19788052909301312,0.37840148107788374,9
2026-03-10,UNH,0,0.5092327245451248,0.5394150608439383,0.5404434969129548,0.32265389241763764,0.47793629367991386,9
2026-03-10,WMT,0,0.4730321177589515,0.48160467827875414,0.44745706558634235,0.6987856052263678,0.5252198667126039,9
2026-03-10,XOM,1,0.4764372031107831,0.5324485818980448,0.48245107067836185,0.5300723907026171,0.5053523115974518,9
2026-03-11,AAPL,1,0.4917303144222241,0.5006906405734763,0.4569071677841506,0.6796088501804157,0.5322342432400666,9
2026-03-11,CAT,1,0.549387971469173,0.509907051779346,0.5026898292126508,0.42634084640631004,0.49708142471687,9
2026-03-11,DIS,0,0.49207010889119446,0.4881245882481456,0.4569071677841506,0.48486315908134664,0.4804912560012093,9
2026-03-11,GE,0,0.5160178730247805,0.5303864968556016,0.5349405029989583,0.4639440617862382,0.5113222336663946,9
2026-03-11,GS,1,0.5371215316337533,0.48774223980936116,0.48275660172092094,0.5303501887639357,0.5094926404819928,9
2026-03-11,IBM,0,0.5440401908121573,0.6508626385364097,0.6445049512954827,0.7926682367979212,0.6580190043604928,9
2026-03-11,JPM,1,0.4855537301092322,0.5047605197942688,0.4999977284533152,0.6709797894442876,0.540322941950276,9
2026-03-11,KO,0,0.45107144344476957,0.4570606562069452,0.4534169260019405,0.3489227311444086,0.42761793919951596,9
2026-03-11,MSFT,0,0.44637367162705666,0.43471587659771405,0.4326689212862337,0.20826966828227622,0.3805070344483201,9
2026-03-11,UNH,0,0.5107173232609965,0.5407895344450585,0.5404434969129548,0.420456919005932,0.5031018184062355,9
2026-03-11,WMT,1,0.47380060128566315,0.48323462176036625,0.44745706558634235,0.6101460703482671,0.5036595897451597,9
2026-03-11,XOM,1,0.4842737747842632,0.520459951372513,0.48729574916000984,0.6106444783606497,0.525668488419359,9
2026-03-12,AAPL,1,0.48583209103072966,0.4918859992657886,0.4569071677841506,0.7403704690069024,0.5437489317718929,9
2026-03-12,CAT,1,0.5354013612170984,0.5215628663862865,0.5026898292126508,0.4698760224506314,0.5073825198166667,9
2026-03-12,DIS,0,0.4787090683441414,0.4820195927886644,0.4569071677841506,0.5894802810163458,0.5017790274833256,9
2026-03-12,GE,0,0.5121720912394101,0.5096473816682416,0.4999977284533152,0.7288323524493293,0.5626623884525741,9
2026-03-12,GS,1,0.5262575684519117,0.5653980109160507,0.5281865913860524,0.8178437104966553,0.6094214703126675,9
2026-03-12,IBM,0,0.5373510011208841,0.6480249589107465,0.6154511575933638,0.8980659102970336,0.6747232569805071,9
2026-03-12,JPM,1,0.4779998788462071,0.5086426707316384,0.4999977284533152,0.8084623792211487,0.5737756643130774,9
2026-03-12,KO,0,0.4394727080177854,0.43570197698154145,0.4451671119494839,0.2956629464596112,0.4040011858521055,9
2026-03-12,MSFT,0,0.44537177674518186,0.440017737088169,0.4412901587275482,0.3690647713996,0.42393611099012474,9
2026-03-12,UNH,0,0.5069964172955981,0.5518191899445338,0.5404434969129548,0.5979029571495021,0.5492905153256472,9
2026-03-12,WMT,1,0.47543033140422897,0.4681245052142199,0.4457336597701045,0.5939807267392131,0.4958173057819416,9
2026-03-12,XOM,1,0.47111419307274266,0.5076108723521736,0.4790918471069869,0.5025206585122854,0.49008439276104715,9
2026-03-13,AAPL,1,0.48450767613810053,0.4961715582865467,0.4569071677841506,0.6767642379473656,0.5285876600390409,9
2026-03-13,CAT,1,0.5216168899913043,0.5107653259828341,0.5026898292126508,0.32568480467357075,0.46518921246508993,9
2026-03-13,DIS,0,0.4807203761689691,0.4688179116572645,0.4569071677841506,0.4925447552473782,0.4747475527144406,9
2026-03-13,GE,0,0.5233374658921153,0.49512141532878956,0.4908255131829609,0.46267516466756775,0.49298988976785835,9
2026-03-13,GS,1,0.533751070795172,0.5509148198725624,0.5281865913860524,0.6571993568390612,0.567512959723212,9
2026-03-13,IBM,0,0.5443124044938178,0.6272028228027131,0.6316441320500422,0.9089728695676151,0.678033057228547,9
2026-03-13,JPM,1,0.4844003814003272,0.5229179905129303,0.52499250669724,0.5152642424955011,0.5118937802764997,9
2026-03-13,KO,0,0.42507837643241575,0.4293880071404416,0.4516893303435159,0.5570857563530723,0.4658103675673614,9
2026-03-13,MSFT,0,0.44817637357195894,0.4479641989006673,0.4412901587275482,0.4651491521569117,0.4506449708392716,9
2026-03-13,UNH,0,0.5110977339678658,0.5379069118216194,0.5404434969129548,0.27543639372645695,0.46622113410722427,9
2026-03-13,WMT,1,0.4758461103839368,0.4707578355175392,0.4457336597701045,0.5338181716733748,0.4815389443362388,9
2026-03-13,XOM,1,0.46998888702036534,0.521548860167271,0.4790918471069869,0.4583659891128458,0.48224889585186725,9
2026-03-16,AAPL,1,0.48757096455250076,0.4782261753006914,0.4569071677841506,0.6391105926629133,0.5154537250750639,9
2026-03-16,CAT,1,0.5236103776624429,0.5099296998799197,0.5026898292126508,0.3231594196526382,0.4648473316019129,9
2026-03-16,DIS,0,0.4678229881691656,0.4321141689893805,0.4499716434679142,0.5082245844974016,0.4645333462809655,9
2026-03-16,GE,0,0.5247774761742666,0.49947570984202183,0.4999977284533152,0.5243063965072968,0.5121393277442251,9
2026-03-16,GS,1,0.542004478691463,0.5086695618982102,0.5274300567761834,0.5521243622203151,0.5325571148965429,9
2026-03-16,IBM,0,0.5496780340486729,0.5792338304729504,0.5516582116462155,0.7423650132396399,0.6057337723518696,9
2026-03-16,JPM,0,0.4852832413408013,0.5158782496555366,0.5345385935750786,0.39010333827747606,0.4814508557122232,9
2026-03-16,KO,1,0.42832080008283824,0.43027036853258166,0.4534169260019405,0.5526024476802663,0.46615263557440667,9
2026-03-16,MSFT,0,0.45069321186599753,0.44593414360645334,0.4412901587275482,0.4026128305900906,0.43513258619752243,9
2026-03-16,UNH,0,0.5077737293346849,0.5413635550811862,0.5404434969129548,0.23224343135609674,0.45545605317123067,9
2026-03-16,WMT,1,0.4568592317849969,0.46318742098354493,0.4796704819849089,0.5694562508807852,0.492293346408559,9
2026-03-16,XOM,1,0.46702230314293236,0.48958493251086166,0.4790918471069869,0.530385202192096,0.4915210712382192,9
2026-03-17,AAPL,1,0.48969505936932073,0.48505845307430145,0.4569071677841506,0.6100763540375599,0.5104342585663332,9
2026-03-17,CAT,0,0.5185652800900209,0.5005786890936598,0.5026898292126508,0.23450530479043238,0.4390847757966909,9
2026-03-17,DIS,0,0.4613712289828064,0.4308479087251384,0.4499716434679142,0.48797748104186917,0.45754206555443205,9
2026-03-17,GE,0,0.5269469495011507,0.49091473513564565,0.4908255131829609,0.4170112534805716,0.48142461282508225,9
2026-03-17,GS,1,0.5465010411710393,0.5091700288655712,0.5281865913860524,0.5223937648892713,0.5265628565779835,9
2026-03-17,IBM,0,0.553373755976634,0.5999315830696521,0.5516582116462155,0.6411277986046973,0.5865228373242997,9
2026-03-17,JPM,1,0.48487532832896785,0.5182027925785826,0.5345385935750786,0.4876008399796852,0.5063043886155786,9
2026-03-17,KO,1,0.42379001193711846,0.433146565837939,0.4534169260019405,0.5590011843401643,0.4673386720292906,9
2026-03-17,MSFT,0,0.4514407558076709,0.4450552640603772,0.4412901587275482,0.33792915706661286,0.41892883391555225,9
2026-03-17,UNH,0,0.5005597731556092,0.5436596297873367,0.5404434969129548,0.3200657158592108,0.4761821539287779,9
2026-03-17,WMT,1,0.45500502510940233,0.4751049988671257,0.4814111352702371,0.7061163354013559,0.5294093736620302,9
2026-03-17,XOM,1,0.47077219816099286,0.49498883197120713,0.4790918471069869,0.6465219088464096,0.5228436965213992,9
2026-03-18,AAPL,1,0.4760509146930662,0.45515196336746955,0.45454269132466407,0.5446808993666574,0.4826066171879643,9
2026-03-18,CAT,0,0.517129262692873,0.5012851818284481,0.5026898292126508,0.2520102707176547,0.44327863611290663,9
2026-03-18,DIS,0,0.4587900599200956,0.4290816274839814,0.4499716434679142,0.48765140080815655,0.4563736829200369,9
2026-03-18,GE,0,0.5137404024720083,0.49568473005068103,0.4908255131829609,0.48531368233886685,0.49639108201112925,9
2026-03-18,GS,1,0.5442032548370188,0.5015002645280765,0.5274300567761834,0.45275302103994375,0.5064716492953056,9
2026-03-18,IBM,1,0.5546842020767322,0.5926002768885129,0.5516582116462155,0.6384714089995145,0.5843535249027438,9
2026-03-18,JPM,0,0.4749716640447439,0.5229526159040704,0.5345385935750786,0.49244654913279606,0.5062273556641723,9
2026-03-18,KO,1,0.43159356703106644,0.432126507039273,0.438343998594023,0.49982976028909243,0.4504734582383637,9
2026-03-18,MSFT,0,0.45306469317240855,0.471180002047699,0.4909854716493914,0.4963961389490898,0.4779065764546472,9
2026-03-18,UNH,0,0.5016907611861019,0.539243382626935,0.5404434969129548,0.20696020462611714,0.44708446133802726,9
2026-03-18,WMT,1,0.4553088994381358,0.4696520848081159,0.4141220150680312,0.632271658500452,0.4928386644536837,9
2026-03-18,XOM,1,0.4738350654982992,0.5054903186849985,0.5092365723698055,0.4680663654355454,0.48915708049716217,9
2026-03-19,AAPL,1,0.4759114777315665,0.4485270120559611,0.45454269132466407,0.5331743268559554,0.4780388769920368,9
2026-03-19,CAT,1,0.5147991151720654,0.508179301182667,0.5026898292126508,0.3630706962770857,0.4721847354611173,9
2026-03-19,DIS,0,0.45135643137306863,0.4270027695513775,0.4499716434679142,0.4163978881253,0.43618218312941504,9
2026-03-19,GE,0,0.5000880445141385,0.5057472355668963,0.4999977284533152,0.6453663705015438,0.5377998447589734,9
2026-03-19,GS,1,0.5365310025316034,0.5024341275043664,0.5142889816735476,0.16882152350406843,0.43051890880339644,9
2026-03-19,IBM,0,0.5541307823030973,0.5835833408972296,0.5516582116462155,0.5248800989797254,0.553563108456567,9
2026-03-19,JPM,0,0.47427162951498014,0.531618356997513,0.5345385935750786,0.37733875501259667,0.4794418337750421,9
2026-03-19,KO,1,0.43101228636893424,0.44606268997144094,0.438343998594023,0.4808657633962345,0.44907118458265816,9
2026-03-19,MSFT,0,0.4520288129943966,0.4769986355329544,0.4909854716493914,0.4556449147324935,0.46891445872730897,9
2026-03-19,UNH,1,0.49891732930855526,0.5409514757354061,0.5485125680050713,0.26380782401435665,0.46304729926584737,9
2026-03-19,WMT,1,0.4554991120418255,0.48227913064765315,0.4487670663453819,0.6105167891101042,0.49926552453624123,9
2026-03-19,XOM,0,0.448735538976644,0.464318160386772,0.4584845353375353,0.6078181540750373,0.4948390971939971,9
2026-03-20,AAPL,0,0.45531151349452686,0.41586917872105467,0.4480129363101804,0.32478229943355613,0.4109939819898295,9
2026-03-20,CAT,1,0.4864668684049203,0.5033893830971488,0.5026898292126508,0.8459841363906655,0.5846325542763463,9
2026-03-20,DIS,0,0.4334588490847761,0.4077476085897375,0.4499716434679142,0.3144006337003634,0.40139468371069775,9
2026-03-20,GE,0,0.48144718417344307,0.5472712035654979,0.5142889816735476,0.898388328757044,0.6103489245423832,9
2026-03-20,GS,1,0.51809371730931,0.5201634592343394,0.5142889816735476,0.4780357514005994,0.5076454774044491,9
2026-03-20,IBM,1,0.5357830357158699,0.6244683369787458,0.6316441320500422,0.7221425410999323,0.6285095114611475,9
2026-03-20,JPM,0,0.45083753579722624,0.5299936330441374,0.5345385935750786,0.31142895443399815,0.45669967921261007,9
2026-03-20,KO,1,0.4063203961979123,0.4239171635001705,0.3988508038839652,0.37713691683908745,0.40155632010528386,9
2026-03-20,MSFT,0,0.4412528639146893,0.46297903766285026,0.475650677668272,0.39909834538706074,0.44474523115821807,9
2026-03-20,UNH,1,0.46375927146414275,0.5521290310846657,0.5404434969129548,0.4302535917182603,0.49664634779500594,9
2026-03-20,WMT,1,0.45052198299808777,0.4817190533679364,0.4487670663453819,0.5874882181162561,0.49212408020691556,9
2026-03-20,XOM,0,0.4244888175734494,0.4603963649378492,0.4584845353375353,0.4145552507045101,0.439481242138336,9
2026-03-23,AAPL,0,0.47359073470632534,0.44658011404605935,0.45454269132466407,0.451147107247314,0.45646516183109065,9
2026-03-23,CAT,0,0.5159619287012255,0.5181210648885122,0.5026898292126508,0.5796110817741942,0.5290959761441456,9
2026-03-23,DIS,1,0.45539498154761376,0.43044394158127197,0.4480129363101804,0.4778930342111928,0.4529362234125647,9
2026-03-23,GE,0,0.4906831504547447,0.5533607239898706,0.5142889816735476,0.744796799590047,0.5757824139270524,9
2026-03-23,GS,1,0.5382504564725268,0.5141273034868694,0.5274300567761834,0.1508898665337535,0.43267442081733326,9
2026-03-23,IBM,1,0.5590318544320079,0.6274834925900834,0.6316441320500422,0.5758351294676516,0.5984986521349462,9
2026-03-23,JPM,1,0.47441269297734834,0.5402281851974216,0.5345385935750786,0.40996224552841276,0.48978542931956526,9
2026-03-23,KO,0,0.42553555657980074,0.4366970649612319,0.4051900016340243,0.4182449486419945,0.4214168929542629,9
2026-03-23,MSFT,1,0.4512488346098797,0.4873584803246163,0.4822313376128378,0.5030003883734316,0.4809597602301914,9
2026-03-23,UNH,1,0.4863399233415062,0.5465747998498605,0.5485125680050713,0.49753814166954424,0.5197413582164956,9
2026-03-23,WMT,0,0.4630620323215041,0.48345085320617615,0.4487670663453819,0.6672864110607506,0.5156415907334532,9
2026-03-23,XOM,0,0.45349959522017436,0.523646673350855,0.5199575809431457,0.6209443337086359,0.5295120458057028,9
2026-03-24,AAPL,0,0.46983700173508197,0.42910931178906725,0.4480129363101804,0.45113264505427475,0.4495229737221511,9
2026-03-24,CAT,1,0.529741417945831,0.516311069889362,0.5026898292126508,0.5089414098356081,0.514420931720863,9
2026-03-24,DIS,0,0.459354510105552,0.45646015795911454,0.470724800596597,0.4194113128475175,0.45148769537719524,9
2026-03-24,GE,1,0.496811507233331,0.5442189157656632,0.5142889816735476,0.6682469398181363,0.5558915861226695,9
2026-03-24,GS,1,0.544575869864473,0.4961182662830046,0.5142889816735476,0.3824686382290418,0.48436293901251676,9
2026-03-24,IBM,0,0.5490883307569401,0.49720230385922565,0.5055320049453268,0.6754007646880378,0.5568058510623826,9
2026-03-24,JPM,1,0.4603920712099492,0.5426739856078627,0.5345385935750786,0.3436013558706407,0.4703015015658828,9
2026-03-24,KO,0,0.41844279649317384,0.42508514915748,0.3988508038839652,0.4230131177314074,0.41634796681650665,9
2026-03-24,MSFT,1,0.4443645614652133,0.4587395479269357,0.49669460803655735,0.657370622862424,0.5142923350727826,9
2026-03-24,UNH,1,0.4956551880183807,0.5270152810344527,0.5485125680050713,0.34527774309412496,0.4791151950380074,9
2026-03-24,WMT,0,0.4595817794273869,0.47455823887763043,0.4487670663453819,0.5314606287228372,0.4785919283433091,9
2026-03-24,XOM,0,0.4532775741005487,0.540106332912279,0.5199575809431457,0.6571792722607812,0.5426301900541887,9
2026-03-25,AAPL,0,0.47156145668798244,0.43167753008778253,0.45281435980822465,0.38432906338241646,0.4350956024916015,9
2026-03-25,CAT,1,0.5296313513965123,0.5050374713666769,0.5026898292126508,0.4939605441142097,0.5078297990225124,9
2026-03-25,DIS,1,0.4537080423833004,0.455170498399298,0.46875274459335964,0.46528086502375743,0.46072803759992886,9
2026-03-25,GE,1,0.4984182816370872,0.5361389461501467,0.5142889816735476,0.624070586340319,0.5432291989502751,9
2026-03-25,GS,1,0.5435877005742904,0.489356654069828,0.5142889816735476,0.26534926889485466,0.45314565130313017,9
2026-03-25,IBM,0,0.5432476418983019,0.4949271400139746,0.5055320049453268,0.46189512027267055,0.5014004767825685,9
2026-03-25,JPM,1,0.46466294410882814,0.5406469483684873,0.5345385935750786,0.39572332528901166,0.4838929528353514,9
2026-03-25,KO,0,0.42407718688513557,0.434034470754034,0.4051900016340243,0.47825391050154176,0.43538889244368395,9
2026-03-25,MSFT,0,0.44617016044565677,0.46199386690614624,0.4798516006630041,0.459833631369904,0.4619623148461778,9
2026-03-25,UNH,1,0.4955539536465457,0.5437308064733378,0.5485125680050713,0.2940088150558492,0.47045153579520105,9
2026-03-25,WMT,0,0.4609970405554154,0.46417414783649463,0.4470426971546634,0.39854141021502987,0.44268882394040077,9
2026-03-25,XOM,0,0.46326653637353743,0.5292201460103085,0.5199575809431457,0.6704611836069085,0.5457263617334751,9
2026-03-26,AAPL,0,0.46196613989277807,0.4282155609421496,0.4462891187867155,0.3406942611592225,0.41929127019521645,9
2026-03-26,CAT,1,0.5235510212071657,0.5249006051541385,0.5026898292126508,0.48280806232746315,0.5084873794753545,9
2026-03-26,DIS,0,0.45368368224539385,0.45464589861306487,0.46875274459335964,0.3427269363025383,0.42995231543858914,9
2026-03-26,GE,1,0.4969444951916039,0.5452120971956304,0.5142889816735476,0.7174812965302133,0.5684817176477488,9
2026-03-26,GS,1,0.5322891422348763,0.5025457691902937,0.5142889816735476,0.3905050646116036,0.4849072394275803,9
2026-03-26,IBM,0,0.5332393713817946,0.49269934306728685,0.5055320049453268,0.2971735005418096,0.45716105498405446,9
2026-03-26,JPM,1,0.46506639547490025,0.5327205626954093,0.5345385935750786,0.3304908980666043,0.46570411245299814,9
2026-03-26,KO,0,0.43019552905714087,0.4292861502344355,0.4051900016340243,0.5346257947704922,0.4498243689240232,9
2026-03-26,MSFT,0,0.4328845669481981,0.438104398371754,0.473273731447977,0.4320976726243745,0.44409009234807595,9
2026-03-26,UNH,1,0.4851674418458878,0.5311948841759412,0.5485125680050713,0.19019252025878125,0.4387668535714204,9
2026-03-26,WMT,1,0.4619414046356966,0.4634184288822462,0.4470426971546634,0.39627915105214107,0.4421704204311868,9
2026-03-26,XOM,0,0.46307989731147203,0.5437999423939545,0.5421228235193247,0.6966895514905296,0.5614230536788203,9
2026-03-27,AAPL,0,0.45930897549802,0.4348721271438213,0.4462891187867155,0.41332925534274406,0.43844986919282525,9
2026-03-27,CAT,1,0.526857731965607,0.5190246225953111,0.5026898292126508,0.4340804487458148,0.4956631581298459,9
2026-03-27,DIS,1,0.446927622880694,0.4398405788775416,0.4425504891365284,0.34267436987334715,0.41799826519202776,9
2026-03-27,GE,1,0.5028869493634655,0.5512223793815291,0.5142889816735476,0.5469443802901783,0.5288356726771801,9
2026-03-27,GS,1,0.528544779241893,0.508564214816172,0.5142889816735476,0.45127425746550254,0.5006680582992789,9
2026-03-27,IBM,0,0.5236539256405913,0.4905381052234151,0.5055320049453268,0.32044998734734687,0.4600435057891701,9
2026-03-27,JPM,1,0.4698043242110759,0.5304951572054761,0.5345385935750786,0.4663716886644675,0.5003024409140245,9
2026-03-27,KO,0,0.42967808965083204,0.41814656120561516,0.39718003731692114,0.3584737528091534,0.4008696102456304,9
2026-03-27,MSFT,0,0.4319875451789162,0.4402104692626301,0.46025522013269754,0.27579697037881673,0.4020625512382651,9
2026-03-27,UNH,1,0.47837968379323215,0.5549055999841688,0.5485125680050713,0.37126856059785157,0.48826660309508096,9
2026-03-27,WMT,0,0.4630102876419651,0.46311062900046307,0.4470426971546634,0.23672198766314365,0.40247140036505885,9
2026-03-27,XOM,0,0.4593034034399466,0.5704419993618033,0.5924589448142945,0.8172988859179946,0.6098758083835097,9
2026-03-30,AAPL,0,0.4611776606679775,0.4530593214546908,0.45454269132466407,0.47856048911523735,0.46183504064064246,9
2026-03-30,CAT,1,0.5270865480347812,0.5191599317908994,0.5026898292126508,0.49228396995586177,0.5103050697485483,9
2026-03-30,DIS,1,0.4560204781834924,0.4592427485779493,0.4581594266388783,0.2406870713353972,0.4035274311839293,9
2026-03-30,GE,1,0.48279514224375597,0.5663897286337469,0.5142889816735476,0.9284989661790023,0.6229932046825132,9
2026-03-30,GS,0,0.5187377190027749,0.49548564105528614,0.5142889816735476,0.6364683591087683,0.5412451752100942,9
2026-03-30,IBM,0,0.5278200450864647,0.4898694692804689,0.5055320049453268,0.4110082130383075,0.48355743308764204,9
2026-03-30,JPM,1,0.46791891434010013,0.5286815917316465,0.5345385935750786,0.559711347496142,0.5227126117857418,9
2026-03-30,KO,0,0.4222834878613466,0.4183756498753069,0.39718003731692114,0.31792527906809753,0.38894111353041805,9
2026-03-30,MSFT,1,0.43219776910019314,0.4420752727632006,0.4394072937188927,0.38123609936505354,0.423729108736835,9
2026-03-30,UNH,1,0.47758405606946014,0.5483244341828621,0.5485125680050713,0.3512273716332117,0.48141210747265134,9
2026-03-30,WMT,0,0.45223879298504666,0.43818267407157263,0.4446874703494274,0.3023927822360041,0.4093754299105127,9
2026-03-30,XOM,0,0.45116255990704335,0.5784135210360226,0.5884760964329253,0.8018639824635879,0.6049790399598948,9
2026-03-31,AAPL,0,0.46961406357487484,0.4222902989157273,0.4462891187867155,0.3891531756058774,0.43183666422079875,9
2026-03-31,CAT,1,0.5538721395574063,0.5102118348319427,0.48544599997158827,0.63934944603754,0.5472198550996192,9
2026-03-31,DIS,1,0.46444903004637894,0.43638985275430214,0.45162073341923437,0.23941728144975621,0.3979692244174179,9
2026-03-31,GE,1,0.4990061500209539,0.5551732440873648,0.5142889816735476,0.8536208349016853,0.6055223026708879,9
2026-03-31,GS,1,0.5286213369092149,0.520303475715188,0.5142889816735476,0.6125787634990746,0.5439481394492562,9
2026-03-31,IBM,0,0.5250012271761297,0.49061591449334035,0.5055320049453268,0.2774455057300281,0.44964866308620627,9
2026-03-31,JPM,1,0.4908316742996028,0.5301059641090211,0.5345385935750786,0.5471029514815643,0.5256447958663167,9
2026-03-31,KO,0,0.4177489341293269,0.41283312529352656,0.39718003731692114,0.344922727620177,0.3931712060899879,9
2026-03-31,MSFT,1,0.44423162501480606,0.4333689379715525,0.4410050274604315,0.07611994161233278,0.34868138301478074,9
2026-03-31,UNH,0,0.484852718730071,0.5543324720948817,0.5485125680050713,0.3740573882371887,0.4904387867668032,9
2026-03-31,WMT,0,0.4528426110416364,0.43719867482336516,0.4446874703494274,0.3441867796081163,0.41972888395563634,9
2026-03-31,XOM,0,0.4420087410610349,0.5176662040990397,0.5160331135182608,0.7352834534231198,0.5527478780253638,9
2026-04-01,AAPL,1,0.4769121490846426,0.43808195119954785,0.45281435980822465,0.3740808855931511,0.4354723364213915,9
2026-04-01,CAT,0,0.5669744174691489,0.503364506963118,0.5026898292126508,0.3998694874967322,0.4932245602854124,9
2026-04-01,DIS,1,0.47035443390473797,0.43581870341636997,0.4564288505316117,0.21793501353670391,0.3951342503473559,9
2026-04-01,GE,1,0.5235942502581568,0.5479687097935009,0.5274300567761834,0.517134146915602,0.5290317909358607,9
2026-04-01,GS,0,0.5417511732926824,0.5054105983115867,0.5142889816735476,0.5557305263679981,0.5292953199114537,9
2026-04-01,IBM,1,0.5208336118091247,0.48656071476326457,0.5055320049453268,0.2514355596769616,0.4410904727986694,9
2026-04-01,JPM,0,0.4933883162224527,0.5345744794335687,0.5345385935750786,0.6168520306935722,0.5448383549811681,9
2026-04-01,KO,0,0.42141360407727396,0.4263281126341858,0.40351050476425737,0.4733138014556088,0.4311415057328315,9
2026-04-01,MSFT,1,0.4482934903709102,0.44750361905535285,0.44751545103622103,0.0632915379419562,0.3516510246011101,9
2026-04-01,UNH,1,0.4937339726920267,0.5388641757987379,0.5404434969129548,0.21800962929523107,0.44776281867473766,9
2026-04-01,WMT,0,0.4527335710858566,0.43749405215664855,0.4446874703494274,0.37711724181195283,0.42800808385097133,9
2026-04-01,XOM,0,0.4548778775806876,0.4794459024382248,0.467426104851379,0.7417505311790786,0.5358751040123425,9
2026-04-02,AAPL,1,0.4823956850243422,0.4333264272321687,0.45281435980822465,0.3681776417937922,0.4341785284646319,9
2026-04-02,CAT,0,0.568530922688929,0.49171640987886167,0.5026898292126508,0.2645986830841426,0.45688396121614594,9
2026-04-02,DIS,1,0.4741474349506548,0.4305868862057042,0.4564288505316117,0.18776289783834393,0.3872315173815786,9
2026-04-02,GE,0,0.5179005000552216,0.566264278262864,0.5274300567761834,0.6757155470208922,0.5718275955287903,9
2026-04-02,GS,0,0.5422724832376711,0.5132895532334679,0.5142889816735476,0.4787684840314531,0.5121548755440349,9
2026-04-02,IBM,1,0.5228948420503983,0.4812550571310467,0.5055320049453268,0.26720231495612407,0.44422105477072393,9
2026-04-02,JPM,1,0.5050407603136604,0.5218792909213762,0.5345385935750786,0.2725764486027698,0.45850877335322127,9
2026-04-02,KO,0,0.42329364387225915,0.43406027360441896,0.40351050476425737,0.4901822529274196,0.4377616687920888,9
2026-04-02,MSFT,1,0.45274467564269477,0.43176232247909524,0.44579200177431677,0.0422031589534169,0.3431255397123809,9
2026-04-02,UNH,1,0.4937020630794642,0.5519026661398593,0.5404434969129548,0.28061089862196903,0.46666478118856186,9
2026-04-02,WMT,0,0.45543147260695355,0.44358199825313116,0.4512083762733872,0.2857936535599357,0.4090038751733519,9
2026-04-02,XOM,0,0.4681265428624699,0.4906996337352599,0.467426104851379,0.7554851544238418,0.5454343589682377,9
2026-04-06,AAPL,1,0.487899901576662,0.43358586863621784,0.45281435980822465,0.22662419888956803,0.4002310822276681,9
2026-04-06,CAT,0,0.5696573797256749,0.5005964045210574,0.5026898292126508,0.1919864781550382,0.44123252290360526,9
2026-04-06,DIS,1,0.4766042592574048,0.42719702482253064,0.4564288505316117,0.20624352635528448,0.3916184152417079,9
2026-04-06,GE,0,0.5268097807499678,0.5417356020847454,0.4970449402272503,0.5041109847270384,0.5174253269472504,9
2026-04-06,GS,1,0.5398390559089323,0.5167809523414412,0.5142889816735476,0.25572998339645236,0.45665974333009335,9
2026-04-06,IBM,1,0.5166279329777976,0.48376337320612545,0.5055320049453268,0.38635366978235053,0.47306924522790017,9
2026-04-06,JPM,0,0.5033054934250971,0.5379717452541523,0.5345385935750786,0.5813433046839507,0.5392897842345696,9
2026-04-06,KO,0,0.4332715227568854,0.4370653177289072,0.40351050476425737,0.4302128059928464,0.42601503781072414,9
2026-04-06,MSFT,1,0.4545247251625347,0.4162186388283454,0.44579200177431677,0.035390250503452916,0.3379814040671624,9
2026-04-06,UNH,1,0.49717818884893694,0.5581761237691403,0.5404434969129548,0.3411605882103836,0.4842395994353539,9
2026-04-06,WMT,0,0.4517302774475989,0.4544411759222394,0.4512083762733872,0.3698147374888433,0.4317986417830172,9
2026-04-06,XOM,0,0.4807561428358356,0.5145771635640405,0.5245294798578262,0.7351109475548544,0.5637434334531392,9
2026-04-07,AAPL,1,0.4732619575977716,0.4079251024709253,0.4462891187867155,0.3168114834612706,0.4110719155791707,9
2026-04-07,CAT,0,0.5648233354145542,0.4842341156044748,0.5026898292126508,0.488701962345932,0.510112310644403,9
2026-04-07,DIS,1,0.47241573460717856,0.43185333085078714,0.4564288505316117,0.229620361698602,0.39757956942204487,9
2026-04-07,GE,0,0.5273784729413528,0.5555670046907184,0.5274300567761834,0.22330746487772288,0.4584207498214944,9
2026-04-07,GS,1,0.5370221910982887,0.5145571124083651,0.5142889816735476,0.3802813274043554,0.48653740314613925,9
2026-04-07,IBM,1,0.5167812496669658,0.4817774503205473,0.5055320049453268,0.27870640442798533,0.4456992773402063,9
2026-04-07,JPM,0,0.501857782850953,0.5469488291207516,0.5345385935750786,0.658614496530991,0.5604899255194435,9
2026-04-07,KO,0,0.4343299407176375,0.4294352156497028,0.4051900016340243,0.45082569748840934,0.42994521387244344,9
2026-04-07,MSFT,1,0.452470672768909,0.43230031071787217,0.44579200177431677,0.04683397204375511,0.3443492393262133,9
2026-04-07,UNH,1,0.5158754973697897,0.5540639237661649,0.5404434969129548,0.841478720845765,0.6129654097236685,9
2026-04-07,WMT,0,0.45487168537699135,0.4465330103741647,0.4464100890305941,0.36233435391526153,0.42753728467425295,9
2026-04-07,XOM,0,0.46828767884602596,0.5095531011183854,0.5179490209782177,0.8630670138320959,0.5897142036936812,9
2026-04-08,AAPL,1,0.4892947397570069,0.43865946510324133,0.4547767638204122,0.3203665220680485,0.42577437268717727,9
2026-04-08,CAT,0,0.5746160247324698,0.5280835028420848,0.5159253532657565,0.8205988128739485,0.6098059234285649,9
2026-04-08,DIS,0,0.48362662081387686,0.4458020696335983,0.45029418402015137,0.23974374147508232,0.40486665398567717,9
2026-04-08,GE,0,0.5577513830361942,0.5821303253803408,0.5813406579325086,0.8603159382220174,0.6453845761427652,9
2026-04-08,GS,1,0.5457194645906923,0.5530406251604579,0.5251248013013873,0.7421292587486805,0.5915035374503045,9
2026-04-08,IBM,1,0.4999335286750682,0.48615846879787233,0.5055320049453268,0.21996510727169274,0.42789727742249,9
2026-04-08,JPM,0,0.5151426219591864,0.5312208309245537,0.5349405029989583,0.6756611366043763,0.5642412731217687,9
2026-04-08,KO,0,0.44640427704030455,0.42564174565152746,0.40351050476425737,0.3581593155560611,0.40842896075303764,9
2026-04-08,MSFT,1,0.44672528722876204,0.43887245796265884,0.44579200177431677,0.06833908058723463,0.34993220688824306,9
2026-04-08,UNH,1,0.5221356133860076,0.5323543075434236,0.505584374490171,0.7785412012210688,0.5846538741601678,9
2026-04-08,WMT,1,0.4753308163259163,0.4677597709144399,0.4486459750224157,0.23634561142404067,0.40702054342170313,9
2026-04-08,XOM,0,0.4669368774740389,0.4634304303691253,0.4418149979025817,0.9430313821568062,0.578803421975638,9
2026-04-09,AAPL,0,0.49700050874045987,0.43931704807664784,0.4547767638204122,0.37651605391350096,0.4419025936377552,9
2026-04-09,CAT,1,0.5748985516667294,0.5276521225434995,0.5325686600386667,0.7831117293388891,0.6045577658969462,9
2026-04-09,DIS,0,0.4886476808035297,0.4577753274448447,0.45682967085292336,0.2702909089134096,0.41838589700367684,9
2026-04-09,GE,0,0.5627817185773266,0.5814706478450397,0.5813406579325086,0.7775244459792008,0.6257793675835189,9
2026-04-09,GS,1,0.5532356425867307,0.5306194913702462,0.5251248013013873,0.6238269357372703,0.5582017177489087,9
2026-04-09,IBM,1,0.4986704498482039,0.48174977040009226,0.5055320049453268,0.24903879590421343,0.43374775527445913,9
2026-04-09,JPM,0,0.5263024539121103,0.5306475879903629,0.5349405029989583,0.5589854006527869,0.5377189863885545,9
2026-04-09,KO,0,0.44786731837793947,0.4395789509205418,0.40351050476425737,0.2515606122688123,0.3856293465828877,9
2026-04-09,MSFT,1,0.45148528341482186,0.434193382715552,0.44579200177431677,0.06847601012602836,0.34998666950767976,9
2026-04-09,UNH,1,0.5278167260744508,0.5447703810265508,0.5164317941169028,0.5622456706835395,0.537816142975361,9
2026-04-09,WMT,1,0.47788410464233516,0.4713432117923343,0.4486459750224157,0.1863221464591553,0.3960488594790601,9
2026-04-09,XOM,0,0.4678833598542374,0.48408239245648615,0.45814497237203855,0.8898726365399491,0.5749958403056779,9
2026-04-10,AAPL,1,0.4949591044066332,0.4397011891851884,0.4547767638204122,0.35667896364608104,0.43652900526457866,9
2026-04-10,CAT,1,0.5834377788522659,0.5224404818054358,0.5325686600386667,0.5769278796135678,0.5538437000774841,9
2026-04-10,DIS,0,0.49160827742363233,0.4575416452097739,0.45682967085292336,0.19173346197062882,0.39942826386423963,9
2026-04-10,GE,0,0.5711678483155262,0.5467814295713432,0.5577421664756296,0.3037902097093842,0.4948704135179708,9
2026-04-10,GS,1,0.5556413869459649,0.5453594261993338,0.5374477164366388,0.48731432129415786,0.5314407127190238,9
2026-04-10,IBM,0,0.49510154700763925,0.47655871724717186,0.4963590499322985,0.49848683035516317,0.49162653613556817,9
2026-04-10,JPM,0,0.5268558991821798,0.5376422001117869,0.5349405029989583,0.5358018251916258,0.5338101068711377,9
2026-04-10,KO,1,0.4541859724610753,0.4293346273064788,0.40351050476425737,0.28643341098074554,0.39336612887813927,9
2026-04-10,MSFT,0,0.4526116923837948,0.44700002541889905,0.44751545103622103,0.06876783024895826,0.35397374977196827,9
2026-04-10,UNH,1,0.524441172291623,0.5226523251066526,0.505584374490171,0.4177129179808878,0.4925976974673337,9
2026-04-10,WMT,1,0.4793253232257865,0.47576294355956145,0.4486459750224157,0.36423017514088285,0.4419911042371616,9
2026-04-10,XOM,0,0.46405438737094407,0.49848364254993893,0.45814497237203855,0.8598911057628731,0.5701435270139487,9
2026-04-13,AAPL,0,0.4915393682544967,0.44457757085317917,0.4565063366140168,0.4191729484187474,0.45294905603511,9
2026-04-13,CAT,1,0.583987913197939,0.5209928897260839,0.5325686600386667,0.5057546935227585,0.535826039121362,9
2026-04-13,DIS,0,0.49774785037678054,0.461564772361897,0.46939016840331277,0.3721427933738724,0.45021139612896566,9
2026-04-13,GE,0,0.5684359617854375,0.5171441802760379,0.5281865913860524,0.6353049401489017,0.5622679183991074,9
2026-04-13,GS,0,0.5186171531292868,0.5745210706519153,0.5412559476720034,0.7386746020329125,0.5932671933715294,9
2026-04-13,IBM,0,0.5064632929209034,0.4818341468738563,0.5055320049453268,0.33934456959903236,0.4582935035847797,9
2026-04-13,JPM,0,0.5237931369792396,0.5704874387369735,0.5641629475991936,0.5754929236218688,0.5584841117343189,9
2026-04-13,KO,1,0.45327284373313814,0.4394382464628249,0.4051900016340243,0.4575931393115293,0.4388735577853792,9
2026-04-13,MSFT,1,0.4639181808074883,0.43440030128825413,0.4416360865817951,0.06735553784100212,0.3518275266296349,9
2026-04-13,UNH,1,0.5330452297604407,0.5772317352333023,0.5351926230876533,0.5192221317422612,0.5411729299559144,9
2026-04-13,WMT,1,0.47247272296766424,0.48665029752099287,0.4503714915362585,0.6124831996715875,0.5054944279241258,9
2026-04-13,XOM,1,0.4620137236741201,0.5046939976796383,0.48570629891698947,0.8741048202699391,0.5816297101351717,9
2026-04-14,AAPL,0,0.48375550091897584,0.4265800969842801,0.4482464095300613,0.39560029425787097,0.43854557542279704,9
2026-04-14,CAT,1,0.5837893877561107,0.5161748255421298,0.5325686600386667,0.45589879357894464,0.522107916728963,9
2026-04-14,DIS,0,0.4968572449267757,0.45451093447684554,0.46282810259064266,0.4162222517942351,0.45760463344712476,9
2026-04-14,GE,0,0.5749816618358329,0.508830307030097,0.5281865913860524,0.7221520331182532,0.583537648342559,9
2026-04-14,GS,0,0.5390447179457768,0.5669221715363743,0.5374477164366388,0.7639137156220922,0.6018320803852205,9
2026-04-14,IBM,0,0.512985158834176,0.4707388628616761,0.5055320049453268,0.19170483710383607,0.4202402159362537,9
2026-04-14,JPM,0,0.5160448737504194,0.5582395091416918,0.5645601147961856,0.6232030051564132,0.5655118757111776,9
2026-04-14,KO,1,0.4537910518531628,0.43909943987771466,0.4051900016340243,0.3961978782766142,0.42356959291037904,9
2026-04-14,MSFT,1,0.47107046652960544,0.42017439667617457,0.4416360865817951,0.16887001771821433,0.37543774187644735,9
2026-04-14,UNH,1,0.5325916531974038,0.5619194641458438,0.5713994227893445,0.42832376933158656,0.5235585773660447,9
2026-04-14,WMT,1,0.4697666854995481,0.4727378155967715,0.4470426971546634,0.28936789491956144,0.41972877329263614,9
2026-04-14,XOM,1,0.4557477612613195,0.4988653977319092,0.455583391692465,0.8953822996079849,0.5763947125734197,9
2026-04-15,AAPL,1,0.4906750948409845,0.42333524351662444,0.4482464095300613,0.3749452574954116,0.4343005013457704,9
2026-04-15,CAT,1,0.575600650575438,0.5234632437774872,0.5325686600386667,0.5917204161477483,0.5558382426348351,9
2026-04-15,DIS,0,0.5031682029315925,0.4644100813166605,0.46939016840331277,0.3940653280615258,0.4577584451782729,9
2026-04-15,GE,0,0.5687444734916538,0.5120992588538447,0.5281865913860524,0.3748205352870749,0.4959627147546564,9
2026-04-15,GS,0,0.5399620337332669,0.55080493690061,0.5374477164366388,0.597935070587632,0.5565374394145369,9
2026-04-15,IBM,0,0.5134473061246335,0.46958703509138217,0.5055320049453268,0.23286013037729797,0.43035661913466006,9
2026-04-15,JPM,0,0.5182993505597909,0.5281542371068422,0.5349405029989583,0.3794036060768584,0.49019942418561246,9
2026-04-15,KO,1,0.44523440515585566,0.43938770063526855,0.3988508038839652,0.4251181364853257,0.4271477615401038,9
2026-04-15,MSFT,1,0.4791824543812997,0.43297125917054446,0.4416360865817951,0.6061434283227772,0.4899833071141041,9
2026-04-15,UNH,1,0.5305397972243188,0.5453792532595844,0.5351926230876533,0.38309122694197467,0.4985507251283828,9
2026-04-15,WMT,0,0.4700265650095968,0.4842600833857003,0.4487670663453819,0.6006051010308149,0.5009147039428734,9
2026-04-15,XOM,1,0.4566739254107755,0.497567079025791,0.45577553976307694,0.805123549249959,0.5537850233624007,9
2026-04-16,AAPL,1,0.4920841271453488,0.4272329553014978,0.4482464095300613,0.3009028763931847,0.41711659209252316,9
2026-04-16,CAT,1,0.5819957565886817,0.5128167635530416,0.5273401419100427,0.32713941988558076,0.48732302048433673,9
2026-04-16,DIS,0,0.499076726282096,0.46025205748305326,0.46939016840331277,0.4390968387293487,0.46695394772445264,9
2026-04-16,GE,1,0.5543764590566982,0.5555038593435946,0.5577421664756296,0.8500827154506863,0.6294263000816521,9
2026-04-16,GS,0,0.5429768987291294,0.5388569163040393,0.5374477164366388,0.5244845659302265,0.5359415243500084,9
2026-04-16,IBM,0,0.510104521387183,0.49008821613313,0.5055320049453268,0.37619350112752387,0.47047956089829096,9
2026-04-16,JPM,0,0.5256020108518258,0.5292297424478523,0.5349405029989583,0.4074567066123292,0.4993072407277414,9
2026-04-16,KO,1,0.4526858773940285,0.44618344730896486,0.4051900016340243,0.6476620580375022,0.48793034609362995,9
2026-04-16,MSFT,0,0.48608357892977433,0.43397124139998944,0.4416360865817951,0.566033507848444,0.48193110369000075,9
2026-04-16,UNH,1,0.5302692416895215,0.5549096636441165,0.5713994227893445,0.39725367238660825,0.5134580001273977,9
2026-04-16,WMT,0,0.47037548869144025,0.4834040657595877,0.4487670663453819,0.6881582722333188,0.5226762232574322,9
2026-04-16,XOM,1,0.460751045101334,0.5022109712076434,0.46469807989819367,0.8450954558488383,0.5681888880140024,9
2026-04-17,AAPL,0,0.4912286521393651,0.47422887904080363,0.47823213144992505,0.5257701524107102,0.49236495376020106,9
2026-04-17,CAT,1,0.5817532034797066,0.5200338420716402,0.5325686600386667,0.707825572990513,0.5855453196451316,9
2026-04-17,DIS,0,0.5029319176593288,0.4575087553389537,0.46282810259064266,0.40188780229245635,0.45628914447034535,9
2026-04-17,GE,1,0.5561490558765183,0.5583945514270122,0.5577421664756296,0.8612807427122574,0.6333916291228543,9
2026-04-17,GS,0,0.5399709856098588,0.5573772777924864,0.5374477164366388,0.7444319534414785,0.5948069833201155,9
2026-04-17,IBM,0,0.5101718194043721,0.4859458888784891,0.5055320049453268,0.3237385185289433,0.4563470579392829,9
2026-04-17,JPM,1,0.5145561840810404,0.5267548002424338,0.5349405029989583,0.3772001036799458,0.4883628977505946,9
2026-04-17,KO,1,0.4407535969137792,0.4438125825457092,0.4051900016340243,0.36489979234734393,0.4136639933602142,9
2026-04-17,MSFT,0,0.484584553440565,0.4414722468961603,0.4715575355560841,0.6541343793044382,0.5129371787993119,9
2026-04-17,UNH,1,0.5333877811904896,0.5972070955965794,0.5713994227893445,0.4396596080520323,0.5354134769071115,9
2026-04-17,WMT,0,0.4763837846035918,0.4695300799046212,0.4486459750224157,0.30383754804611585,0.4245993468941861,9
2026-04-17,XOM,1,0.44530635146047226,0.4659953073021626,0.4860514119488828,0.9590514323351645,0.5891011257616705,9
2026-04-20,AAPL,1,0.5064163516068257,0.5112763489966272,0.5052294807574625,0.45975370708831875,0.49566897211230854,9
2026-04-20,CAT,1,0.5950887790245355,0.4948860950637009,0.5325686600386667,0.26332444056821364,0.47146699367377914,9
2026-04-20,DIS,0,0.5096138462823161,0.4760248041254279,0.46939016840331277,0.33063290300797105,0.44641543045475696,9
2026-04-20,GE,0,0.5678048525006512,0.5325408840295263,0.5281865913860524,0.58873410919163,0.5543166092769649,9
2026-04-20,GS,0,0.5475261602512678,0.5736845613045202,0.5374477164366388,0.7154192316585128,0.593519417412735,9
2026-04-20,IBM,0,0.5124433979344948,0.48960669233478293,0.5055320049453268,0.48728954810452046,0.49871791082978123,9
2026-04-20,JPM,1,0.52175390369012,0.5466023798923365,0.5645601147961856,0.30273601059314836,0.4839131022429476,9
2026-04-20,KO,1,0.44794846794395216,0.4386871200062529,0.4051900016340243,0.3781248370504316,0.4174876066586652,9
2026-04-20,MSFT,0,0.4954283893107378,0.44905542614743627,0.4481483575122709,0.16527124894076123,0.38947585547780156,9
2026-04-20,UNH,1,0.534753015652493,0.5805108190128837,0.5713994227893445,0.5885742413902036,0.5688093747112313,9
2026-04-20,WMT,0,0.4800530733075153,0.4812862610867322,0.4551773482162185,0.2265271837967872,0.4107609666018133,9
2026-04-20,XOM,1,0.4588417969615022,0.5061827869272031,0.4926407735309187,0.8986407811081814,0.5890765346319513,9
2026-04-21,AAPL,1,0.49879487067835465,0.4622820703076636,0.4486459750224157,0.37939745085710097,0.4472800917163837,9
2026-04-21,CAT,1,0.5873637793722851,0.5108737104017977,0.5325686600386667,0.5498385121839499,0.5451611654991748,9
2026-04-21,DIS,0,0.5073434245280188,0.4819926381072038,0.4691357002821781,0.38543949853342735,0.460977815362707,9
2026-04-21,GE,0,0.5385353133333137,0.5605539410918036,0.5849860132393526,0.7090445446259311,0.5982799530726002,9
2026-04-21,GS,0,0.5558947933469989,0.5423436295309242,0.5374477164366388,0.4460745198313077,0.5204401647864674,9
2026-04-21,IBM,0,0.5108611079291119,0.5045668666464617,0.5055320049453268,0.6416897304049974,0.5406624274814744,9
2026-04-21,JPM,0,0.5329916435122183,0.5258529523482667,0.5561344040352717,0.41891312648933027,0.5084730315962718,9
2026-04-21,KO,1,0.4480042286432275,0.4436644387733259,0.4051900016340243,0.35566146943608523,0.41313003462166575,9
2026-04-21,MSFT,0,0.49643822225461176,0.5002255819736756,0.5019298570504518,0.1443346183859288,0.410732069916167,9
2026-04-21,UNH,1,0.540242673702128,0.5891941738920854,0.5204550091142663,0.18225308500811738,0.4580362354291493,9
2026-04-21,WMT,1,0.4833123771834793,0.5131947922250456,0.5056332920929809,0.2876442511150179,0.4474461781541309,9
2026-04-21,XOM,1,0.4548289265664452,0.5048130962171239,0.4926407735309187,0.782806117939819,0.5587722285635767,9
2026-04-22,AAPL,1,0.508299061357757,0.5034145785598064,0.4990410813481646,0.3689074559571111,0.46991554430570975,9
2026-04-22,CAT,1,0.5865983399477381,0.5049157861555257,0.5325686600386667,0.4339494201252453,0.514508051566794,9
2026-04-22,DIS,0,0.5091572699842252,0.4730243261135407,0.46939016840331277,0.35309217302090135,0.451165984380495,9
2026-04-22,GE,0,0.5333653667611569,0.5683152110066442,0.5849860132393526,0.6009903087498875,0.5719142249392603,9
2026-04-22,GS,0,0.55671874954309,0.5296981048182302,0.5374477164366388,0.4545360196590996,0.5196001476142647,9
2026-04-22,IBM,0,0.48203441754185206,0.5219364956891268,0.530509902949038,0.7394593235489233,0.568485034932235,9
2026-04-22,JPM,1,0.5364357306157481,0.5139658145249788,0.5349405029989583,0.4257165209859708,0.502764642281414,9
2026-04-22,KO,1,0.44961430680397446,0.43211189177555875,0.4051900016340243,0.37567186061126034,0.41564701520620445,9
2026-04-22,MSFT,0,0.5049037949334513,0.5180775579725344,0.5177370803910291,0.15321006119529312,0.42348212362307697,9
2026-04-22,UNH,0,0.5628635208965164,0.5881336805534629,0.6430478414526756,0.7000684690914507,0.6235283779985263,9
2026-04-22,WMT,1,0.4796897096646777,0.48335656417170536,0.4551773482162185,0.2863454865397666,0.42614227714809205,9
2026-04-22,XOM,1,0.45500625440882697,0.4967869400916311,0.46296390845560387,0.6765560361357144,0.5228282847729441,9
